path,file,lang,label,split,sr,channels,subtype,duration,md5
NLP Dataset/Tamil/Depressed/Train_set/D_A00_1-1.wav,D_A00_1-1.wav,Tamil,Depressed,train,16000,1,PCM_16,5.6875,b70bb6cbcf4e709e84f764f28a6603c4
NLP Dataset/Tamil/Depressed/Train_set/D_A00_1-2.wav,D_A00_1-2.wav,Tamil,Depressed,train,16000,1,PCM_16,5.8125,1c67902f8a29291540fe3460190cecc0
NLP Dataset/Tamil/Depressed/Train_set/D_A00_1-3.wav,D_A00_1-3.wav,Tamil,Depressed,train,16000,1,PCM_16,5.21875,133210a95e95effe89b8459ef488c745
NLP Dataset/Tamil/Depressed/Train_set/D_A00_1-4.wav,D_A00_1-4.wav,Tamil,Depressed,train,16000,1,PCM_16,5.5625,2823e88dbaf62664598598ddab6b1810
NLP Dataset/Tamil/Depressed/Train_set/D_A00_10-1.wav,D_A00_10-1.wav,Tamil,Depressed,train,16000,1,PCM_16,6.75,128a29d946bb8a818ac4c2d7575aa836
NLP Dataset/Tamil/Depressed/Train_set/D_A00_10-2.wav,D_A00_10-2.wav,Tamil,Depressed,train,16000,1,PCM_16,6.28125,99669bf68a6a889b205cd283978fc301
NLP Dataset/Tamil/Depressed/Train_set/D_A00_10-3.wav,D_A00_10-3.wav,Tamil,Depressed,train,16000,1,PCM_16,7.3125,68b230bcc328137b78e9c4ebefd3efe7
NLP Dataset/Tamil/Depressed/Train_set/D_A00_10-4.wav,D_A00_10-4.wav,Tamil,Depressed,train,16000,1,PCM_16,6.5,e13118fd6f3285215b7eb60759e4a8d4
NLP Dataset/Tamil/Depressed/Train_set/D_A00_11-1.wav,D_A00_11-1.wav,Tamil,Depressed,train,16000,1,PCM_16,7.8125,8e2e9cc6dc83da951c2e007a97bb5a80
NLP Dataset/Tamil/Depressed/Train_set/D_A00_11-2.wav,D_A00_11-2.wav,Tamil,Depressed,train,16000,1,PCM_16,6.84375,2335f7341c1ce5c4c56f553ed00d611d
NLP Dataset/Tamil/Depressed/Train_set/D_A00_11-3.wav,D_A00_11-3.wav,Tamil,Depressed,train,16000,1,PCM_16,7.21875,0e2215dbf5ad05a1074a37c2b6b6ec9f
NLP Dataset/Tamil/Depressed/Train_set/D_A00_11-4.wav,D_A00_11-4.wav,Tamil,Depressed,train,16000,1,PCM_16,8.3125,dcced8d7d3ccffdf6a6c80dcf0f8a428
NLP Dataset/Tamil/Depressed/Train_set/D_A00_12-1.wav,D_A00_12-1.wav,Tamil,Depressed,train,16000,1,PCM_16,7.25,1e85cbe4ccc692d27fdee5371e1a235a
NLP Dataset/Tamil/Depressed/Train_set/D_A00_12-2.wav,D_A00_12-2.wav,Tamil,Depressed,train,16000,1,PCM_16,6.84375,78956a802144d42d02bf97e23df46c30
NLP Dataset/Tamil/Depressed/Train_set/D_A00_12-3.wav,D_A00_12-3.wav,Tamil,Depressed,train,16000,1,PCM_16,7.09375,916d538dd86e3277ab43871baf1db93a
NLP Dataset/Tamil/Depressed/Train_set/D_A00_12-4.wav,D_A00_12-4.wav,Tamil,Depressed,train,16000,1,PCM_16,7.4375,7cddafc5fe04fd700fc2ca46e8b57187
NLP Dataset/Tamil/Depressed/Train_set/D_A00_13-1.wav,D_A00_13-1.wav,Tamil,Depressed,train,16000,1,PCM_16,5.125,706bc9f82599d7860d7bbc63bc2f2664
NLP Dataset/Tamil/Depressed/Train_set/D_A00_13-2.wav,D_A00_13-2.wav,Tamil,Depressed,train,16000,1,PCM_16,6.25,c359d117e75074f94616f6a3796b28d7
NLP Dataset/Tamil/Depressed/Train_set/D_A00_13-3.wav,D_A00_13-3.wav,Tamil,Depressed,train,16000,1,PCM_16,5.71875,f0312bb8e27ea75c02417cbcf91dc2f5
NLP Dataset/Tamil/Depressed/Train_set/D_A00_13-4.wav,D_A00_13-4.wav,Tamil,Depressed,train,16000,1,PCM_16,5.1875,fb1bca4cf33b5c8fddcaf7a01a2fcf81
NLP Dataset/Tamil/Depressed/Train_set/D_A00_14-1.wav,D_A00_14-1.wav,Tamil,Depressed,train,16000,1,PCM_16,6.03125,00c9b5a0df484ff4dcaac9d758ea6742
NLP Dataset/Tamil/Depressed/Train_set/D_A00_14-2.wav,D_A00_14-2.wav,Tamil,Depressed,train,16000,1,PCM_16,6.4375,966c48818cc7bce65892a409cf1dd8ab
NLP Dataset/Tamil/Depressed/Train_set/D_A00_14-3.wav,D_A00_14-3.wav,Tamil,Depressed,train,16000,1,PCM_16,6.96875,fa3856d29f26e094d37e6061a41ea35b
NLP Dataset/Tamil/Depressed/Train_set/D_A00_14-4.wav,D_A00_14-4.wav,Tamil,Depressed,train,16000,1,PCM_16,7.0,72817ebdd7bd25eb3ffb44e326309cb0
NLP Dataset/Tamil/Depressed/Train_set/D_A00_15-1.wav,D_A00_15-1.wav,Tamil,Depressed,train,16000,1,PCM_16,8.125,ff5de035dc45d7c68818a08d031353db
NLP Dataset/Tamil/Depressed/Train_set/D_A00_15-2.wav,D_A00_15-2.wav,Tamil,Depressed,train,16000,1,PCM_16,8.09375,0f757f31467deb81781a390b3589dda6
NLP Dataset/Tamil/Depressed/Train_set/D_A00_15-3.wav,D_A00_15-3.wav,Tamil,Depressed,train,16000,1,PCM_16,8.6875,fd75d9b3c3a19d8e0e17ba23cf8fbc20
NLP Dataset/Tamil/Depressed/Train_set/D_A00_15-4.wav,D_A00_15-4.wav,Tamil,Depressed,train,16000,1,PCM_16,9.125,af425c5adfd4a5bae28353afbe94da2e
NLP Dataset/Tamil/Depressed/Train_set/D_A00_16-1.wav,D_A00_16-1.wav,Tamil,Depressed,train,16000,1,PCM_16,7.875,65ffa076e9ee261aadc05596db4f6c6e
NLP Dataset/Tamil/Depressed/Train_set/D_A00_16-2.wav,D_A00_16-2.wav,Tamil,Depressed,train,16000,1,PCM_16,7.34375,a5cc965e158d2867759b078b5bb608b0
NLP Dataset/Tamil/Depressed/Train_set/D_A00_16-3.wav,D_A00_16-3.wav,Tamil,Depressed,train,16000,1,PCM_16,6.8125,5cff5ea0655cfa3b7ce225ee4f805fbc
NLP Dataset/Tamil/Depressed/Train_set/D_A00_16-4.wav,D_A00_16-4.wav,Tamil,Depressed,train,16000,1,PCM_16,6.65625,e234f367c427700c4abb4e96e51112ed
NLP Dataset/Tamil/Depressed/Train_set/D_A00_17-1.wav,D_A00_17-1.wav,Tamil,Depressed,train,16000,1,PCM_16,6.0625,661628d685e64cc53bfdf38c171ad5c2
NLP Dataset/Tamil/Depressed/Train_set/D_A00_17-2.wav,D_A00_17-2.wav,Tamil,Depressed,train,16000,1,PCM_16,6.21875,0058407c68522e5350388c2271b3d10c
NLP Dataset/Tamil/Depressed/Train_set/D_A00_17-3.wav,D_A00_17-3.wav,Tamil,Depressed,train,16000,1,PCM_16,6.15625,f1189ad426df79bf1992f29d2222e26c
NLP Dataset/Tamil/Depressed/Train_set/D_A00_17-4.wav,D_A00_17-4.wav,Tamil,Depressed,train,16000,1,PCM_16,6.90625,a740bb8bef8a2f7f11139512e09cbf58
NLP Dataset/Tamil/Depressed/Train_set/D_A00_18-1.wav,D_A00_18-1.wav,Tamil,Depressed,train,16000,1,PCM_16,6.125,014a86340ea2bc019d8e62433eef9ade
NLP Dataset/Tamil/Depressed/Train_set/D_A00_18-2.wav,D_A00_18-2.wav,Tamil,Depressed,train,16000,1,PCM_16,6.6875,9b0defd94d7c307000957aca5d6a5d7d
NLP Dataset/Tamil/Depressed/Train_set/D_A00_18-3.wav,D_A00_18-3.wav,Tamil,Depressed,train,16000,1,PCM_16,6.375,1d7f1cc115961d1cd7189305917b2dac
NLP Dataset/Tamil/Depressed/Train_set/D_A00_18-4.wav,D_A00_18-4.wav,Tamil,Depressed,train,16000,1,PCM_16,6.875,2bbb21405b08165f9e977f020511058d
NLP Dataset/Tamil/Depressed/Train_set/D_A00_19-1.wav,D_A00_19-1.wav,Tamil,Depressed,train,16000,1,PCM_16,8.625,2368bfad6d0b6ec7c918329bbadecdf9
NLP Dataset/Tamil/Depressed/Train_set/D_A00_19-2.wav,D_A00_19-2.wav,Tamil,Depressed,train,16000,1,PCM_16,8.78125,a4e0ba72adf2cf84536774fe7afb3221
NLP Dataset/Tamil/Depressed/Train_set/D_A00_19-3.wav,D_A00_19-3.wav,Tamil,Depressed,train,16000,1,PCM_16,9.65625,3435c5797a14c71865ef9eeefac3d9ae
NLP Dataset/Tamil/Depressed/Train_set/D_A00_19-4.wav,D_A00_19-4.wav,Tamil,Depressed,train,16000,1,PCM_16,8.59375,b3b25761241f9b044bae11187fb1d139
NLP Dataset/Tamil/Depressed/Train_set/D_A00_2-1.wav,D_A00_2-1.wav,Tamil,Depressed,train,16000,1,PCM_16,5.15625,1f5dc8f7c5683dc5c1d31d345edfbd09
NLP Dataset/Tamil/Depressed/Train_set/D_A00_2-2.wav,D_A00_2-2.wav,Tamil,Depressed,train,16000,1,PCM_16,5.0625,ce55f16e581d535ee0d08543e2e98621
NLP Dataset/Tamil/Depressed/Train_set/D_A00_2-3.wav,D_A00_2-3.wav,Tamil,Depressed,train,16000,1,PCM_16,5.0625,48c1c5a260c4f682a68d9a03e79702ec
NLP Dataset/Tamil/Depressed/Train_set/D_A00_2-4.wav,D_A00_2-4.wav,Tamil,Depressed,train,16000,1,PCM_16,5.15625,652ef5d302da2b32ffa7053d8a4e38a8
NLP Dataset/Tamil/Depressed/Train_set/D_A00_20-1.wav,D_A00_20-1.wav,Tamil,Depressed,train,16000,1,PCM_16,5.03125,7abeb24944fff3d6d6f2f6079f681cf3
NLP Dataset/Tamil/Depressed/Train_set/D_A00_20-2.wav,D_A00_20-2.wav,Tamil,Depressed,train,16000,1,PCM_16,5.9375,762b8de4155fbf5d0a81c06a54d2dbe0
NLP Dataset/Tamil/Depressed/Train_set/D_A00_20-3.wav,D_A00_20-3.wav,Tamil,Depressed,train,16000,1,PCM_16,5.5,b40e124829fdd78b6551940642d9c643
NLP Dataset/Tamil/Depressed/Train_set/D_A00_20-4.wav,D_A00_20-4.wav,Tamil,Depressed,train,16000,1,PCM_16,5.9375,257c984690f16748d8bedab015c7731b
NLP Dataset/Tamil/Depressed/Train_set/D_A00_3-1.wav,D_A00_3-1.wav,Tamil,Depressed,train,16000,1,PCM_16,5.0,efc27eb0f442db6857eb8f1fae576f77
NLP Dataset/Tamil/Depressed/Train_set/D_A00_3-2.wav,D_A00_3-2.wav,Tamil,Depressed,train,16000,1,PCM_16,6.1875,32c09a627cf6347b614416e90b47287c
NLP Dataset/Tamil/Depressed/Train_set/D_A00_3-3.wav,D_A00_3-3.wav,Tamil,Depressed,train,16000,1,PCM_16,5.84375,c2924f80f06ae7116bffdb8d96343732
NLP Dataset/Tamil/Depressed/Train_set/D_A00_3-4.wav,D_A00_3-4.wav,Tamil,Depressed,train,16000,1,PCM_16,5.59375,c4d81ef47c07f102d061a6056edee4e8
NLP Dataset/Tamil/Depressed/Train_set/D_A00_4-1.wav,D_A00_4-1.wav,Tamil,Depressed,train,16000,1,PCM_16,6.25,5c29bd25fc704344907ea86545d4f5ca
NLP Dataset/Tamil/Depressed/Train_set/D_A00_4-2.wav,D_A00_4-2.wav,Tamil,Depressed,train,16000,1,PCM_16,5.5625,ce0c6a42419ca3d0fbaa13979e316f01
NLP Dataset/Tamil/Depressed/Train_set/D_A00_4-3.wav,D_A00_4-3.wav,Tamil,Depressed,train,16000,1,PCM_16,5.4375,0260dc806f08eee260f410e905805247
NLP Dataset/Tamil/Depressed/Train_set/D_A00_4-4.wav,D_A00_4-4.wav,Tamil,Depressed,train,16000,1,PCM_16,5.40625,61bee153ec8f04e8b0864afa844641df
NLP Dataset/Tamil/Depressed/Train_set/D_A00_5-1.wav,D_A00_5-1.wav,Tamil,Depressed,train,16000,1,PCM_16,6.5,96f73bb940343ecd5f73068abf66ede2
NLP Dataset/Tamil/Depressed/Train_set/D_A00_5-2.wav,D_A00_5-2.wav,Tamil,Depressed,train,16000,1,PCM_16,6.34375,10118b132b85805253ca0f13529a90c7
NLP Dataset/Tamil/Depressed/Train_set/D_A00_5-3.wav,D_A00_5-3.wav,Tamil,Depressed,train,16000,1,PCM_16,6.59375,e7bcdb4f2a5740f2e45f93f2ef56ed30
NLP Dataset/Tamil/Depressed/Train_set/D_A00_5-4.wav,D_A00_5-4.wav,Tamil,Depressed,train,16000,1,PCM_16,6.1875,cd805a235c1cf555f020c2d44eaadafe
NLP Dataset/Tamil/Depressed/Train_set/D_A00_6-1.wav,D_A00_6-1.wav,Tamil,Depressed,train,16000,1,PCM_16,5.84375,0aa248d255ef1592d7849620fdb5c9a9
NLP Dataset/Tamil/Depressed/Train_set/D_A00_6-2.wav,D_A00_6-2.wav,Tamil,Depressed,train,16000,1,PCM_16,7.5625,42e3bdb62187f77713c311a08f0b38db
NLP Dataset/Tamil/Depressed/Train_set/D_A00_6-3.wav,D_A00_6-3.wav,Tamil,Depressed,train,16000,1,PCM_16,6.03125,a161d4fea3ba328057721891a21e2b8d
NLP Dataset/Tamil/Depressed/Train_set/D_A00_6-4.wav,D_A00_6-4.wav,Tamil,Depressed,train,16000,1,PCM_16,6.28125,35b6141697d03841c7e7dfab04403cf5
NLP Dataset/Tamil/Depressed/Train_set/D_A00_7-1.wav,D_A00_7-1.wav,Tamil,Depressed,train,16000,1,PCM_16,5.90625,9569f06853fd28996b6d75b52384e3d8
NLP Dataset/Tamil/Depressed/Train_set/D_A00_7-2.wav,D_A00_7-2.wav,Tamil,Depressed,train,16000,1,PCM_16,5.84375,bfedc42e43996fc875cbfca866d43fe1
NLP Dataset/Tamil/Depressed/Train_set/D_A00_7-3.wav,D_A00_7-3.wav,Tamil,Depressed,train,16000,1,PCM_16,6.5625,eb2ddc9a8a7050b006a2f1ca0b2bb1eb
NLP Dataset/Tamil/Depressed/Train_set/D_A00_7-4.wav,D_A00_7-4.wav,Tamil,Depressed,train,16000,1,PCM_16,6.3125,b859920453ba6eee1100474b8421ff55
NLP Dataset/Tamil/Depressed/Train_set/D_A00_8-1.wav,D_A00_8-1.wav,Tamil,Depressed,train,16000,1,PCM_16,7.6875,a1ddd4cc6daeaea8271a58f4b0aa69eb
NLP Dataset/Tamil/Depressed/Train_set/D_A00_8-2.wav,D_A00_8-2.wav,Tamil,Depressed,train,16000,1,PCM_16,6.3125,6914ceb035adb0d0c128185571e38938
NLP Dataset/Tamil/Depressed/Train_set/D_A00_8-3.wav,D_A00_8-3.wav,Tamil,Depressed,train,16000,1,PCM_16,6.5,d2f55cfea56554c874a91584ab252a96
NLP Dataset/Tamil/Depressed/Train_set/D_A00_8-4.wav,D_A00_8-4.wav,Tamil,Depressed,train,16000,1,PCM_16,7.25,b0c9bd33ce32da2801373527b77d8655
NLP Dataset/Tamil/Depressed/Train_set/D_A00_9-1.wav,D_A00_9-1.wav,Tamil,Depressed,train,16000,1,PCM_16,5.46875,f2bfdd9b061fbbcc46677c6e3be23b7e
NLP Dataset/Tamil/Depressed/Train_set/D_A00_9-2.wav,D_A00_9-2.wav,Tamil,Depressed,train,16000,1,PCM_16,5.09375,6fc7b0b244b67a7d5b75d132f0bf9447
NLP Dataset/Tamil/Depressed/Train_set/D_A00_9-3.wav,D_A00_9-3.wav,Tamil,Depressed,train,16000,1,PCM_16,5.125,8f46a64383ce3f0b22fbed804364b8ed
NLP Dataset/Tamil/Depressed/Train_set/D_A00_9-4.wav,D_A00_9-4.wav,Tamil,Depressed,train,16000,1,PCM_16,5.03125,5177cc09607955191261dd8ae1d47cf5
NLP Dataset/Tamil/Depressed/Train_set/D_F1001-1.wav,D_F1001-1.wav,Tamil,Depressed,train,16000,2,PCM_16,8.96875,3c32490f55f0f677ffea7ce35d8c5775
NLP Dataset/Tamil/Depressed/Train_set/D_F10010-1.wav,D_F10010-1.wav,Tamil,Depressed,train,16000,1,PCM_16,4.9375,0884b5e0ba38ab610632bd2981ed7f02
NLP Dataset/Tamil/Depressed/Train_set/D_F10010-2.wav,D_F10010-2.wav,Tamil,Depressed,train,16000,1,PCM_16,5.5625,429ae7651620341b6dbd45951cf9140a
NLP Dataset/Tamil/Depressed/Train_set/D_F10010-3.wav,D_F10010-3.wav,Tamil,Depressed,train,16000,1,PCM_16,5.25,a278c107b3a7731e48f89a644d6346fa
NLP Dataset/Tamil/Depressed/Train_set/D_F10010-4.wav,D_F10010-4.wav,Tamil,Depressed,train,16000,1,PCM_16,5.1875,e441a6959b1148bebf5deca6126a62c0
NLP Dataset/Tamil/Depressed/Train_set/D_F10011-1.wav,D_F10011-1.wav,Tamil,Depressed,train,16000,1,PCM_16,4.75,789b7bc8eba7fd922930425fdea99cb7
NLP Dataset/Tamil/Depressed/Train_set/D_F10011-2.wav,D_F10011-2.wav,Tamil,Depressed,train,16000,1,PCM_16,6.4375,d4a293f408e66a5256a0f07874097794
NLP Dataset/Tamil/Depressed/Train_set/D_F10011-3.wav,D_F10011-3.wav,Tamil,Depressed,train,16000,1,PCM_16,5.1875,b28438fa82d777c656b011c3d7e30065
NLP Dataset/Tamil/Depressed/Train_set/D_F10011-4.wav,D_F10011-4.wav,Tamil,Depressed,train,16000,1,PCM_16,5.375,04a9b31d5fee4732b8e8eef2843130fd
NLP Dataset/Tamil/Depressed/Train_set/D_F10012-1.wav,D_F10012-1.wav,Tamil,Depressed,train,16000,1,PCM_16,4.25,a5bc8b8161c665f5e2f5448895d92e6e
NLP Dataset/Tamil/Depressed/Train_set/D_F10012-2.wav,D_F10012-2.wav,Tamil,Depressed,train,16000,1,PCM_16,4.5625,5c52b48b36e0c1d4b3d25736eee75825
NLP Dataset/Tamil/Depressed/Train_set/D_F10012-3.wav,D_F10012-3.wav,Tamil,Depressed,train,16000,1,PCM_16,5.125,eeaf7f8a90183469a91bd6d5d73170a8
NLP Dataset/Tamil/Depressed/Train_set/D_F10012-4.wav,D_F10012-4.wav,Tamil,Depressed,train,16000,1,PCM_16,5.375,a245ac12d6c19510e83fc742b1c1f79c
NLP Dataset/Tamil/Depressed/Train_set/D_F10013-1.wav,D_F10013-1.wav,Tamil,Depressed,train,16000,1,PCM_16,5.125,b4a13050de7f3edf1eaa01f8919f249a
NLP Dataset/Tamil/Depressed/Train_set/D_F10013-2.wav,D_F10013-2.wav,Tamil,Depressed,train,16000,1,PCM_16,4.5,da785dc1805409b024fc18064741b80b
NLP Dataset/Tamil/Depressed/Train_set/D_F10013-3.wav,D_F10013-3.wav,Tamil,Depressed,train,16000,1,PCM_16,5.6875,88b8784ea2c3058434621767d59754d4
NLP Dataset/Tamil/Depressed/Train_set/D_F10013-4.wav,D_F10013-4.wav,Tamil,Depressed,train,16000,1,PCM_16,5.5,541d8b1ecd00edefa880607f87ce669a
NLP Dataset/Tamil/Depressed/Train_set/D_F10014-1.wav,D_F10014-1.wav,Tamil,Depressed,train,16000,1,PCM_16,5.5625,129421c0b76b57104a20ebf5f7784307
NLP Dataset/Tamil/Depressed/Train_set/D_F10014-2.wav,D_F10014-2.wav,Tamil,Depressed,train,16000,1,PCM_16,5.5,291166a0a6e8cfa5eec41af0a7033ee8
NLP Dataset/Tamil/Depressed/Train_set/D_F10014-3.wav,D_F10014-3.wav,Tamil,Depressed,train,16000,1,PCM_16,5.5,be9899549d8521eacfe37c8157199a22
NLP Dataset/Tamil/Depressed/Train_set/D_F10014-4.wav,D_F10014-4.wav,Tamil,Depressed,train,16000,1,PCM_16,5.25,e9c0674357b8c052db361d45cf684a42
NLP Dataset/Tamil/Depressed/Train_set/D_F10015-1.wav,D_F10015-1.wav,Tamil,Depressed,train,16000,1,PCM_16,5.1875,9e024546fbe63c9e63ab54bb52da3aa1
NLP Dataset/Tamil/Depressed/Train_set/D_F10015-2.wav,D_F10015-2.wav,Tamil,Depressed,train,16000,1,PCM_16,4.875,07bf37d8c40b36296639a9175b354555
NLP Dataset/Tamil/Depressed/Train_set/D_F10015-3.wav,D_F10015-3.wav,Tamil,Depressed,train,16000,1,PCM_16,5.5,f860efd6bcc1d8629e880282ec5a1e18
NLP Dataset/Tamil/Depressed/Train_set/D_F10015-4.wav,D_F10015-4.wav,Tamil,Depressed,train,16000,1,PCM_16,5.5625,02fc78c47cb7e80d40d5f6b3d5ac1bf4
NLP Dataset/Tamil/Depressed/Train_set/D_F10016-1.wav,D_F10016-1.wav,Tamil,Depressed,train,16000,1,PCM_16,7.4375,2452fe2e9556e308c490714452bfe1b3
NLP Dataset/Tamil/Depressed/Train_set/D_F10016-2.wav,D_F10016-2.wav,Tamil,Depressed,train,16000,1,PCM_16,7.5625,8753c2beb669e9c2de9dffa35c3a0e76
NLP Dataset/Tamil/Depressed/Train_set/D_F10016-3.wav,D_F10016-3.wav,Tamil,Depressed,train,16000,1,PCM_16,6.75,0b964ea8b9fe19ca4086dff2d0c604d4
NLP Dataset/Tamil/Depressed/Train_set/D_F10016-4.wav,D_F10016-4.wav,Tamil,Depressed,train,16000,1,PCM_16,7.5,d3bf80acb1e36a9dd54565cc5c60e8ad
NLP Dataset/Tamil/Depressed/Train_set/D_F10017-1.wav,D_F10017-1.wav,Tamil,Depressed,train,16000,1,PCM_16,3.1875,0baf9a24335b2bfeef8b80780dfe15de
NLP Dataset/Tamil/Depressed/Train_set/D_F10017-2.wav,D_F10017-2.wav,Tamil,Depressed,train,16000,1,PCM_16,3.875,d907ed80bd52994bf960ddfc9d9cf195
NLP Dataset/Tamil/Depressed/Train_set/D_F10017-3.wav,D_F10017-3.wav,Tamil,Depressed,train,16000,1,PCM_16,4.75,e94837d34693bb5191871a220a5166ee
NLP Dataset/Tamil/Depressed/Train_set/D_F10017-4.wav,D_F10017-4.wav,Tamil,Depressed,train,16000,1,PCM_16,4.9375,98183df3cfb16180dba976c7d37bd77f
NLP Dataset/Tamil/Depressed/Train_set/D_F10018-1.wav,D_F10018-1.wav,Tamil,Depressed,train,16000,1,PCM_16,5.125,e0788edc390a2046d8affd1a70719402
NLP Dataset/Tamil/Depressed/Train_set/D_F10018-2.wav,D_F10018-2.wav,Tamil,Depressed,train,16000,1,PCM_16,6.1875,2461a2f8964ba22f6d724675fe966c9b
NLP Dataset/Tamil/Depressed/Train_set/D_F10018-3.wav,D_F10018-3.wav,Tamil,Depressed,train,16000,1,PCM_16,6.5625,95a08dbbe4fd2ef394e5eee9daef0164
NLP Dataset/Tamil/Depressed/Train_set/D_F10018-4.wav,D_F10018-4.wav,Tamil,Depressed,train,16000,1,PCM_16,6.125,5e6a71456ead508ab0138f1bec5159ce
NLP Dataset/Tamil/Depressed/Train_set/D_F10019-1.wav,D_F10019-1.wav,Tamil,Depressed,train,16000,1,PCM_16,7.9375,532a8b4e6d854b659e1c846e5e1ffdd1
NLP Dataset/Tamil/Depressed/Train_set/D_F10019-2.wav,D_F10019-2.wav,Tamil,Depressed,train,16000,1,PCM_16,8.0,48aad493d3226b471247389365a0628f
NLP Dataset/Tamil/Depressed/Train_set/D_F10019-3.wav,D_F10019-3.wav,Tamil,Depressed,train,16000,1,PCM_16,6.0625,9a536c0695a6910628045aa78994777f
NLP Dataset/Tamil/Depressed/Train_set/D_F10019-4.wav,D_F10019-4.wav,Tamil,Depressed,train,16000,1,PCM_16,7.1875,6b8f75b5d474fef07e9b48b95a684fba
NLP Dataset/Tamil/Depressed/Train_set/D_F1002-1.wav,D_F1002-1.wav,Tamil,Depressed,train,16000,2,PCM_16,7.1875,0df04425e2c7e6dc1d818c96c91e278c
NLP Dataset/Tamil/Depressed/Train_set/D_F1002-2.wav,D_F1002-2.wav,Tamil,Depressed,train,16000,2,PCM_16,7.1875,0df04425e2c7e6dc1d818c96c91e278c
NLP Dataset/Tamil/Depressed/Train_set/D_F10020-1.wav,D_F10020-1.wav,Tamil,Depressed,train,16000,1,PCM_16,5.75,dd1169ccdf4c1fec07d031dcc5776627
NLP Dataset/Tamil/Depressed/Train_set/D_F10020-2.wav,D_F10020-2.wav,Tamil,Depressed,train,16000,1,PCM_16,6.125,4967a50ae62a6f7f61be2354c2182220
NLP Dataset/Tamil/Depressed/Train_set/D_F10020-3.wav,D_F10020-3.wav,Tamil,Depressed,train,16000,1,PCM_16,5.8125,fe8b156317a29a7742600287ee25ba70
NLP Dataset/Tamil/Depressed/Train_set/D_F10020-4.wav,D_F10020-4.wav,Tamil,Depressed,train,16000,1,PCM_16,6.125,4314055db570923828e03373e495f665
NLP Dataset/Tamil/Depressed/Train_set/D_F10021-1.wav,D_F10021-1.wav,Tamil,Depressed,train,16000,1,PCM_16,5.3125,eab9339c96a06f7706086ba1abc8e38e
NLP Dataset/Tamil/Depressed/Train_set/D_F10021-2.wav,D_F10021-2.wav,Tamil,Depressed,train,16000,1,PCM_16,4.875,4b789b7d8cdac75944acde61bdf8a22d
NLP Dataset/Tamil/Depressed/Train_set/D_F10021-3.wav,D_F10021-3.wav,Tamil,Depressed,train,16000,1,PCM_16,4.125,5523ea8502ec17ecdeb2a8af73ceb9ea
NLP Dataset/Tamil/Depressed/Train_set/D_F10021-4.wav,D_F10021-4.wav,Tamil,Depressed,train,16000,1,PCM_16,4.5625,d53026f177415fc1de714fe99d422e94
NLP Dataset/Tamil/Depressed/Train_set/D_F10022-1.wav,D_F10022-1.wav,Tamil,Depressed,train,16000,1,PCM_16,6.0,f1f8efdaa4d1ed305d08ffdc0fc9ff38
NLP Dataset/Tamil/Depressed/Train_set/D_F10022-2.wav,D_F10022-2.wav,Tamil,Depressed,train,16000,1,PCM_16,5.8125,6c5f1c4eb80bb61e7cb0afe5e0c8cf01
NLP Dataset/Tamil/Depressed/Train_set/D_F10022-3.wav,D_F10022-3.wav,Tamil,Depressed,train,16000,1,PCM_16,4.8125,4ba5b4f00f63f5ec9a09c2053e6aae50
NLP Dataset/Tamil/Depressed/Train_set/D_F10022-4.wav,D_F10022-4.wav,Tamil,Depressed,train,16000,1,PCM_16,5.125,c5e404ae4a3cb134045b8198d1206916
NLP Dataset/Tamil/Depressed/Train_set/D_F10023-1.wav,D_F10023-1.wav,Tamil,Depressed,train,16000,1,PCM_16,7.0625,044e5a3be6d7937ecf23f6c042aaf6bd
NLP Dataset/Tamil/Depressed/Train_set/D_F10023-2.wav,D_F10023-2.wav,Tamil,Depressed,train,16000,1,PCM_16,5.8125,b7d436b34f41f1eff950dc9183dc45ee
NLP Dataset/Tamil/Depressed/Train_set/D_F10023-3.wav,D_F10023-3.wav,Tamil,Depressed,train,16000,1,PCM_16,6.3125,8094c804d51cdc63357b7f7936b134c8
NLP Dataset/Tamil/Depressed/Train_set/D_F10023-4.wav,D_F10023-4.wav,Tamil,Depressed,train,16000,1,PCM_16,5.75,39ef7dc6cd7ad9a9f5bf95064236f46a
NLP Dataset/Tamil/Depressed/Train_set/D_F10024-1.wav,D_F10024-1.wav,Tamil,Depressed,train,16000,1,PCM_16,4.625,819e648069a566b98fbd0c624c69d797
NLP Dataset/Tamil/Depressed/Train_set/D_F10024-2.wav,D_F10024-2.wav,Tamil,Depressed,train,16000,1,PCM_16,4.8125,87bd4ede96c693b65d7a43e64f26aa04
NLP Dataset/Tamil/Depressed/Train_set/D_F10024-3.wav,D_F10024-3.wav,Tamil,Depressed,train,16000,1,PCM_16,5.375,7a41396c50b8b246fb3eb7c193bbfc32
NLP Dataset/Tamil/Depressed/Train_set/D_F10024-4.wav,D_F10024-4.wav,Tamil,Depressed,train,16000,1,PCM_16,5.5625,ce7642bea04871f6e49cab9109223a8a
NLP Dataset/Tamil/Depressed/Train_set/D_F1004-1.wav,D_F1004-1.wav,Tamil,Depressed,train,16000,2,PCM_16,7.0,8f68cc8f71aa14ef4a1ae043f63e5851
NLP Dataset/Tamil/Depressed/Train_set/D_F1005-1.wav,D_F1005-1.wav,Tamil,Depressed,train,16000,2,PCM_16,6.46875,71bceadaedc81a9d5aa2dbfdf2eb5e10
NLP Dataset/Tamil/Depressed/Train_set/D_F1006-1.wav,D_F1006-1.wav,Tamil,Depressed,train,16000,2,PCM_16,4.46875,84889644bc679bad00e119e67cc83543
NLP Dataset/Tamil/Depressed/Train_set/D_F1007-1.wav,D_F1007-1.wav,Tamil,Depressed,train,16000,1,PCM_16,5.9375,58de0df2494ff074e97ddc0d3ae183ae
NLP Dataset/Tamil/Depressed/Train_set/D_F1007-2.wav,D_F1007-2.wav,Tamil,Depressed,train,16000,1,PCM_16,7.375,ade4ac9976f8b6cb5c2936efc165adc1
NLP Dataset/Tamil/Depressed/Train_set/D_F1007-3.wav,D_F1007-3.wav,Tamil,Depressed,train,16000,1,PCM_16,7.1875,301909f2404eee498e5abb93b720b1b4
NLP Dataset/Tamil/Depressed/Train_set/D_F1007-4.wav,D_F1007-4.wav,Tamil,Depressed,train,16000,1,PCM_16,8.0625,6c3a92037dc3acddb7767295d5f84b5d
NLP Dataset/Tamil/Depressed/Train_set/D_F1008-1.wav,D_F1008-1.wav,Tamil,Depressed,train,16000,1,PCM_16,4.9375,c463c8bda6507177bb38bcf6eb789872
NLP Dataset/Tamil/Depressed/Train_set/D_F1008-2.wav,D_F1008-2.wav,Tamil,Depressed,train,16000,1,PCM_16,6.1875,d093054aaad66eb5494fcb77df91e768
NLP Dataset/Tamil/Depressed/Train_set/D_F1008-3.wav,D_F1008-3.wav,Tamil,Depressed,train,16000,1,PCM_16,6.25,694fff8f7f01e2aa95b1694dadd8f0e5
NLP Dataset/Tamil/Depressed/Train_set/D_F1008-4.wav,D_F1008-4.wav,Tamil,Depressed,train,16000,1,PCM_16,6.75,ef95721bfd626ebf9763c0b05f5f3000
NLP Dataset/Tamil/Depressed/Train_set/D_F1009-1.wav,D_F1009-1.wav,Tamil,Depressed,train,16000,1,PCM_16,5.5625,500c53c8cd597abb86b6ffa9cd1095a0
NLP Dataset/Tamil/Depressed/Train_set/D_F1009-2.wav,D_F1009-2.wav,Tamil,Depressed,train,16000,1,PCM_16,5.75,32e220fd9f562251c46f327f53a798de
NLP Dataset/Tamil/Depressed/Train_set/D_F1009-3.wav,D_F1009-3.wav,Tamil,Depressed,train,16000,1,PCM_16,5.75,7be23ecbe8ee3985ab8e2417c410994e
NLP Dataset/Tamil/Depressed/Train_set/D_F1009-4.wav,D_F1009-4.wav,Tamil,Depressed,train,16000,1,PCM_16,6.0,26b821208335ea9c2b8f411e64547af7
NLP Dataset/Tamil/Depressed/Train_set/D_F2001.wav,D_F2001.wav,Tamil,Depressed,train,16000,1,PCM_16,7.1710625,aa66ec5740a4a8256402317114b55923
NLP Dataset/Tamil/Depressed/Train_set/D_F20010_a.wav,D_F20010_a.wav,Tamil,Depressed,train,16000,1,PCM_16,6.6225,84997816ab58d868a3d06806c9b0a905
NLP Dataset/Tamil/Depressed/Train_set/D_F20010_b.wav,D_F20010_b.wav,Tamil,Depressed,train,16000,1,PCM_16,6.581875,89a0c7f058e6a1736d5d033df7f9e9e3
NLP Dataset/Tamil/Depressed/Train_set/D_F20010_c.wav,D_F20010_c.wav,Tamil,Depressed,train,16000,1,PCM_16,6.25,5778570270831e2c40fced85aab71171
NLP Dataset/Tamil/Depressed/Train_set/D_F20011.wav,D_F20011.wav,Tamil,Depressed,train,16000,1,PCM_16,8.75,d9b8d039fde5b98f084f396d297f6b08
NLP Dataset/Tamil/Depressed/Train_set/D_F20011_a.wav,D_F20011_a.wav,Tamil,Depressed,train,16000,1,PCM_16,8.694875,b2022f767e32d36db3cb64a11957b006
NLP Dataset/Tamil/Depressed/Train_set/D_F20011_b.wav,D_F20011_b.wav,Tamil,Depressed,train,16000,1,PCM_16,8.75,de1a4bec05412c58414eaaf3e2417603
NLP Dataset/Tamil/Depressed/Train_set/D_F20011_c.wav,D_F20011_c.wav,Tamil,Depressed,train,16000,1,PCM_16,8.694875,8c9d4391f3a336164da2ea81f8e38111
NLP Dataset/Tamil/Depressed/Train_set/D_F20012.wav,D_F20012.wav,Tamil,Depressed,train,16000,1,PCM_16,5.9723125,379addfa6803f9e93eed48794af1ebb6
NLP Dataset/Tamil/Depressed/Train_set/D_F20012_a.wav,D_F20012_a.wav,Tamil,Depressed,train,16000,1,PCM_16,5.383125,6073359544237ea667176d5864169fb3
NLP Dataset/Tamil/Depressed/Train_set/D_F20012_b.wav,D_F20012_b.wav,Tamil,Depressed,train,16000,1,PCM_16,5.2205625,3e9bb64909256d854cc7af44c83e98db
NLP Dataset/Tamil/Depressed/Train_set/D_F20012_c.wav,D_F20012_c.wav,Tamil,Depressed,train,16000,1,PCM_16,5.42375,35ed5a8a2f3da7e05fe19013c4decb61
NLP Dataset/Tamil/Depressed/Train_set/D_F20013.wav,D_F20013.wav,Tamil,Depressed,train,16000,1,PCM_16,6.846,7f23082dc13be4c808d6d2072d5c78f6
NLP Dataset/Tamil/Depressed/Train_set/D_F20013_a.wav,D_F20013_a.wav,Tamil,Depressed,train,16000,1,PCM_16,6.92725,cbaf164fd69736f7602f00851ebed4fb
NLP Dataset/Tamil/Depressed/Train_set/D_F20013_b.wav,D_F20013_b.wav,Tamil,Depressed,train,16000,1,PCM_16,7.0085,0cfff1c3c9ac0644192ebe27eb236e25
NLP Dataset/Tamil/Depressed/Train_set/D_F20013_c.wav,D_F20013_c.wav,Tamil,Depressed,train,16000,1,PCM_16,7.232,b2f610afdaba67be3afa6ed65600eb4f
NLP Dataset/Tamil/Depressed/Train_set/D_F20014.wav,D_F20014.wav,Tamil,Depressed,train,16000,1,PCM_16,8.75,0ec8900bc4f11611c0eca58131e7eda6
NLP Dataset/Tamil/Depressed/Train_set/D_F20014_a.wav,D_F20014_a.wav,Tamil,Depressed,train,16000,1,PCM_16,8.8776875,f58a61c018bf2faab337262280a3e3ec
NLP Dataset/Tamil/Depressed/Train_set/D_F20014_b.wav,D_F20014_b.wav,Tamil,Depressed,train,16000,1,PCM_16,8.6339375,ffeb0240b9f7a6c1b125afee1ef0e676
NLP Dataset/Tamil/Depressed/Train_set/D_F20014_c.wav,D_F20014_c.wav,Tamil,Depressed,train,16000,1,PCM_16,8.125,34f61dd0324088549e6ed78118894751
NLP Dataset/Tamil/Depressed/Train_set/D_F20015.wav,D_F20015.wav,Tamil,Depressed,train,16000,1,PCM_16,8.166625,40b28aa7158f6a02bb16c45b63fbdafd
NLP Dataset/Tamil/Depressed/Train_set/D_F20015_a.wav,D_F20015_a.wav,Tamil,Depressed,train,16000,1,PCM_16,7.7805625,d693d79f7a9c478cacaeb95bac70e6a3
NLP Dataset/Tamil/Depressed/Train_set/D_F20015_b.wav,D_F20015_b.wav,Tamil,Depressed,train,16000,1,PCM_16,7.414875,8cd770fdf0a0f0eb33b78bd44266bc63
NLP Dataset/Tamil/Depressed/Train_set/D_F20015_c.wav,D_F20015_c.wav,Tamil,Depressed,train,16000,1,PCM_16,7.3335625,a9bff02a9504eeaa412451b26ca14aba
NLP Dataset/Tamil/Depressed/Train_set/D_F2001_a.wav,D_F2001_a.wav,Tamil,Depressed,train,16000,1,PCM_16,6.1551875,9499933c4589e6b2beb0958894684809
NLP Dataset/Tamil/Depressed/Train_set/D_F2001_b.wav,D_F2001_b.wav,Tamil,Depressed,train,16000,1,PCM_16,7.8415,6fda263cd6cdbdad18901bcfb6fb1121
NLP Dataset/Tamil/Depressed/Train_set/D_F2001_c.wav,D_F2001_c.wav,Tamil,Depressed,train,16000,1,PCM_16,6.92725,98c6aa5d6e8f493f368b8dc9ce90bf93
NLP Dataset/Tamil/Depressed/Train_set/D_F2003.wav,D_F2003.wav,Tamil,Depressed,train,16000,1,PCM_16,7.3539375,04741366e977ed95671302fdc53d14e6
NLP Dataset/Tamil/Depressed/Train_set/D_F2003_a.wav,D_F2003_a.wav,Tamil,Depressed,train,16000,1,PCM_16,7.3335625,948853258bf45b8e1b9df470c10211b4
NLP Dataset/Tamil/Depressed/Train_set/D_F2003_b.wav,D_F2003_b.wav,Tamil,Depressed,train,16000,1,PCM_16,5.992625,44b751c3402bf6aef7ece3dd7aad81de
NLP Dataset/Tamil/Depressed/Train_set/D_F2003_c.wav,D_F2003_c.wav,Tamil,Depressed,train,16000,1,PCM_16,6.8663125,1492376dcbb13e54de9ad13b6a588ea2
NLP Dataset/Tamil/Depressed/Train_set/D_F2004.wav,D_F2004.wav,Tamil,Depressed,train,16000,1,PCM_16,5.1799375,350945440f9feb322f6e3ce332f9a9ba
NLP Dataset/Tamil/Depressed/Train_set/D_F2004_a.wav,D_F2004_a.wav,Tamil,Depressed,train,16000,1,PCM_16,5.7488125,3011f97d2297468a0dc1122f7beb909f
NLP Dataset/Tamil/Depressed/Train_set/D_F2004_b.wav,D_F2004_b.wav,Tamil,Depressed,train,16000,1,PCM_16,5.4440625,f0f87417b0b9547330d8c8546a20ab39
NLP Dataset/Tamil/Depressed/Train_set/D_F2004_c.wav,D_F2004_c.wav,Tamil,Depressed,train,16000,1,PCM_16,5.625,a493c8483c3f0529ebb9fd5a40be49f0
NLP Dataset/Tamil/Depressed/Train_set/D_F2005.wav,D_F2005.wav,Tamil,Depressed,train,16000,1,PCM_16,6.0739375,fa171b3fac27a9634d7ef5642b8e1fa6
NLP Dataset/Tamil/Depressed/Train_set/D_F2005_a.wav,D_F2005_a.wav,Tamil,Depressed,train,16000,1,PCM_16,7.3945625,5972434b33d13e577b081e521cb1ee65
NLP Dataset/Tamil/Depressed/Train_set/D_F2005_b.wav,D_F2005_b.wav,Tamil,Depressed,train,16000,1,PCM_16,6.7646875,056883a669c66a5f6f7ba247e3bd9531
NLP Dataset/Tamil/Depressed/Train_set/D_F2005_c.wav,D_F2005_c.wav,Tamil,Depressed,train,16000,1,PCM_16,7.049125,99e2848752054ba47741e43f99dc087d
NLP Dataset/Tamil/Depressed/Train_set/D_F2006.wav,D_F2006.wav,Tamil,Depressed,train,16000,1,PCM_16,6.358375,dc4895bc779805bfe5e077f2d5293d5a
NLP Dataset/Tamil/Depressed/Train_set/D_F2006_a.wav,D_F2006_a.wav,Tamil,Depressed,train,16000,1,PCM_16,6.25,e6129076324282a2c065a3b8ab980140
NLP Dataset/Tamil/Depressed/Train_set/D_F2006_b.wav,D_F2006_b.wav,Tamil,Depressed,train,16000,1,PCM_16,6.09425,a4911cb88355602a7f7aebabfade8c3e
NLP Dataset/Tamil/Depressed/Train_set/D_F2006_c.wav,D_F2006_c.wav,Tamil,Depressed,train,16000,1,PCM_16,6.134875,043f2d68a89df1e0f6f61017e06465a7
NLP Dataset/Tamil/Depressed/Train_set/D_F2007.wav,D_F2007.wav,Tamil,Depressed,train,16000,1,PCM_16,5.952,2b4ce336b25c533af4d08a90226ad4dd
NLP Dataset/Tamil/Depressed/Train_set/D_F2007_a.wav,D_F2007_a.wav,Tamil,Depressed,train,16000,1,PCM_16,6.25,61179ceff4013a76a19d50e0e13b57e9
NLP Dataset/Tamil/Depressed/Train_set/D_F2007_b.wav,D_F2007_b.wav,Tamil,Depressed,train,16000,1,PCM_16,6.399,1782a7e016ba4b51fdee83902ba6dfe4
NLP Dataset/Tamil/Depressed/Train_set/D_F2007_c.wav,D_F2007_c.wav,Tamil,Depressed,train,16000,1,PCM_16,6.0739375,d2c164149b37934ce9acf19589451bdc
NLP Dataset/Tamil/Depressed/Train_set/D_F2008.wav,D_F2008.wav,Tamil,Depressed,train,16000,1,PCM_16,6.4599375,42142d912acc650498e2327a3b6ba12f
NLP Dataset/Tamil/Depressed/Train_set/D_F2008_a.wav,D_F2008_a.wav,Tamil,Depressed,train,16000,1,PCM_16,6.399,f75c0e9ec5e5aeeabb6afc568a74a947
NLP Dataset/Tamil/Depressed/Train_set/D_F2008_b.wav,D_F2008_b.wav,Tamil,Depressed,train,16000,1,PCM_16,6.134875,896e655fc66f612240f752e74155ae9a
NLP Dataset/Tamil/Depressed/Train_set/D_F2008_c.wav,D_F2008_c.wav,Tamil,Depressed,train,16000,1,PCM_16,5.64725,58218bdc3c1a85eb0e014afed8e2a805
NLP Dataset/Tamil/Depressed/Train_set/D_F2009.wav,D_F2009.wav,Tamil,Depressed,train,16000,1,PCM_16,6.3786875,4812666c1c05475934e5a6343523ee35
NLP Dataset/Tamil/Depressed/Train_set/D_F2009_a.wav,D_F2009_a.wav,Tamil,Depressed,train,16000,1,PCM_16,5.830125,37889f461d6d9f7de9211c63a7558729
NLP Dataset/Tamil/Depressed/Train_set/D_F2009_b.wav,D_F2009_b.wav,Tamil,Depressed,train,16000,1,PCM_16,6.1145625,e66e9ecacb7ad6b41359f3e39c153920
NLP Dataset/Tamil/Depressed/Train_set/D_F2009_c.wav,D_F2009_c.wav,Tamil,Depressed,train,16000,1,PCM_16,5.505,271a7ddb2fe5edce5c1d41336d38514e
NLP Dataset/Tamil/Depressed/Train_set/D_S00_06-1.wav,D_S00_06-1.wav,Tamil,Depressed,train,16000,1,PCM_16,5.375,31d0467e90a4ed14c2785a69148f8c78
NLP Dataset/Tamil/Depressed/Train_set/D_S00_06-2.wav,D_S00_06-2.wav,Tamil,Depressed,train,16000,1,PCM_16,4.875,f1f891cd71f350ef2408dd879151ee45
NLP Dataset/Tamil/Depressed/Train_set/D_S00_06-3.wav,D_S00_06-3.wav,Tamil,Depressed,train,16000,1,PCM_16,5.46875,53f366bbcd17de3d977dd2aae8507dcb
NLP Dataset/Tamil/Depressed/Train_set/D_S00_06-4.wav,D_S00_06-4.wav,Tamil,Depressed,train,16000,1,PCM_16,4.625,54a74276a3d42728656140a0727b8aa9
NLP Dataset/Tamil/Depressed/Train_set/D_S00_07-1.wav,D_S00_07-1.wav,Tamil,Depressed,train,16000,1,PCM_16,5.75,b4c1e28b5d4a63b02d776a9f851c6347
NLP Dataset/Tamil/Depressed/Train_set/D_S00_07-2.wav,D_S00_07-2.wav,Tamil,Depressed,train,16000,1,PCM_16,4.875,c37c8d69985ce5e720e7a49ca82119ff
NLP Dataset/Tamil/Depressed/Train_set/D_S00_07-3.wav,D_S00_07-3.wav,Tamil,Depressed,train,16000,1,PCM_16,4.5625,ebb6f4492ad6eeed8a6fbdb7e2a5ef61
NLP Dataset/Tamil/Depressed/Train_set/D_S00_07-4.wav,D_S00_07-4.wav,Tamil,Depressed,train,16000,1,PCM_16,4.6875,019fc82ae46f7b178f729ca694c12b03
NLP Dataset/Tamil/Depressed/Train_set/D_S00_08-1.wav,D_S00_08-1.wav,Tamil,Depressed,train,16000,1,PCM_16,4.75,87888571b43f3e4e35e29ca02615a8fb
NLP Dataset/Tamil/Depressed/Train_set/D_S00_08-2.wav,D_S00_08-2.wav,Tamil,Depressed,train,16000,1,PCM_16,4.15625,dde821c99a20b7c774857e46aaa97282
NLP Dataset/Tamil/Depressed/Train_set/D_S00_08-3.wav,D_S00_08-3.wav,Tamil,Depressed,train,16000,1,PCM_16,4.46875,6735a3ba40faf765d8f5bf25fc7595e9
NLP Dataset/Tamil/Depressed/Train_set/D_S00_08-4.wav,D_S00_08-4.wav,Tamil,Depressed,train,16000,1,PCM_16,5.21875,04a8901b74ace33f93992c603b66933b
NLP Dataset/Tamil/Depressed/Train_set/D_S00_09-1.wav,D_S00_09-1.wav,Tamil,Depressed,train,16000,1,PCM_16,4.03125,a147c34c4905db39eea689a7b4e4cc79
NLP Dataset/Tamil/Depressed/Train_set/D_S00_09-2.wav,D_S00_09-2.wav,Tamil,Depressed,train,16000,1,PCM_16,4.15625,0e79681bafb6a6da1f9fc728d234348a
NLP Dataset/Tamil/Depressed/Train_set/D_S00_09-3.wav,D_S00_09-3.wav,Tamil,Depressed,train,16000,1,PCM_16,3.9375,f5c81dfa6120a66b0899b57127ad8ced
NLP Dataset/Tamil/Depressed/Train_set/D_S00_09-4.wav,D_S00_09-4.wav,Tamil,Depressed,train,16000,1,PCM_16,4.34375,cae5c04d228b7a05c5bc8fc020ea77f6
NLP Dataset/Tamil/Depressed/Train_set/D_S00_10-1.wav,D_S00_10-1.wav,Tamil,Depressed,train,16000,1,PCM_16,5.1875,0ab7dbe9dbab622e498ba5b9233b1f61
NLP Dataset/Tamil/Depressed/Train_set/D_S00_10-2.wav,D_S00_10-2.wav,Tamil,Depressed,train,16000,1,PCM_16,5.0625,d41a56b0f4a2a071457674b601047a71
NLP Dataset/Tamil/Depressed/Train_set/D_S00_10-3.wav,D_S00_10-3.wav,Tamil,Depressed,train,16000,1,PCM_16,5.5625,78fa5a3f433d09c5036e10d6e7624bdc
NLP Dataset/Tamil/Depressed/Train_set/D_S00_10-4.wav,D_S00_10-4.wav,Tamil,Depressed,train,16000,1,PCM_16,5.59375,ebdaaad7fef1fe02a8794f90ef52964a
NLP Dataset/Tamil/Depressed/Train_set/D_S00_11-1.wav,D_S00_11-1.wav,Tamil,Depressed,train,16000,1,PCM_16,6.625,d044ec7d52592cfa54e03a8d1d296d63
NLP Dataset/Tamil/Depressed/Train_set/D_S00_11-2.wav,D_S00_11-2.wav,Tamil,Depressed,train,16000,1,PCM_16,6.3125,1fa58b52c73869ac1f09e063e78cca8e
NLP Dataset/Tamil/Depressed/Train_set/D_S00_11-3.wav,D_S00_11-3.wav,Tamil,Depressed,train,16000,1,PCM_16,6.1875,28af42f6b8a9d6463b753e93f63a7a80
NLP Dataset/Tamil/Depressed/Train_set/D_S00_11-4.wav,D_S00_11-4.wav,Tamil,Depressed,train,16000,1,PCM_16,6.375,733e875759bcc7c8dfef2841016d7781
NLP Dataset/Tamil/Depressed/Train_set/D_S00_12-1.wav,D_S00_12-1.wav,Tamil,Depressed,train,16000,1,PCM_16,4.375,665fe7024551654856f257eaf157d6d5
NLP Dataset/Tamil/Depressed/Train_set/D_S00_12-2.wav,D_S00_12-2.wav,Tamil,Depressed,train,16000,1,PCM_16,5.78125,97fb8bae38e3391ad3acc7b658319426
NLP Dataset/Tamil/Depressed/Train_set/D_S00_12-3.wav,D_S00_12-3.wav,Tamil,Depressed,train,16000,1,PCM_16,5.0,77b594f44533bba80aa10dcce76ac47f
NLP Dataset/Tamil/Depressed/Train_set/D_S00_12-4.wav,D_S00_12-4.wav,Tamil,Depressed,train,16000,1,PCM_16,4.84375,1077eeb0f9af3d1cad260ae11c446ce1
NLP Dataset/Tamil/Depressed/Train_set/D_S00_13-1.wav,D_S00_13-1.wav,Tamil,Depressed,train,16000,1,PCM_16,5.90625,d74331eda33ef2da8912a52128f4e24c
NLP Dataset/Tamil/Depressed/Train_set/D_S00_13-2.wav,D_S00_13-2.wav,Tamil,Depressed,train,16000,1,PCM_16,5.71875,a826f5901e82a0900686376fdcb7d680
NLP Dataset/Tamil/Depressed/Train_set/D_S00_13-3.wav,D_S00_13-3.wav,Tamil,Depressed,train,16000,1,PCM_16,6.21875,1688ae4233a45c2f76b8dc42096f4bcc
NLP Dataset/Tamil/Depressed/Train_set/D_S00_13-4.wav,D_S00_13-4.wav,Tamil,Depressed,train,16000,1,PCM_16,5.59375,d5acc6caebc8317b92cc5c356cd77dc2
NLP Dataset/Tamil/Depressed/Train_set/D_S00_14-1.wav,D_S00_14-1.wav,Tamil,Depressed,train,16000,1,PCM_16,6.15625,c3d7667bd12d067ab3272516d64a0c71
NLP Dataset/Tamil/Depressed/Train_set/D_S00_14-2.wav,D_S00_14-2.wav,Tamil,Depressed,train,16000,1,PCM_16,6.53125,6f552905346cac95d16d5a4ded20498d
NLP Dataset/Tamil/Depressed/Train_set/D_S00_14-3.wav,D_S00_14-3.wav,Tamil,Depressed,train,16000,1,PCM_16,6.1875,ba3072320c457336ea5c105059300d42
NLP Dataset/Tamil/Depressed/Train_set/D_S00_14-4.wav,D_S00_14-4.wav,Tamil,Depressed,train,16000,1,PCM_16,5.84375,5d58006bd4b11095bd42edc8aa493c2d
NLP Dataset/Tamil/Depressed/Train_set/D_S00_15-1.wav,D_S00_15-1.wav,Tamil,Depressed,train,16000,1,PCM_16,6.0,25f75b37d2851c48a78a54cd92417cea
NLP Dataset/Tamil/Depressed/Train_set/D_S00_15-2.wav,D_S00_15-2.wav,Tamil,Depressed,train,16000,1,PCM_16,6.375,f3380abea5ef2cf3271e18a509c08932
NLP Dataset/Tamil/Depressed/Train_set/D_S00_15-3.wav,D_S00_15-3.wav,Tamil,Depressed,train,16000,1,PCM_16,7.25,912d1003899e458458b96e87f126f9d2
NLP Dataset/Tamil/Depressed/Train_set/D_S00_15-4.wav,D_S00_15-4.wav,Tamil,Depressed,train,16000,1,PCM_16,5.9375,bcef38278b68565b1dcaba1231bbb74d
NLP Dataset/Tamil/Depressed/Train_set/D_S00_16-1.wav,D_S00_16-1.wav,Tamil,Depressed,train,16000,1,PCM_16,7.34375,21f325e5b8f1d8e82d8ca7422acc4391
NLP Dataset/Tamil/Depressed/Train_set/D_S00_16-2.wav,D_S00_16-2.wav,Tamil,Depressed,train,16000,1,PCM_16,8.0,540dff4de943d7c118470956b85319af
NLP Dataset/Tamil/Depressed/Train_set/D_S00_16-3.wav,D_S00_16-3.wav,Tamil,Depressed,train,16000,1,PCM_16,6.65625,7fb0d55438f9dde467c202af9d1c0d70
NLP Dataset/Tamil/Depressed/Train_set/D_S00_16-4.wav,D_S00_16-4.wav,Tamil,Depressed,train,16000,1,PCM_16,6.71875,c7930799dd339c12b87241a390fc6a11
NLP Dataset/Tamil/Depressed/Train_set/D_S00_17-1.wav,D_S00_17-1.wav,Tamil,Depressed,train,16000,1,PCM_16,5.875,51a009a38ea0ee3e5b89e6345426abe9
NLP Dataset/Tamil/Depressed/Train_set/D_S00_17-2.wav,D_S00_17-2.wav,Tamil,Depressed,train,16000,1,PCM_16,5.9375,9dc12ff0c19abddd6378d1b8c0d49b10
NLP Dataset/Tamil/Depressed/Train_set/D_S00_17-3.wav,D_S00_17-3.wav,Tamil,Depressed,train,16000,1,PCM_16,5.40625,33debb5421b0d13d319be5df5e6e46ec
NLP Dataset/Tamil/Depressed/Train_set/D_S00_17-4.wav,D_S00_17-4.wav,Tamil,Depressed,train,16000,1,PCM_16,5.5625,857224a7cfad5f0cc0d405c0c77fa09a
NLP Dataset/Tamil/Depressed/Train_set/D_S00_18-1.wav,D_S00_18-1.wav,Tamil,Depressed,train,16000,1,PCM_16,7.0625,f83cc679dc5ef0c9956dca73c8f70f15
NLP Dataset/Tamil/Depressed/Train_set/D_S00_18-2.wav,D_S00_18-2.wav,Tamil,Depressed,train,16000,1,PCM_16,6.34375,4704a09344de89d2d34bb1b930be29fa
NLP Dataset/Tamil/Depressed/Train_set/D_S00_18-3.wav,D_S00_18-3.wav,Tamil,Depressed,train,16000,1,PCM_16,6.65625,6c3c0f4dc39c411b1a02b7954a3d1879
NLP Dataset/Tamil/Depressed/Train_set/D_S00_18-4.wav,D_S00_18-4.wav,Tamil,Depressed,train,16000,1,PCM_16,6.34375,dc794e69577977556a12396b28fde4e7
NLP Dataset/Tamil/Depressed/Train_set/D_S00_19-1.wav,D_S00_19-1.wav,Tamil,Depressed,train,16000,1,PCM_16,5.8125,4f887923fe21c81d8a89c036d1077c65
NLP Dataset/Tamil/Depressed/Train_set/D_S00_19-2.wav,D_S00_19-2.wav,Tamil,Depressed,train,16000,1,PCM_16,5.875,c9bd1886140c5017d13fd2995b4634bc
NLP Dataset/Tamil/Depressed/Train_set/D_S00_19-3.wav,D_S00_19-3.wav,Tamil,Depressed,train,16000,1,PCM_16,6.09375,78001621281cd44c6406e9643b9b5640
NLP Dataset/Tamil/Depressed/Train_set/D_S00_19-4.wav,D_S00_19-4.wav,Tamil,Depressed,train,16000,1,PCM_16,6.125,251fba30d35914241ff21ffa2a807900
NLP Dataset/Tamil/Depressed/Train_set/D_S00_20-1.wav,D_S00_20-1.wav,Tamil,Depressed,train,16000,1,PCM_16,4.34375,9a266b4268e385b89307cfb0d63d7c50
NLP Dataset/Tamil/Depressed/Train_set/D_S00_20-2.wav,D_S00_20-2.wav,Tamil,Depressed,train,16000,1,PCM_16,5.46875,2e4ce8837c8763d1d0584f339d2c2938
NLP Dataset/Tamil/Depressed/Train_set/D_S00_20-3.wav,D_S00_20-3.wav,Tamil,Depressed,train,16000,1,PCM_16,6.125,324f1cd0567c2c65acfbcdd7c87d4ae3
NLP Dataset/Tamil/Depressed/Train_set/D_S00_20-4.wav,D_S00_20-4.wav,Tamil,Depressed,train,16000,1,PCM_16,5.25,1aac9d675508c1fae338b6bd3f3394ae
NLP Dataset/Tamil/Depressed/Train_set/D_S00_21-1.wav,D_S00_21-1.wav,Tamil,Depressed,train,16000,1,PCM_16,6.375,c90a9433e42a3195f69d18b0442be28e
NLP Dataset/Tamil/Depressed/Train_set/D_S00_21-2.wav,D_S00_21-2.wav,Tamil,Depressed,train,16000,1,PCM_16,6.8125,bf33e8f0a9fdf7c80923f3035d88346e
NLP Dataset/Tamil/Depressed/Train_set/D_S00_21-3.wav,D_S00_21-3.wav,Tamil,Depressed,train,16000,1,PCM_16,7.125,1f85bd8a7537143f38b4e98267bc78a8
NLP Dataset/Tamil/Depressed/Train_set/D_S00_21-4.wav,D_S00_21-4.wav,Tamil,Depressed,train,16000,1,PCM_16,7.375,99c52f04f7e0867865374da4abd82110
NLP Dataset/Tamil/Depressed/Train_set/D_S00_22-1.wav,D_S00_22-1.wav,Tamil,Depressed,train,16000,1,PCM_16,7.34375,9eaaf569e1c728e8c3ddbef30cba8382
NLP Dataset/Tamil/Depressed/Train_set/D_S00_22-2.wav,D_S00_22-2.wav,Tamil,Depressed,train,16000,1,PCM_16,7.6875,e24d79a5b0167460b56ca553892fa41d
NLP Dataset/Tamil/Depressed/Train_set/D_S00_22-3.wav,D_S00_22-3.wav,Tamil,Depressed,train,16000,1,PCM_16,7.75,b1309b3a6d010c55af3acc5a5fea621f
NLP Dataset/Tamil/Depressed/Train_set/D_S00_22-4.wav,D_S00_22-4.wav,Tamil,Depressed,train,16000,1,PCM_16,7.8125,d4f14de0d6ca16ff699d35a81549dffb
NLP Dataset/Tamil/Depressed/Train_set/D_S00_23-1.wav,D_S00_23-1.wav,Tamil,Depressed,train,16000,1,PCM_16,6.1875,3399dd4d0a4ebae24bd3653adf386d50
NLP Dataset/Tamil/Depressed/Train_set/D_S00_23-2.wav,D_S00_23-2.wav,Tamil,Depressed,train,16000,1,PCM_16,6.375,1aac7dc61f625814f77b58229b0ed059
NLP Dataset/Tamil/Depressed/Train_set/D_S00_23-3.wav,D_S00_23-3.wav,Tamil,Depressed,train,16000,1,PCM_16,6.6875,26e20bf6a6bc6c62efe887839a7e6de0
NLP Dataset/Tamil/Depressed/Train_set/D_S00_23-4.wav,D_S00_23-4.wav,Tamil,Depressed,train,16000,1,PCM_16,6.5,a2e27c84bb5732f74744c11bbf301ec0
NLP Dataset/Tamil/Depressed/Train_set/D_S00_24-1.wav,D_S00_24-1.wav,Tamil,Depressed,train,16000,1,PCM_16,7.1875,3dad95ab5bc82bbbba400416b0edb9f1
NLP Dataset/Tamil/Depressed/Train_set/D_S00_24-2.wav,D_S00_24-2.wav,Tamil,Depressed,train,16000,1,PCM_16,6.75,6a73ed2073dbd65a7d2174e55520f468
NLP Dataset/Tamil/Depressed/Train_set/D_S00_24-3.wav,D_S00_24-3.wav,Tamil,Depressed,train,16000,1,PCM_16,6.25,d377c914f7528d0504eb6b7d60e2f82f
NLP Dataset/Tamil/Depressed/Train_set/D_S00_24-4.wav,D_S00_24-4.wav,Tamil,Depressed,train,16000,1,PCM_16,5.8125,b3243f82666dce2a0cc6fb3d1ae01e8d
NLP Dataset/Tamil/Depressed/Train_set/D_S00_25-1.wav,D_S00_25-1.wav,Tamil,Depressed,train,16000,1,PCM_16,6.8125,dbb631f9704a452b012bbe7baac98689
NLP Dataset/Tamil/Depressed/Train_set/D_S00_25-2.wav,D_S00_25-2.wav,Tamil,Depressed,train,16000,1,PCM_16,6.0,9067e71227a70136a275430b5446fff9
NLP Dataset/Tamil/Depressed/Train_set/D_S00_25-3.wav,D_S00_25-3.wav,Tamil,Depressed,train,16000,1,PCM_16,5.8125,afdcdaefce0254e505a971a3791b0a69
NLP Dataset/Tamil/Depressed/Train_set/D_S00_25-4.wav,D_S00_25-4.wav,Tamil,Depressed,train,16000,1,PCM_16,6.25,4d568e041346c4ce84258d6263c99a2b
NLP Dataset/Tamil/Depressed/Train_set/D_S00_26-1.wav,D_S00_26-1.wav,Tamil,Depressed,train,16000,1,PCM_16,4.875,3747e21fe1efb3a492ccfa8375ebb7a0
NLP Dataset/Tamil/Depressed/Train_set/D_S00_26-2.wav,D_S00_26-2.wav,Tamil,Depressed,train,16000,1,PCM_16,4.9375,58093c6886b0ca89e4457f25da2c2000
NLP Dataset/Tamil/Depressed/Train_set/D_S00_26-3.wav,D_S00_26-3.wav,Tamil,Depressed,train,16000,1,PCM_16,4.8125,9a562e6d347b7ad48b3676b93746124f
NLP Dataset/Tamil/Depressed/Train_set/D_S00_26-4.wav,D_S00_26-4.wav,Tamil,Depressed,train,16000,1,PCM_16,5.875,ee65d046493ca75038bf56753dd77035
NLP Dataset/Tamil/Depressed/Train_set/D_S00_27-1.wav,D_S00_27-1.wav,Tamil,Depressed,train,16000,1,PCM_16,4.125,5e621ef6652a5d1479138ae433457b82
NLP Dataset/Tamil/Depressed/Train_set/D_S00_27-2.wav,D_S00_27-2.wav,Tamil,Depressed,train,16000,1,PCM_16,4.5625,c8aa290287b081e870feb4f0fb5c58b7
NLP Dataset/Tamil/Depressed/Train_set/D_S00_27-3.wav,D_S00_27-3.wav,Tamil,Depressed,train,16000,1,PCM_16,4.4375,6e2c71bb41c5cd5996eacb43c2b3a26f
NLP Dataset/Tamil/Depressed/Train_set/D_S00_27-4.wav,D_S00_27-4.wav,Tamil,Depressed,train,16000,1,PCM_16,4.125,2c9f93af2b5bdbc05ba8ba8f04e13ca1
NLP Dataset/Tamil/Depressed/Train_set/D_S00_28-1.wav,D_S00_28-1.wav,Tamil,Depressed,train,16000,1,PCM_16,4.4375,7678128f618bcf6f68d31d4ece02fd07
NLP Dataset/Tamil/Depressed/Train_set/D_S00_28-2.wav,D_S00_28-2.wav,Tamil,Depressed,train,16000,1,PCM_16,5.75,55741fc39dd8f9efd92b1918fa557fea
NLP Dataset/Tamil/Depressed/Train_set/D_S00_28-3.wav,D_S00_28-3.wav,Tamil,Depressed,train,16000,1,PCM_16,5.4375,bda9c6b48e0413a1264c65aea4b45a8a
NLP Dataset/Tamil/Depressed/Train_set/D_S00_28-4.wav,D_S00_28-4.wav,Tamil,Depressed,train,16000,1,PCM_16,5.5625,59e6f0f0a0a6dfe1d1f3b0d32fa1f69f
NLP Dataset/Tamil/Depressed/Train_set/D_S00_29-1.wav,D_S00_29-1.wav,Tamil,Depressed,train,16000,1,PCM_16,4.4375,3949f5b6c6393e8db8465551c4f9ad78
NLP Dataset/Tamil/Depressed/Train_set/D_S00_29-2.wav,D_S00_29-2.wav,Tamil,Depressed,train,16000,1,PCM_16,5.25,2792398cbfeaeaa8878015b280e9e135
NLP Dataset/Tamil/Depressed/Train_set/D_S00_29-3.wav,D_S00_29-3.wav,Tamil,Depressed,train,16000,1,PCM_16,5.375,7f75dec73a163bcc22254f1579521f7b
NLP Dataset/Tamil/Depressed/Train_set/D_S00_29-4.wav,D_S00_29-4.wav,Tamil,Depressed,train,16000,1,PCM_16,5.9375,453f40b4746ac863eef6e2583373d157
NLP Dataset/Tamil/Depressed/Train_set/D_S00_30-1.wav,D_S00_30-1.wav,Tamil,Depressed,train,16000,1,PCM_16,6.8125,f64a1661c5baa4540f151f2b9296c196
NLP Dataset/Tamil/Depressed/Train_set/D_S00_30-2.wav,D_S00_30-2.wav,Tamil,Depressed,train,16000,1,PCM_16,7.0625,2785cae0d2163744ba02377bd09c0da1
NLP Dataset/Tamil/Depressed/Train_set/D_S00_30-3.wav,D_S00_30-3.wav,Tamil,Depressed,train,16000,1,PCM_16,6.4375,2128d4134c2acf99cda59ba8e04d2781
NLP Dataset/Tamil/Depressed/Train_set/D_S00_30-4.wav,D_S00_30-4.wav,Tamil,Depressed,train,16000,1,PCM_16,6.4375,104b97b00811a85ef5f71cf968efb006
NLP Dataset/Tamil/Depressed/Train_set/D_S00_31-1.wav,D_S00_31-1.wav,Tamil,Depressed,train,16000,1,PCM_16,6.375,2bdb3aefb4468f48bec881850be79967
NLP Dataset/Tamil/Depressed/Train_set/D_S00_31-2.wav,D_S00_31-2.wav,Tamil,Depressed,train,16000,1,PCM_16,5.5,38f2bf8bd1762b8db443d82cb7b443ac
NLP Dataset/Tamil/Depressed/Train_set/D_S00_31-3.wav,D_S00_31-3.wav,Tamil,Depressed,train,16000,1,PCM_16,6.0,1ae291030621a42a3afe13cccdc0be2a
NLP Dataset/Tamil/Depressed/Train_set/D_S00_31-4.wav,D_S00_31-4.wav,Tamil,Depressed,train,16000,1,PCM_16,7.875,4573c992abac6a4f92ad836c9ac4a814
NLP Dataset/Tamil/Depressed/Train_set/D_S00_32-1.wav,D_S00_32-1.wav,Tamil,Depressed,train,16000,1,PCM_16,6.0,cef5bf46c865c9fa4d3727b39d9af149
NLP Dataset/Tamil/Depressed/Train_set/D_S00_32-2.wav,D_S00_32-2.wav,Tamil,Depressed,train,16000,1,PCM_16,7.0625,8c74a2de4fc085096851e2e5e8ccfb4a
NLP Dataset/Tamil/Depressed/Train_set/D_S00_32-3.wav,D_S00_32-3.wav,Tamil,Depressed,train,16000,1,PCM_16,6.6875,96761d889c3b9b6a263b11bc7baa8515
NLP Dataset/Tamil/Depressed/Train_set/D_S00_32-4.wav,D_S00_32-4.wav,Tamil,Depressed,train,16000,1,PCM_16,6.5625,94a77cf8634ef96246d859189cd3b494
NLP Dataset/Tamil/Depressed/Train_set/D_S00_33-1.wav,D_S00_33-1.wav,Tamil,Depressed,train,16000,1,PCM_16,5.875,9b6fd89df4fa464b0d563951c567f16f
NLP Dataset/Tamil/Depressed/Train_set/D_S00_33-2.wav,D_S00_33-2.wav,Tamil,Depressed,train,16000,1,PCM_16,5.5,f7258998ebf5eb3736757ecd34ed911a
NLP Dataset/Tamil/Depressed/Train_set/D_S00_33-3.wav,D_S00_33-3.wav,Tamil,Depressed,train,16000,1,PCM_16,5.5625,8841e1d6b6d0f9b2b1a3016430ea9973
NLP Dataset/Tamil/Depressed/Train_set/D_S00_33-4.wav,D_S00_33-4.wav,Tamil,Depressed,train,16000,1,PCM_16,6.0,2058b802f6143935f40c5b5465250d35
NLP Dataset/Tamil/Depressed/Train_set/D_S00_34-1.wav,D_S00_34-1.wav,Tamil,Depressed,train,16000,1,PCM_16,5.5625,d7fa57b679cade2c42c19e79035d75c6
NLP Dataset/Tamil/Depressed/Train_set/D_S00_34-2.wav,D_S00_34-2.wav,Tamil,Depressed,train,16000,1,PCM_16,7.0,476c55126f32748985ced9ae69637957
NLP Dataset/Tamil/Depressed/Train_set/D_S00_34-3.wav,D_S00_34-3.wav,Tamil,Depressed,train,16000,1,PCM_16,6.0,7f6d193cf2f7c42a66bbea5b3c3cc456
NLP Dataset/Tamil/Depressed/Train_set/D_S00_34-4.wav,D_S00_34-4.wav,Tamil,Depressed,train,16000,1,PCM_16,6.5625,c32934e308c125228ac980c59993e373
NLP Dataset/Tamil/Depressed/Train_set/D_S00_35-1.wav,D_S00_35-1.wav,Tamil,Depressed,train,16000,1,PCM_16,4.25,49a8e9b163aef3e6e33b8dabe3f59396
NLP Dataset/Tamil/Depressed/Train_set/D_S00_35-2.wav,D_S00_35-2.wav,Tamil,Depressed,train,16000,1,PCM_16,4.1875,9b6ff5170244ca506ee62189c3cbe28a
NLP Dataset/Tamil/Depressed/Train_set/D_S00_35-3.wav,D_S00_35-3.wav,Tamil,Depressed,train,16000,1,PCM_16,4.9375,151abde0036ba7e002c834c92903a91f
NLP Dataset/Tamil/Depressed/Train_set/D_S00_35-4.wav,D_S00_35-4.wav,Tamil,Depressed,train,16000,1,PCM_16,6.5625,f0ed91e27524a1d9bf1a664b0fea3ece
NLP Dataset/Tamil/Depressed/Train_set/D_S00_36-1.wav,D_S00_36-1.wav,Tamil,Depressed,train,16000,1,PCM_16,5.3125,334dd51d85c5930f68963ad688751002
NLP Dataset/Tamil/Depressed/Train_set/D_S00_36-2.wav,D_S00_36-2.wav,Tamil,Depressed,train,16000,1,PCM_16,6.0,52b81ce8a3db9b573fb889a62f3d39a6
NLP Dataset/Tamil/Depressed/Train_set/D_S00_36-3.wav,D_S00_36-3.wav,Tamil,Depressed,train,16000,1,PCM_16,3.625,93ea1bc9023686693907a2d61dbffb82
NLP Dataset/Tamil/Depressed/Train_set/D_S00_36-4.wav,D_S00_36-4.wav,Tamil,Depressed,train,16000,1,PCM_16,9.9375,04a00bac2560b72b475a1b4c7adcb5db
NLP Dataset/Tamil/Depressed/Train_set/D_S00_37-1.wav,D_S00_37-1.wav,Tamil,Depressed,train,16000,1,PCM_16,9.3125,90c1ff1d4254ac41054b49d8c26192ab
NLP Dataset/Tamil/Depressed/Train_set/D_S00_37-2.wav,D_S00_37-2.wav,Tamil,Depressed,train,16000,1,PCM_16,8.4375,8e8c5336c8be11868f7d79d39f064bf7
NLP Dataset/Tamil/Depressed/Train_set/D_S00_37-3.wav,D_S00_37-3.wav,Tamil,Depressed,train,16000,1,PCM_16,8.5625,86dd37f2c9c2e01089dba8869004fa0e
NLP Dataset/Tamil/Depressed/Train_set/D_S00_37-4.wav,D_S00_37-4.wav,Tamil,Depressed,train,16000,1,PCM_16,7.1875,74272b5d24f47dbe9d97fd220dbfbfd3
NLP Dataset/Tamil/Depressed/Train_set/D_S00_38-1.wav,D_S00_38-1.wav,Tamil,Depressed,train,16000,1,PCM_16,6.75,7b3fc3373fe02491dec5f0f8ab957fca
NLP Dataset/Tamil/Depressed/Train_set/D_S00_38-2.wav,D_S00_38-2.wav,Tamil,Depressed,train,16000,1,PCM_16,9.0625,d657ac1843fc712a2d565892ee02199a
NLP Dataset/Tamil/Depressed/Train_set/D_S00_38-3.wav,D_S00_38-3.wav,Tamil,Depressed,train,16000,1,PCM_16,8.0625,4262cf254e14721834070202c31dfcf7
NLP Dataset/Tamil/Depressed/Train_set/D_S00_38-4.wav,D_S00_38-4.wav,Tamil,Depressed,train,16000,1,PCM_16,6.5,79f767e33b2eb2e9359c86d35cff6dc7
NLP Dataset/Tamil/Depressed/Train_set/D_S00_39-1.wav,D_S00_39-1.wav,Tamil,Depressed,train,16000,1,PCM_16,8.125,47df31bc19dcfe37eea4fc7ab1c35ea1
NLP Dataset/Tamil/Depressed/Train_set/D_S00_39-2.wav,D_S00_39-2.wav,Tamil,Depressed,train,16000,1,PCM_16,7.5,012f9300e5718e616b39f1dfb3f62a4b
NLP Dataset/Tamil/Depressed/Train_set/D_S00_39-3.wav,D_S00_39-3.wav,Tamil,Depressed,train,16000,1,PCM_16,6.9375,7b3531286467dbb443cc87556e5d19a2
NLP Dataset/Tamil/Depressed/Train_set/D_S00_39-4.wav,D_S00_39-4.wav,Tamil,Depressed,train,16000,1,PCM_16,8.75,d972747858cfde114cf644b96874bca3
NLP Dataset/Tamil/Depressed/Train_set/D_S00_40-1.wav,D_S00_40-1.wav,Tamil,Depressed,train,16000,1,PCM_16,12.4375,6c2c525212524f4c49af603fb7af4451
NLP Dataset/Tamil/Depressed/Train_set/D_S00_40-2.wav,D_S00_40-2.wav,Tamil,Depressed,train,16000,1,PCM_16,7.75,75347f497ce04204ba563ccc0a197694
NLP Dataset/Tamil/Depressed/Train_set/D_S00_40-3.wav,D_S00_40-3.wav,Tamil,Depressed,train,16000,1,PCM_16,8.15625,09dbc08398962ccc80c1b3ca89b04740
NLP Dataset/Tamil/Depressed/Train_set/D_S00_40-4.wav,D_S00_40-4.wav,Tamil,Depressed,train,16000,1,PCM_16,7.6875,f915ec1a544a2720307ed707d428eeae
NLP Dataset/Tamil/Depressed/Train_set/D_S00_41-1.wav,D_S00_41-1.wav,Tamil,Depressed,train,16000,1,PCM_16,9.0625,0fc1955588524831e3ac9b5ce278d786
NLP Dataset/Tamil/Depressed/Train_set/D_S00_41-2.wav,D_S00_41-2.wav,Tamil,Depressed,train,16000,1,PCM_16,7.75,c3b1580c6625ff1676dbeefb02bdd674
NLP Dataset/Tamil/Depressed/Train_set/D_S00_41-3.wav,D_S00_41-3.wav,Tamil,Depressed,train,16000,1,PCM_16,10.4375,4d529dd182b37747a5231bace11102bc
NLP Dataset/Tamil/Depressed/Train_set/D_S00_41-4.wav,D_S00_41-4.wav,Tamil,Depressed,train,16000,1,PCM_16,8.4375,43d24d94c10b289365d7c7c629922374
NLP Dataset/Tamil/Depressed/Train_set/D_S00_42-1.wav,D_S00_42-1.wav,Tamil,Depressed,train,16000,1,PCM_16,6.875,1c03c1fd60cc289776323d11f88b067a
NLP Dataset/Tamil/Depressed/Train_set/D_S00_42-2.wav,D_S00_42-2.wav,Tamil,Depressed,train,16000,1,PCM_16,6.375,52d5d503b8e66d99dcf623c2ea0ec153
NLP Dataset/Tamil/Depressed/Train_set/D_S00_42-3.wav,D_S00_42-3.wav,Tamil,Depressed,train,16000,1,PCM_16,6.4375,96dc8ee5dbc549d43bd6f8ff97d9efcb
NLP Dataset/Tamil/Depressed/Train_set/D_S00_42-4.wav,D_S00_42-4.wav,Tamil,Depressed,train,16000,1,PCM_16,6.375,abb96a69b1eea9381bdcd2e6115a2fe0
NLP Dataset/Tamil/Depressed/Train_set/D_S00_43-1.wav,D_S00_43-1.wav,Tamil,Depressed,train,16000,1,PCM_16,9.125,6989f28d93e76349633c55b9aeb8f9c1
NLP Dataset/Tamil/Depressed/Train_set/D_S00_43-2.wav,D_S00_43-2.wav,Tamil,Depressed,train,16000,1,PCM_16,7.625,94cef748de14f5cb8fb41844d2857793
NLP Dataset/Tamil/Depressed/Train_set/D_S00_43-3.wav,D_S00_43-3.wav,Tamil,Depressed,train,16000,1,PCM_16,8.8125,dd33648df7dc674d5b760fd2f18f67ed
NLP Dataset/Tamil/Depressed/Train_set/D_S00_43-4.wav,D_S00_43-4.wav,Tamil,Depressed,train,16000,1,PCM_16,7.625,6b35a1d047f5fcf5b5dd5a81eca48b29
NLP Dataset/Tamil/Depressed/Train_set/D_S00_44-1.wav,D_S00_44-1.wav,Tamil,Depressed,train,16000,1,PCM_16,9.3125,7b55df56f5c0ab49a35035ded22cc8f2
NLP Dataset/Tamil/Depressed/Train_set/D_S00_44-2.wav,D_S00_44-2.wav,Tamil,Depressed,train,16000,1,PCM_16,9.0625,bf80ea3af2333c5e1d33f3963ba06416
NLP Dataset/Tamil/Depressed/Train_set/D_S00_44-3.wav,D_S00_44-3.wav,Tamil,Depressed,train,16000,1,PCM_16,7.5,cab366f802c2d637074108149acff49a
NLP Dataset/Tamil/Depressed/Train_set/D_S00_44-4.wav,D_S00_44-4.wav,Tamil,Depressed,train,16000,1,PCM_16,9.0625,f925a795d4d433a2aaf0558ce1b37afa
NLP Dataset/Tamil/Depressed/Train_set/D_S00_45-1.wav,D_S00_45-1.wav,Tamil,Depressed,train,16000,1,PCM_16,7.0625,4cdbdccfc665d67cdc5b632969af514d
NLP Dataset/Tamil/Depressed/Train_set/D_S00_45-2.wav,D_S00_45-2.wav,Tamil,Depressed,train,16000,1,PCM_16,8.5625,cdfc1e504a52c04c2b5f41d24517d27b
NLP Dataset/Tamil/Depressed/Train_set/D_S00_45-3.wav,D_S00_45-3.wav,Tamil,Depressed,train,16000,1,PCM_16,9.375,9d1058a7c35795a7b4fa002038940ea2
NLP Dataset/Tamil/Depressed/Train_set/D_S00_45-4.wav,D_S00_45-4.wav,Tamil,Depressed,train,16000,1,PCM_16,6.9375,e0509fa2a56fb7bd9f580211bafa71b1
NLP Dataset/Tamil/Depressed/Train_set/D_S00_46-1.wav,D_S00_46-1.wav,Tamil,Depressed,train,16000,1,PCM_16,6.625,f8c0f45e078e53cd92a80833603e7c35
NLP Dataset/Tamil/Depressed/Train_set/D_S00_46-2.wav,D_S00_46-2.wav,Tamil,Depressed,train,16000,1,PCM_16,7.625,1b3e87152c2e5f62174c70fa09e8d3ff
NLP Dataset/Tamil/Depressed/Train_set/D_S00_46-3.wav,D_S00_46-3.wav,Tamil,Depressed,train,16000,1,PCM_16,7.1875,3fc754966adbbc307b49fe36aa032f97
NLP Dataset/Tamil/Depressed/Train_set/D_S00_46-4.wav,D_S00_46-4.wav,Tamil,Depressed,train,16000,1,PCM_16,6.625,285335777a6592cfefba4aefa3994c4b
NLP Dataset/Tamil/Depressed/Train_set/D_S00_47-1.wav,D_S00_47-1.wav,Tamil,Depressed,train,16000,1,PCM_16,6.875,a5a7e27b42c6cb5d3a05c276a9744780
NLP Dataset/Tamil/Depressed/Train_set/D_S00_47-2.wav,D_S00_47-2.wav,Tamil,Depressed,train,16000,1,PCM_16,7.125,6999294a25136d734d991e8d26ed4664
NLP Dataset/Tamil/Depressed/Train_set/D_S00_47-3.wav,D_S00_47-3.wav,Tamil,Depressed,train,16000,1,PCM_16,7.25,af6eeb75047b4ef14facfd94470a7951
NLP Dataset/Tamil/Depressed/Train_set/D_S00_47-4.wav,D_S00_47-4.wav,Tamil,Depressed,train,16000,1,PCM_16,7.0625,4370b617fcd5d9e35a36527833869705
NLP Dataset/Tamil/Depressed/Train_set/D_S00_48-1.wav,D_S00_48-1.wav,Tamil,Depressed,train,16000,1,PCM_16,6.5,471cfb3c142637ae41e8a5a15dc1c70d
NLP Dataset/Tamil/Depressed/Train_set/D_S00_48-2.wav,D_S00_48-2.wav,Tamil,Depressed,train,16000,1,PCM_16,6.9375,ce18a7c4a1235e46554779c43461b250
NLP Dataset/Tamil/Depressed/Train_set/D_S00_48-3.wav,D_S00_48-3.wav,Tamil,Depressed,train,16000,1,PCM_16,7.4375,466f9babe05ab7d4558ced04f4ead5fa
NLP Dataset/Tamil/Depressed/Train_set/D_S00_48-4.wav,D_S00_48-4.wav,Tamil,Depressed,train,16000,1,PCM_16,6.75,ce60b0fccbaf7e8b3875bfa693ded5d6
NLP Dataset/Tamil/Depressed/Train_set/D_S00_49-1.wav,D_S00_49-1.wav,Tamil,Depressed,train,16000,1,PCM_16,6.3125,95f869af5d552fd972a8b8ccfc0b3ff4
NLP Dataset/Tamil/Depressed/Train_set/D_S00_49-2.wav,D_S00_49-2.wav,Tamil,Depressed,train,16000,1,PCM_16,7.25,0d8d640f23f3df5a56814c3f7b516487
NLP Dataset/Tamil/Depressed/Train_set/D_S00_49-3.wav,D_S00_49-3.wav,Tamil,Depressed,train,16000,1,PCM_16,6.375,f64f2b66b349381a3bbffa342ab210f1
NLP Dataset/Tamil/Depressed/Train_set/D_S00_49-4.wav,D_S00_49-4.wav,Tamil,Depressed,train,16000,1,PCM_16,7.25,a2b7c1b3a9b47b3f1ee1a398e08296d2
NLP Dataset/Tamil/Depressed/Train_set/D_S00_50-1.wav,D_S00_50-1.wav,Tamil,Depressed,train,16000,1,PCM_16,7.3125,54bc8cd2cf77ed1eef1f7948d61c4312
NLP Dataset/Tamil/Depressed/Train_set/D_S00_50-2.wav,D_S00_50-2.wav,Tamil,Depressed,train,16000,1,PCM_16,7.8125,d410cdf24d2bb7e2c25004f5d647c6f8
NLP Dataset/Tamil/Depressed/Train_set/D_S00_50-3.wav,D_S00_50-3.wav,Tamil,Depressed,train,16000,1,PCM_16,8.0,883ee7bb51da0c111cce07481949131d
NLP Dataset/Tamil/Depressed/Train_set/D_S00_50-4.wav,D_S00_50-4.wav,Tamil,Depressed,train,16000,1,PCM_16,7.5,6606aea787eac506cdcbdc36e13487d5
NLP Dataset/Tamil/Depressed/Train_set/D_S00_51-1.wav,D_S00_51-1.wav,Tamil,Depressed,train,16000,1,PCM_16,7.375,e088403ff88dc1203771ee8aef70b04a
NLP Dataset/Tamil/Depressed/Train_set/D_S00_51-2.wav,D_S00_51-2.wav,Tamil,Depressed,train,16000,1,PCM_16,7.1875,7dd5945069d1812d700c917c9fc6c9f7
NLP Dataset/Tamil/Depressed/Train_set/D_S00_51-3.wav,D_S00_51-3.wav,Tamil,Depressed,train,16000,1,PCM_16,7.25,bd5f7f3279291114d88d862aa64800e2
NLP Dataset/Tamil/Depressed/Train_set/D_S00_51-4.wav,D_S00_51-4.wav,Tamil,Depressed,train,16000,1,PCM_16,7.0,1d1fac5c793c41384da3c88d29f51805
NLP Dataset/Tamil/Depressed/Train_set/D_S00_52-1.wav,D_S00_52-1.wav,Tamil,Depressed,train,16000,1,PCM_16,5.9375,0d9ac9eed4ec911d8bb22cff181b54ce
NLP Dataset/Tamil/Depressed/Train_set/D_S00_52-2.wav,D_S00_52-2.wav,Tamil,Depressed,train,16000,1,PCM_16,5.25,65558a7225957b4912bdf5ebc9c37845
NLP Dataset/Tamil/Depressed/Train_set/D_S00_52-3.wav,D_S00_52-3.wav,Tamil,Depressed,train,16000,1,PCM_16,5.9375,1389d335b9d9a1a915f394550503e829
NLP Dataset/Tamil/Depressed/Train_set/D_S00_52-4.wav,D_S00_52-4.wav,Tamil,Depressed,train,16000,1,PCM_16,6.6875,9ccf96966ffe8ce5b2c8f6efa1af22e8
NLP Dataset/Tamil/Depressed/Train_set/D_S00_53-1.wav,D_S00_53-1.wav,Tamil,Depressed,train,16000,1,PCM_16,7.5,67f68d239e3a89c4f731bf60b4b256d8
NLP Dataset/Tamil/Depressed/Train_set/D_S00_53-2.wav,D_S00_53-2.wav,Tamil,Depressed,train,16000,1,PCM_16,7.3125,73a252ddcc57d8132fe0201481bf84a7
NLP Dataset/Tamil/Depressed/Train_set/D_S00_53-3.wav,D_S00_53-3.wav,Tamil,Depressed,train,16000,1,PCM_16,6.9375,ced4449fd35a11926d25880438f351d3
NLP Dataset/Tamil/Depressed/Train_set/D_S00_53-4.wav,D_S00_53-4.wav,Tamil,Depressed,train,16000,1,PCM_16,6.0625,125250584be04d471e8d2649f26e1663
NLP Dataset/Tamil/Depressed/Train_set/D_S00_54-1.wav,D_S00_54-1.wav,Tamil,Depressed,train,16000,1,PCM_16,6.75,eb82f6eeee1687337e7f1a7b8d5eccb2
NLP Dataset/Tamil/Depressed/Train_set/D_S00_54-2.wav,D_S00_54-2.wav,Tamil,Depressed,train,16000,1,PCM_16,5.25,9a4c2136d39bb36b46e5f0417bc97c59
NLP Dataset/Tamil/Depressed/Train_set/D_S00_54-3.wav,D_S00_54-3.wav,Tamil,Depressed,train,16000,1,PCM_16,6.5,6959eccd8625bfc92b551797578319b3
NLP Dataset/Tamil/Depressed/Train_set/D_S00_54-4.wav,D_S00_54-4.wav,Tamil,Depressed,train,16000,1,PCM_16,6.8125,0885c02aae5979921e735234149b2c32
NLP Dataset/Tamil/Depressed/Train_set/D_S00_55-1.wav,D_S00_55-1.wav,Tamil,Depressed,train,16000,1,PCM_16,7.4375,c9a6c3f572c4cb562ba94fb036f4ae36
NLP Dataset/Tamil/Depressed/Train_set/D_S00_55-2.wav,D_S00_55-2.wav,Tamil,Depressed,train,16000,1,PCM_16,5.9375,ba976eaa7cd1a68cfddb69cd4cd6c47b
NLP Dataset/Tamil/Depressed/Train_set/D_S00_55-3.wav,D_S00_55-3.wav,Tamil,Depressed,train,16000,1,PCM_16,7.75,de32453ce493200d082c47913cc77310
NLP Dataset/Tamil/Depressed/Train_set/D_S00_55-4.wav,D_S00_55-4.wav,Tamil,Depressed,train,16000,1,PCM_16,7.625,6836be8d3d1265ea1709977200709e66
NLP Dataset/Tamil/Depressed/Train_set/D_S00_56-1.wav,D_S00_56-1.wav,Tamil,Depressed,train,16000,1,PCM_16,7.6875,4c234184524aff8f5bcd99e8bea0f01b
NLP Dataset/Tamil/Depressed/Train_set/D_S00_56-2.wav,D_S00_56-2.wav,Tamil,Depressed,train,16000,1,PCM_16,7.5625,16ced7c57cd501f4c4afb94dc6a87110
NLP Dataset/Tamil/Depressed/Train_set/D_S00_56-3.wav,D_S00_56-3.wav,Tamil,Depressed,train,16000,1,PCM_16,7.4375,f1b9ca54de9892f84728b73c6fa40817
NLP Dataset/Tamil/Depressed/Train_set/D_S00_56-4.wav,D_S00_56-4.wav,Tamil,Depressed,train,16000,1,PCM_16,8.1875,bd9de8b6d29b5ab26b7f68b1822d9bda
NLP Dataset/Tamil/Depressed/Train_set/D_S00_57-1.wav,D_S00_57-1.wav,Tamil,Depressed,train,16000,1,PCM_16,7.25,c0b1d714c5159d7e8c9035ed1fc5d5f4
NLP Dataset/Tamil/Depressed/Train_set/D_S00_57-2.wav,D_S00_57-2.wav,Tamil,Depressed,train,16000,1,PCM_16,8.125,a343004ac66fc9a9b975277835f9ac48
NLP Dataset/Tamil/Depressed/Train_set/D_S00_57-3.wav,D_S00_57-3.wav,Tamil,Depressed,train,16000,1,PCM_16,8.125,a1a565a2ca6755477e04193f738dbb58
NLP Dataset/Tamil/Depressed/Train_set/D_S00_57-4.wav,D_S00_57-4.wav,Tamil,Depressed,train,16000,1,PCM_16,7.875,8be4b12f4e4484ad4da337ebc4dc1013
NLP Dataset/Tamil/Depressed/Train_set/D_S00_58-1.wav,D_S00_58-1.wav,Tamil,Depressed,train,16000,1,PCM_16,6.875,9d61ea0709ad5d2313916b5b24b55fd9
NLP Dataset/Tamil/Depressed/Train_set/D_S00_58-2.wav,D_S00_58-2.wav,Tamil,Depressed,train,16000,1,PCM_16,6.625,75111071734aea109d659f230e4e05fc
NLP Dataset/Tamil/Depressed/Train_set/D_S00_58-3.wav,D_S00_58-3.wav,Tamil,Depressed,train,16000,1,PCM_16,6.625,f07724ce8bfb81682683bddaeddce751
NLP Dataset/Tamil/Depressed/Train_set/D_S00_58-4.wav,D_S00_58-4.wav,Tamil,Depressed,train,16000,1,PCM_16,8.15625,adaeb77c33c72aca11b07cc9ad610bf0
NLP Dataset/Tamil/Depressed/Train_set/D_S00_59-1.wav,D_S00_59-1.wav,Tamil,Depressed,train,16000,1,PCM_16,8.375,d2fcbd1dc5e40e21414735a17e2355a0
NLP Dataset/Tamil/Depressed/Train_set/D_S00_59-2.wav,D_S00_59-2.wav,Tamil,Depressed,train,16000,1,PCM_16,8.0,0565cdf017e0202638db1bf1b17328f7
NLP Dataset/Tamil/Depressed/Train_set/D_S00_59-3.wav,D_S00_59-3.wav,Tamil,Depressed,train,16000,1,PCM_16,8.875,8aa6d5248c10f9b5954e8e4780bf7d64
NLP Dataset/Tamil/Depressed/Train_set/D_S00_59-4.wav,D_S00_59-4.wav,Tamil,Depressed,train,16000,1,PCM_16,8.5,ca9642454f326040952be3b9eb6431ab
NLP Dataset/Tamil/Depressed/Train_set/D_S00_60-1.wav,D_S00_60-1.wav,Tamil,Depressed,train,16000,1,PCM_16,8.0,10e15e88df080a6a09735a4504f1526b
NLP Dataset/Tamil/Depressed/Train_set/D_S00_60-2.wav,D_S00_60-2.wav,Tamil,Depressed,train,16000,1,PCM_16,9.125,d91c1b51f3a212363cc301ab4bbe068d
NLP Dataset/Tamil/Depressed/Train_set/D_S00_60-3.wav,D_S00_60-3.wav,Tamil,Depressed,train,16000,1,PCM_16,8.625,eae504ec316aa850d5ddcad070f8bf4b
NLP Dataset/Tamil/Depressed/Train_set/D_S00_60-4.wav,D_S00_60-4.wav,Tamil,Depressed,train,16000,1,PCM_16,8.25,454289ce9d57b5a74b9d47ee8d50e9bf
NLP Dataset/Tamil/Depressed/Train_set/D_S00_61-1.wav,D_S00_61-1.wav,Tamil,Depressed,train,16000,1,PCM_16,7.375,020a36d140a187aba48443f252f7c802
NLP Dataset/Tamil/Depressed/Train_set/D_S00_61-2.wav,D_S00_61-2.wav,Tamil,Depressed,train,16000,1,PCM_16,7.0625,f73bfca85bfa777911235f68caa834dd
NLP Dataset/Tamil/Depressed/Train_set/D_S00_61-3.wav,D_S00_61-3.wav,Tamil,Depressed,train,16000,1,PCM_16,7.4375,f8e2df5f1496775d036bbcfcb3be484c
NLP Dataset/Tamil/Depressed/Train_set/D_S00_61-4.wav,D_S00_61-4.wav,Tamil,Depressed,train,16000,1,PCM_16,7.25,f885389df7791a0d2c164eb71733d39e
NLP Dataset/Tamil/Depressed/Train_set/D_S00_62-1.wav,D_S00_62-1.wav,Tamil,Depressed,train,16000,1,PCM_16,7.875,5c2dd5ffe40f30f9cb62f4887a0565e4
NLP Dataset/Tamil/Depressed/Train_set/D_S00_62-2.wav,D_S00_62-2.wav,Tamil,Depressed,train,16000,1,PCM_16,8.15625,565d1c363898c28af2acc2b7452c58cc
NLP Dataset/Tamil/Depressed/Train_set/D_S00_62-3.wav,D_S00_62-3.wav,Tamil,Depressed,train,16000,1,PCM_16,8.15625,cd21e6ea153ba4789124939f2b78101a
NLP Dataset/Tamil/Depressed/Train_set/D_S00_62-4.wav,D_S00_62-4.wav,Tamil,Depressed,train,16000,1,PCM_16,8.0625,219778392d32eec74950d31f957e17f4
NLP Dataset/Tamil/Depressed/Train_set/D_S00_62-5.wav,D_S00_62-5.wav,Tamil,Depressed,train,16000,1,PCM_16,8.3125,23e2494965290383b86526f4d0d10cf7
NLP Dataset/Tamil/Depressed/Train_set/D_S00_63-1.wav,D_S00_63-1.wav,Tamil,Depressed,train,16000,1,PCM_16,8.3125,efb5275a771ea5651f6c0d6addf3abc2
NLP Dataset/Tamil/Depressed/Train_set/D_S00_63-2.wav,D_S00_63-2.wav,Tamil,Depressed,train,16000,1,PCM_16,7.875,c8f69ce4fc9f84b130ea4a35227dd370
NLP Dataset/Tamil/Depressed/Train_set/D_S00_63-3.wav,D_S00_63-3.wav,Tamil,Depressed,train,16000,1,PCM_16,7.9375,cbee5b65da985767c114a6a97076a20c
NLP Dataset/Tamil/Depressed/Train_set/D_S00_63-4.wav,D_S00_63-4.wav,Tamil,Depressed,train,16000,1,PCM_16,7.6875,cefcf1f422539fe53eb4cabd9cb5d9ac
NLP Dataset/Tamil/Depressed/Train_set/D_S00_64-1.wav,D_S00_64-1.wav,Tamil,Depressed,train,16000,1,PCM_16,8.4375,d3b4c67bc88535d272ba4d9e5105dcd7
NLP Dataset/Tamil/Depressed/Train_set/D_S00_64-2.wav,D_S00_64-2.wav,Tamil,Depressed,train,16000,1,PCM_16,9.625,302f58c8af90eeb23eab5241e23664b0
NLP Dataset/Tamil/Depressed/Train_set/D_S00_64-3.wav,D_S00_64-3.wav,Tamil,Depressed,train,16000,1,PCM_16,8.5625,c8ae2c31cdc7ea7710cc352ef13f20e5
NLP Dataset/Tamil/Depressed/Train_set/D_S00_64-4.wav,D_S00_64-4.wav,Tamil,Depressed,train,16000,1,PCM_16,7.9375,a40f76bca0db67485289bd3ebff171b5
NLP Dataset/Tamil/Depressed/Train_set/D_S00_65-1.wav,D_S00_65-1.wav,Tamil,Depressed,train,16000,1,PCM_16,6.625,3ca86ff09ea2f3eecf07e0c8043cdaa7
NLP Dataset/Tamil/Depressed/Train_set/D_S00_65-2.wav,D_S00_65-2.wav,Tamil,Depressed,train,16000,1,PCM_16,6.5625,725e733870ce9ace1a0d47d7626a5ed0
NLP Dataset/Tamil/Depressed/Train_set/D_S00_65-3.wav,D_S00_65-3.wav,Tamil,Depressed,train,16000,1,PCM_16,7.75,9c676a3db8d8630508a44d3be1cf9ddf
NLP Dataset/Tamil/Depressed/Train_set/D_S00_65-4.wav,D_S00_65-4.wav,Tamil,Depressed,train,16000,1,PCM_16,7.1875,1a901de85480671fb1fd0ab9285e4dba
NLP Dataset/Tamil/Non-depressed/Train_set/ND1_0001.wav,ND1_0001.wav,Tamil,Non-depressed,train,48000,2,PCM_16,2.3599791666666667,efefa85d62d78f9dd77277917a1e71b7
NLP Dataset/Tamil/Non-depressed/Train_set/ND1_0002.wav,ND1_0002.wav,Tamil,Non-depressed,train,48000,2,PCM_16,2.61,5e4574da5a53ae4e79f552440d5ffba5
NLP Dataset/Tamil/Non-depressed/Train_set/ND1_0003.wav,ND1_0003.wav,Tamil,Non-depressed,train,48000,2,PCM_16,2.395,d65c4a46c6f31e358b821b00796045a7
NLP Dataset/Tamil/Non-depressed/Train_set/ND1_0004.wav,ND1_0004.wav,Tamil,Non-depressed,train,48000,2,PCM_16,2.1975208333333334,26c4c8e6f0a203ea940561c2df35c902
NLP Dataset/Tamil/Non-depressed/Train_set/ND1_0005.wav,ND1_0005.wav,Tamil,Non-depressed,train,48000,2,PCM_16,2.4025,3ec164819d3bf9f3da1a4421ff1ae61b
NLP Dataset/Tamil/Non-depressed/Train_set/ND1_0006.wav,ND1_0006.wav,Tamil,Non-depressed,train,48000,2,PCM_16,3.19,f213404b3238d73160a74257e6fa192d
NLP Dataset/Tamil/Non-depressed/Train_set/ND1_0007.wav,ND1_0007.wav,Tamil,Non-depressed,train,48000,2,PCM_16,2.1124791666666667,0d86175c0073c56a081b785f84629136
NLP Dataset/Tamil/Non-depressed/Train_set/ND1_0008.wav,ND1_0008.wav,Tamil,Non-depressed,train,48000,2,PCM_16,3.0475,8199ddbada019771cb7333bb1d4a4b2e
NLP Dataset/Tamil/Non-depressed/Train_set/ND1_0009.wav,ND1_0009.wav,Tamil,Non-depressed,train,48000,2,PCM_16,2.7,8e983f8019c3796b9b223cf657d91656
NLP Dataset/Tamil/Non-depressed/Train_set/ND1_0010.wav,ND1_0010.wav,Tamil,Non-depressed,train,48000,2,PCM_16,2.7225,2f1c502eb2cdf3670acf4f5c5d64b00e
NLP Dataset/Tamil/Non-depressed/Train_set/ND1_0011.wav,ND1_0011.wav,Tamil,Non-depressed,train,48000,2,PCM_16,3.29,e8d1b83087f56c1f13927df7b429eea4
NLP Dataset/Tamil/Non-depressed/Train_set/ND1_0012.wav,ND1_0012.wav,Tamil,Non-depressed,train,48000,2,PCM_16,2.9025,b903745f4298283aa5be9768c47d349e
NLP Dataset/Tamil/Non-depressed/Train_set/ND1_0013.wav,ND1_0013.wav,Tamil,Non-depressed,train,48000,2,PCM_16,3.0125,d9887c7d4d304078ac1798a454a685d7
NLP Dataset/Tamil/Non-depressed/Train_set/ND1_0014.wav,ND1_0014.wav,Tamil,Non-depressed,train,48000,2,PCM_16,2.84,7b3216fe76de89337fd9a1e4a748f360
NLP Dataset/Tamil/Non-depressed/Train_set/ND1_0015.wav,ND1_0015.wav,Tamil,Non-depressed,train,48000,2,PCM_16,2.0625,24bf2e1a9edcdf149091ecce0b429443
NLP Dataset/Tamil/Non-depressed/Train_set/ND1_0016.wav,ND1_0016.wav,Tamil,Non-depressed,train,48000,2,PCM_16,3.585,01955a7ed7876fdacaabc3d557c29708
NLP Dataset/Tamil/Non-depressed/Train_set/ND1_0017.wav,ND1_0017.wav,Tamil,Non-depressed,train,48000,2,PCM_16,2.865,e94c73d7500cdeaa4d6159e177eb21be
NLP Dataset/Tamil/Non-depressed/Train_set/ND1_0018.wav,ND1_0018.wav,Tamil,Non-depressed,train,48000,2,PCM_16,4.0125,ca83a509ed84c9f57794916c380b3e07
NLP Dataset/Tamil/Non-depressed/Train_set/ND1_0019.wav,ND1_0019.wav,Tamil,Non-depressed,train,48000,2,PCM_16,4.3125,8a420f015443d4e230cd7563a55c6539
NLP Dataset/Tamil/Non-depressed/Train_set/ND1_0020.wav,ND1_0020.wav,Tamil,Non-depressed,train,48000,2,PCM_16,3.6525,db295314e3f3cdc0dcc4033c80bedfda
NLP Dataset/Tamil/Non-depressed/Train_set/ND1_0021.wav,ND1_0021.wav,Tamil,Non-depressed,train,48000,2,PCM_16,3.107479166666667,3e23bc20c9b8638a3ec2802973a946b1
NLP Dataset/Tamil/Non-depressed/Train_set/ND1_0022.wav,ND1_0022.wav,Tamil,Non-depressed,train,48000,2,PCM_16,3.6725,234a816714e97dd7c10db3c32c6f3810
NLP Dataset/Tamil/Non-depressed/Train_set/ND1_0023.wav,ND1_0023.wav,Tamil,Non-depressed,train,48000,2,PCM_16,3.7725,c417febdda3c15eb62f1b165036dd2b1
NLP Dataset/Tamil/Non-depressed/Train_set/ND1_0024.wav,ND1_0024.wav,Tamil,Non-depressed,train,48000,2,PCM_16,3.1075,5d3bd8b8472f99f92a6677cbf83c9849
NLP Dataset/Tamil/Non-depressed/Train_set/ND1_0025.wav,ND1_0025.wav,Tamil,Non-depressed,train,48000,2,PCM_16,3.6975,a23f31ef3b9909097c4d0696f3e1f36f
NLP Dataset/Tamil/Non-depressed/Train_set/ND1_0026.wav,ND1_0026.wav,Tamil,Non-depressed,train,48000,2,PCM_16,2.5475208333333335,180d2b9d3057030bdbfa1396e3955f11
NLP Dataset/Tamil/Non-depressed/Train_set/ND1_0027.wav,ND1_0027.wav,Tamil,Non-depressed,train,48000,2,PCM_16,3.6925,e7d657a6b9b71e205cadf54cf37bb63b
NLP Dataset/Tamil/Non-depressed/Train_set/ND1_0028.wav,ND1_0028.wav,Tamil,Non-depressed,train,48000,2,PCM_16,3.3725,ee0297e395ee143521ee83462961474b
NLP Dataset/Tamil/Non-depressed/Train_set/ND1_0029.wav,ND1_0029.wav,Tamil,Non-depressed,train,48000,2,PCM_16,2.11,3301f9f7355a2c3ead9121f402ae2864
NLP Dataset/Tamil/Non-depressed/Train_set/ND1_0030.wav,ND1_0030.wav,Tamil,Non-depressed,train,48000,2,PCM_16,3.3975,177c5b5a22bf2e315745b6c7ff6c7ff8
NLP Dataset/Tamil/Non-depressed/Train_set/ND1_0031.wav,ND1_0031.wav,Tamil,Non-depressed,train,48000,2,PCM_16,3.06,a5a5121dba99c620346138c263e601e4
NLP Dataset/Tamil/Non-depressed/Train_set/ND1_0032.wav,ND1_0032.wav,Tamil,Non-depressed,train,48000,2,PCM_16,2.8675,bee28964198c0d8eb3a837a068c1a8c4
NLP Dataset/Tamil/Non-depressed/Train_set/ND1_0033.wav,ND1_0033.wav,Tamil,Non-depressed,train,48000,2,PCM_16,1.795,8f21b0149570a4e999b5d1eca78a8706
NLP Dataset/Tamil/Non-depressed/Train_set/ND1_0034.wav,ND1_0034.wav,Tamil,Non-depressed,train,48000,2,PCM_16,1.6825,02823dea69680c722c017e836032b2e9
NLP Dataset/Tamil/Non-depressed/Train_set/ND1_0035.wav,ND1_0035.wav,Tamil,Non-depressed,train,48000,2,PCM_16,3.2375,8b8d1a0ec69c3119b97757e84925e74f
NLP Dataset/Tamil/Non-depressed/Train_set/ND1_0036.wav,ND1_0036.wav,Tamil,Non-depressed,train,48000,2,PCM_16,3.0375,7b65b1e2b274490ddf3fce29dda64627
NLP Dataset/Tamil/Non-depressed/Train_set/ND1_0037.wav,ND1_0037.wav,Tamil,Non-depressed,train,48000,2,PCM_16,2.8975,0eabf8b6fdc0146f3c254affcd16efec
NLP Dataset/Tamil/Non-depressed/Train_set/ND1_0038.wav,ND1_0038.wav,Tamil,Non-depressed,train,48000,2,PCM_16,2.9625,4db86ed63d096ad0ccb12bd768fc7fad
NLP Dataset/Tamil/Non-depressed/Train_set/ND1_0039.wav,ND1_0039.wav,Tamil,Non-depressed,train,48000,2,PCM_16,1.405,682de0255290e9d7cdba75bfc362e0d2
NLP Dataset/Tamil/Non-depressed/Train_set/ND1_0040.wav,ND1_0040.wav,Tamil,Non-depressed,train,48000,2,PCM_16,2.8125,f0185874475be255af2c51962793370f
NLP Dataset/Tamil/Non-depressed/Train_set/ND1_0041.wav,ND1_0041.wav,Tamil,Non-depressed,train,48000,2,PCM_16,2.675,523c99e37ca529e7fec0548377c71302
NLP Dataset/Tamil/Non-depressed/Train_set/ND1_0042.wav,ND1_0042.wav,Tamil,Non-depressed,train,48000,2,PCM_16,2.2025208333333333,859c929b09480350a11e2ef7d2c22019
NLP Dataset/Tamil/Non-depressed/Train_set/ND1_0043.wav,ND1_0043.wav,Tamil,Non-depressed,train,48000,2,PCM_16,3.1225,9ac9fbfbcbae7f748c080d810e04a5eb
NLP Dataset/Tamil/Non-depressed/Train_set/ND1_0044.wav,ND1_0044.wav,Tamil,Non-depressed,train,48000,2,PCM_16,2.71,bc18d5112cb11f73962092e1ebe8d72b
NLP Dataset/Tamil/Non-depressed/Train_set/ND1_0045.wav,ND1_0045.wav,Tamil,Non-depressed,train,48000,2,PCM_16,2.04,6cc1a943ac0940a608ac0ebc8791837b
NLP Dataset/Tamil/Non-depressed/Train_set/ND1_0046.wav,ND1_0046.wav,Tamil,Non-depressed,train,48000,2,PCM_16,3.9325,245a544753af027bb14fe322424e8a0d
NLP Dataset/Tamil/Non-depressed/Train_set/ND1_0047.wav,ND1_0047.wav,Tamil,Non-depressed,train,48000,2,PCM_16,2.2425,8c543c99a06a91af00ddad22b3d0f244
NLP Dataset/Tamil/Non-depressed/Train_set/ND1_0048.wav,ND1_0048.wav,Tamil,Non-depressed,train,48000,2,PCM_16,1.8975,7bd05a556179a97f47884967c9ca643e
NLP Dataset/Tamil/Non-depressed/Train_set/ND1_0049.wav,ND1_0049.wav,Tamil,Non-depressed,train,48000,2,PCM_16,1.805,02457926d87f55897e18059aa234c6a7
NLP Dataset/Tamil/Non-depressed/Train_set/ND1_0050.wav,ND1_0050.wav,Tamil,Non-depressed,train,48000,2,PCM_16,1.705,2cc946e5d790dc00d412403293341cac
NLP Dataset/Tamil/Non-depressed/Train_set/ND1_0051.wav,ND1_0051.wav,Tamil,Non-depressed,train,48000,2,PCM_16,2.1774791666666666,73732a208871039806355304f55cf17f
NLP Dataset/Tamil/Non-depressed/Train_set/ND1_0052.wav,ND1_0052.wav,Tamil,Non-depressed,train,48000,2,PCM_16,3.195,51c9312c91f5a154bf049a4a030217c1
NLP Dataset/Tamil/Non-depressed/Train_set/ND1_0053.wav,ND1_0053.wav,Tamil,Non-depressed,train,48000,2,PCM_16,2.5775,883702853f54d7b89da4be6b08e726e1
NLP Dataset/Tamil/Non-depressed/Train_set/ND1_0054.wav,ND1_0054.wav,Tamil,Non-depressed,train,48000,2,PCM_16,2.519979166666667,09600caad576b469cfe9c4b03aa5f4b6
NLP Dataset/Tamil/Non-depressed/Train_set/ND1_0055.wav,ND1_0055.wav,Tamil,Non-depressed,train,48000,2,PCM_16,2.2125208333333335,e37ff7c4390ac92348ec226b5b786f45
NLP Dataset/Tamil/Non-depressed/Train_set/ND1_0056.wav,ND1_0056.wav,Tamil,Non-depressed,train,48000,2,PCM_16,1.5825,331074f800b71c13000715b87de5b364
NLP Dataset/Tamil/Non-depressed/Train_set/ND1_0057.wav,ND1_0057.wav,Tamil,Non-depressed,train,48000,2,PCM_16,2.2025,835c3bac94c779fdb849e8dc67693456
NLP Dataset/Tamil/Non-depressed/Train_set/ND1_0058.wav,ND1_0058.wav,Tamil,Non-depressed,train,48000,2,PCM_16,1.7425,112bf52c2da75031c158ed893746ec4b
NLP Dataset/Tamil/Non-depressed/Train_set/ND1_0059.wav,ND1_0059.wav,Tamil,Non-depressed,train,48000,2,PCM_16,3.0725,fb6f807d8233de11283367b3df323093
NLP Dataset/Tamil/Non-depressed/Train_set/ND1_0060.wav,ND1_0060.wav,Tamil,Non-depressed,train,48000,2,PCM_16,2.2925,08034f03b953ac143076330e4fd60b11
NLP Dataset/Tamil/Non-depressed/Train_set/ND1_0061.wav,ND1_0061.wav,Tamil,Non-depressed,train,48000,2,PCM_16,1.7925,5ee3d28a7e88f7f8fb1785d0d4dcbc0c
NLP Dataset/Tamil/Non-depressed/Train_set/ND1_0062.wav,ND1_0062.wav,Tamil,Non-depressed,train,48000,2,PCM_16,1.48,2d7d34d419eb3340a7979c01d97f8b5d
NLP Dataset/Tamil/Non-depressed/Train_set/ND1_0063.wav,ND1_0063.wav,Tamil,Non-depressed,train,48000,2,PCM_16,2.185,66bbbbaf8fa2d6c495356a15f2185cc7
NLP Dataset/Tamil/Non-depressed/Train_set/ND1_0064.wav,ND1_0064.wav,Tamil,Non-depressed,train,48000,2,PCM_16,2.0475,364a2b0acde7fbfc229b8ca1f77735cc
NLP Dataset/Tamil/Non-depressed/Train_set/ND1_0065.wav,ND1_0065.wav,Tamil,Non-depressed,train,48000,2,PCM_16,2.5525208333333333,58f58b41f0323f9c8886f0db6d9901e0
NLP Dataset/Tamil/Non-depressed/Train_set/ND1_0066.wav,ND1_0066.wav,Tamil,Non-depressed,train,48000,2,PCM_16,3.2,9a6ce975bbc9dfa21d8e222f4ea05480
NLP Dataset/Tamil/Non-depressed/Train_set/ND1_0067.wav,ND1_0067.wav,Tamil,Non-depressed,train,48000,2,PCM_16,8.065,03b4f7fbc893e5ebcc83cbe6cd42aac0
NLP Dataset/Tamil/Non-depressed/Train_set/ND1_0068.wav,ND1_0068.wav,Tamil,Non-depressed,train,48000,2,PCM_16,2.0425,12509a9867464ba0ea68c699d098b738
NLP Dataset/Tamil/Non-depressed/Train_set/ND1_0069.wav,ND1_0069.wav,Tamil,Non-depressed,train,48000,2,PCM_16,1.495,28ff5a42dbb4b7159cb2964c7c2f1391
NLP Dataset/Tamil/Non-depressed/Train_set/ND1_0070.wav,ND1_0070.wav,Tamil,Non-depressed,train,48000,2,PCM_16,1.805,0688dcd4bd96ff36682d44fc1b7333cc
NLP Dataset/Tamil/Non-depressed/Train_set/ND1_0071.wav,ND1_0071.wav,Tamil,Non-depressed,train,48000,2,PCM_16,2.14,d4d5eb1d08059ff27404d1a025b9607c
NLP Dataset/Tamil/Non-depressed/Train_set/ND1_0072.wav,ND1_0072.wav,Tamil,Non-depressed,train,48000,2,PCM_16,1.855,1b2394f47d4148e40d6a642c377f8d66
NLP Dataset/Tamil/Non-depressed/Train_set/ND1_0073.wav,ND1_0073.wav,Tamil,Non-depressed,train,48000,2,PCM_16,2.7025,4c41f820162343390da981353abde62f
NLP Dataset/Tamil/Non-depressed/Train_set/ND1_0074.wav,ND1_0074.wav,Tamil,Non-depressed,train,48000,2,PCM_16,1.31,8d47121c38f8457302757d958de5bf5a
NLP Dataset/Tamil/Non-depressed/Train_set/ND1_0075.wav,ND1_0075.wav,Tamil,Non-depressed,train,48000,2,PCM_16,1.285,7ca7c12e27d8ea9b711b37ff3cdef948
NLP Dataset/Tamil/Non-depressed/Train_set/ND1_0076.wav,ND1_0076.wav,Tamil,Non-depressed,train,48000,2,PCM_16,3.3225,e00d9f0043919b24cc58e10ecd6ac6e2
NLP Dataset/Tamil/Non-depressed/Train_set/ND1_0077.wav,ND1_0077.wav,Tamil,Non-depressed,train,48000,2,PCM_16,1.8725,03d3ec2ca1f86f5d617e08f894a28cb5
NLP Dataset/Tamil/Non-depressed/Train_set/ND1_0078.wav,ND1_0078.wav,Tamil,Non-depressed,train,48000,2,PCM_16,2.4925,e57e206624853eb32e942b4108159d7a
NLP Dataset/Tamil/Non-depressed/Train_set/ND1_0079.wav,ND1_0079.wav,Tamil,Non-depressed,train,48000,2,PCM_16,3.3474791666666666,402d08959bfd2d4457e0b2bb424805e5
NLP Dataset/Tamil/Non-depressed/Train_set/ND1_0080.wav,ND1_0080.wav,Tamil,Non-depressed,train,48000,2,PCM_16,3.7600208333333334,912b76c91702e1832db16ccd0eb3521b
NLP Dataset/Tamil/Non-depressed/Train_set/ND1_0081.wav,ND1_0081.wav,Tamil,Non-depressed,train,48000,2,PCM_16,2.2175,952256e713c04669798a2cf0000cb533
NLP Dataset/Tamil/Non-depressed/Train_set/ND1_0082.wav,ND1_0082.wav,Tamil,Non-depressed,train,48000,2,PCM_16,2.8225208333333334,3540e3d1285fb54285eed06ec9afc7ec
NLP Dataset/Tamil/Non-depressed/Train_set/ND1_0083.wav,ND1_0083.wav,Tamil,Non-depressed,train,48000,2,PCM_16,1.9775,bf29754f0d7284e5efc5cb7c71ad9b27
NLP Dataset/Tamil/Non-depressed/Train_set/ND1_0084.wav,ND1_0084.wav,Tamil,Non-depressed,train,48000,2,PCM_16,2.5775,626b8281f86c5c97a48f22181d52ccfa
NLP Dataset/Tamil/Non-depressed/Train_set/ND1_0085.wav,ND1_0085.wav,Tamil,Non-depressed,train,48000,2,PCM_16,2.67,b10ed0ab4eccb0b6f4e6189e51db0c68
NLP Dataset/Tamil/Non-depressed/Train_set/ND1_0086.wav,ND1_0086.wav,Tamil,Non-depressed,train,48000,2,PCM_16,3.0924791666666667,22eb3ae1d571468c963d74f7a360ac11
NLP Dataset/Tamil/Non-depressed/Train_set/ND1_0087.wav,ND1_0087.wav,Tamil,Non-depressed,train,48000,2,PCM_16,2.355,b23e0b1ef1bf674b93ef9b2838b284e1
NLP Dataset/Tamil/Non-depressed/Train_set/ND1_0088.wav,ND1_0088.wav,Tamil,Non-depressed,train,48000,2,PCM_16,2.185,26d89f30babbc6cb0376894bbcdd1c37
NLP Dataset/Tamil/Non-depressed/Train_set/ND1_0089.wav,ND1_0089.wav,Tamil,Non-depressed,train,48000,2,PCM_16,1.34,2638eed997b1278d41448ed318d9bbda
NLP Dataset/Tamil/Non-depressed/Train_set/ND1_0090.wav,ND1_0090.wav,Tamil,Non-depressed,train,48000,2,PCM_16,3.6875,efdea8f8b02e748327268ab291cb3445
NLP Dataset/Tamil/Non-depressed/Train_set/ND1_0091.wav,ND1_0091.wav,Tamil,Non-depressed,train,48000,2,PCM_16,2.315,1700d0f1a2602f00001831859cd13172
NLP Dataset/Tamil/Non-depressed/Train_set/ND1_0092.wav,ND1_0092.wav,Tamil,Non-depressed,train,48000,2,PCM_16,1.8,2ee111f4180a98f8213c99df982aa742
NLP Dataset/Tamil/Non-depressed/Train_set/ND1_0093.wav,ND1_0093.wav,Tamil,Non-depressed,train,48000,2,PCM_16,3.26,ee53bb2ad108e7e115c25df8b82fcb8d
NLP Dataset/Tamil/Non-depressed/Train_set/ND1_0094.wav,ND1_0094.wav,Tamil,Non-depressed,train,48000,2,PCM_16,1.8475,191ffbed6f5d874b73156564bf6f1168
NLP Dataset/Tamil/Non-depressed/Train_set/ND1_0095.wav,ND1_0095.wav,Tamil,Non-depressed,train,48000,2,PCM_16,2.9275,2526bee1a10e73b51fd0e60681fa65b6
NLP Dataset/Tamil/Non-depressed/Train_set/ND1_0096.wav,ND1_0096.wav,Tamil,Non-depressed,train,48000,2,PCM_16,2.285,57ac3a22cc4f6e32faeb87b8f2b3e79d
NLP Dataset/Tamil/Non-depressed/Train_set/ND1_0097.wav,ND1_0097.wav,Tamil,Non-depressed,train,48000,2,PCM_16,1.8150208333333333,74940ae597b88537aa86fc150083eb73
NLP Dataset/Tamil/Non-depressed/Train_set/ND1_0098.wav,ND1_0098.wav,Tamil,Non-depressed,train,48000,2,PCM_16,2.0875,ee7f08c93f6450a8b8e001f38ef4e96a
NLP Dataset/Tamil/Non-depressed/Train_set/ND1_0099.wav,ND1_0099.wav,Tamil,Non-depressed,train,48000,2,PCM_16,2.33,c9c0c03f6cbdf1933a6b07e91abd87d5
NLP Dataset/Tamil/Non-depressed/Train_set/ND1_0100.wav,ND1_0100.wav,Tamil,Non-depressed,train,48000,2,PCM_16,2.3625,e6fe78812d9ddee7c1d47fc1279f45d4
NLP Dataset/Tamil/Non-depressed/Train_set/ND1_0101.wav,ND1_0101.wav,Tamil,Non-depressed,train,48000,2,PCM_16,3.55,23e32bb80f3cfd9921a34866585a19c9
NLP Dataset/Tamil/Non-depressed/Train_set/ND1_0102.wav,ND1_0102.wav,Tamil,Non-depressed,train,48000,2,PCM_16,2.125,8b0c1ed7847277f8b02fd95dbc1f8945
NLP Dataset/Tamil/Non-depressed/Train_set/ND1_0103.wav,ND1_0103.wav,Tamil,Non-depressed,train,48000,2,PCM_16,2.0225,d574f3119accdf54ef194ee8f34d8a4b
NLP Dataset/Tamil/Non-depressed/Train_set/ND1_0104.wav,ND1_0104.wav,Tamil,Non-depressed,train,48000,2,PCM_16,2.95,f3a4daac281f5fc888569906b6c3de2a
NLP Dataset/Tamil/Non-depressed/Train_set/ND1_0105.wav,ND1_0105.wav,Tamil,Non-depressed,train,48000,2,PCM_16,1.815,9f1fa1ad278dbfb8835a960f6a59dea1
NLP Dataset/Tamil/Non-depressed/Train_set/ND1_0106.wav,ND1_0106.wav,Tamil,Non-depressed,train,48000,2,PCM_16,1.91,92cb4ac277f45826dad829752b2eef61
NLP Dataset/Tamil/Non-depressed/Train_set/ND1_0107.wav,ND1_0107.wav,Tamil,Non-depressed,train,48000,2,PCM_16,2.9124791666666665,f336a5d8e9bd440a30825192d714b071
NLP Dataset/Tamil/Non-depressed/Train_set/ND1_0108.wav,ND1_0108.wav,Tamil,Non-depressed,train,48000,2,PCM_16,1.8649791666666666,1651eb708fd8a379d66998403911fa51
NLP Dataset/Tamil/Non-depressed/Train_set/ND1_0109.wav,ND1_0109.wav,Tamil,Non-depressed,train,48000,2,PCM_16,1.785,2dbc458796aaf821cc02d90f538ce866
NLP Dataset/Tamil/Non-depressed/Train_set/ND1_0110.wav,ND1_0110.wav,Tamil,Non-depressed,train,48000,2,PCM_16,2.095,ef78b368d8972a9d4177efbdfe5bf2e5
NLP Dataset/Tamil/Non-depressed/Train_set/ND1_0111.wav,ND1_0111.wav,Tamil,Non-depressed,train,48000,2,PCM_16,2.334979166666667,16d1a89514f665da3b2874b21ce7b166
NLP Dataset/Tamil/Non-depressed/Train_set/ND1_0112.wav,ND1_0112.wav,Tamil,Non-depressed,train,48000,2,PCM_16,2.4649791666666667,449b98912851ffe1d8d0be7c81fd9635
NLP Dataset/Tamil/Non-depressed/Train_set/ND1_0113.wav,ND1_0113.wav,Tamil,Non-depressed,train,48000,2,PCM_16,2.1275,92196abd8cfa615a46325e39f3999628
NLP Dataset/Tamil/Non-depressed/Train_set/ND1_0114.wav,ND1_0114.wav,Tamil,Non-depressed,train,48000,2,PCM_16,2.6750208333333334,767ee5092365502205900e5920f9c2d6
NLP Dataset/Tamil/Non-depressed/Train_set/ND1_0115.wav,ND1_0115.wav,Tamil,Non-depressed,train,48000,2,PCM_16,1.9125,1baf18ca9aba5a916ad9cb53d56e20f5
NLP Dataset/Tamil/Non-depressed/Train_set/ND1_0116.wav,ND1_0116.wav,Tamil,Non-depressed,train,48000,2,PCM_16,2.225,f36289b4b057d5fa8ee37c2e3f442007
NLP Dataset/Tamil/Non-depressed/Train_set/ND1_0117.wav,ND1_0117.wav,Tamil,Non-depressed,train,48000,2,PCM_16,1.7225,1fabe4e84f37325344f6a24e7569acef
NLP Dataset/Tamil/Non-depressed/Train_set/ND1_0118.wav,ND1_0118.wav,Tamil,Non-depressed,train,48000,2,PCM_16,2.3425,5a041f718eb468978fae568a3b979011
NLP Dataset/Tamil/Non-depressed/Train_set/ND1_0119.wav,ND1_0119.wav,Tamil,Non-depressed,train,48000,2,PCM_16,2.2025,ba6ffb06f97004cd12dd74f48db1da8c
NLP Dataset/Tamil/Non-depressed/Train_set/ND1_0120.wav,ND1_0120.wav,Tamil,Non-depressed,train,48000,2,PCM_16,2.13,6726539b4552831fd9c8d474b24ce9a9
NLP Dataset/Tamil/Non-depressed/Train_set/ND1_0121.wav,ND1_0121.wav,Tamil,Non-depressed,train,48000,2,PCM_16,2.765,4a42bf02d8579733d2efe5fef719842b
NLP Dataset/Tamil/Non-depressed/Train_set/ND1_0122.wav,ND1_0122.wav,Tamil,Non-depressed,train,48000,2,PCM_16,2.0525,118eb61d2b151b26f1ba223c0adf76d0
NLP Dataset/Tamil/Non-depressed/Train_set/ND1_0123.wav,ND1_0123.wav,Tamil,Non-depressed,train,48000,2,PCM_16,2.4725,0a7c8ae7fd2433b2f5015ccd97630fd2
NLP Dataset/Tamil/Non-depressed/Train_set/ND1_0124.wav,ND1_0124.wav,Tamil,Non-depressed,train,48000,2,PCM_16,2.6575,19c433afe1de55deaee456c58aef06f1
NLP Dataset/Tamil/Non-depressed/Train_set/ND1_0125.wav,ND1_0125.wav,Tamil,Non-depressed,train,48000,2,PCM_16,1.8825,85ec63b4deb71240090fff3dadad314f
NLP Dataset/Tamil/Non-depressed/Train_set/ND1_0126.wav,ND1_0126.wav,Tamil,Non-depressed,train,48000,2,PCM_16,2.3250208333333333,cd49a381404d3f62110446ce9490a228
NLP Dataset/Tamil/Non-depressed/Train_set/ND1_0127.wav,ND1_0127.wav,Tamil,Non-depressed,train,48000,2,PCM_16,3.3325,e5a68762752fabf9a2547b4374e27c3d
NLP Dataset/Tamil/Non-depressed/Train_set/ND1_0128.wav,ND1_0128.wav,Tamil,Non-depressed,train,48000,2,PCM_16,2.7325,fbd8ecebd74761464c6bba0fde0d7abd
NLP Dataset/Tamil/Non-depressed/Train_set/ND1_0129.wav,ND1_0129.wav,Tamil,Non-depressed,train,48000,2,PCM_16,2.77,433299e0349dace7b9613809284c11e9
NLP Dataset/Tamil/Non-depressed/Train_set/ND1_0130.wav,ND1_0130.wav,Tamil,Non-depressed,train,48000,2,PCM_16,1.92,dbbdbe9d5382fb8c5fd611b0633d56f4
NLP Dataset/Tamil/Non-depressed/Train_set/ND1_0131.wav,ND1_0131.wav,Tamil,Non-depressed,train,48000,2,PCM_16,2.235,21f3501efc4edad39b115313395145e3
NLP Dataset/Tamil/Non-depressed/Train_set/ND1_0132.wav,ND1_0132.wav,Tamil,Non-depressed,train,48000,2,PCM_16,3.5125,5024cf25596e979df423bfb2a72c65c0
NLP Dataset/Tamil/Non-depressed/Train_set/ND1_0133.wav,ND1_0133.wav,Tamil,Non-depressed,train,48000,2,PCM_16,3.13,902e751bf2650aec271bfa7a3cb5e254
NLP Dataset/Tamil/Non-depressed/Train_set/ND1_0134.wav,ND1_0134.wav,Tamil,Non-depressed,train,48000,2,PCM_16,3.5,0687598d7ebc937911c24d1d1a8d70b0
NLP Dataset/Tamil/Non-depressed/Train_set/ND1_0135.wav,ND1_0135.wav,Tamil,Non-depressed,train,48000,2,PCM_16,4.5225,d772175e20a85141936b568f816e2062
NLP Dataset/Tamil/Non-depressed/Train_set/ND1_0136.wav,ND1_0136.wav,Tamil,Non-depressed,train,48000,2,PCM_16,3.13,a9f9e097d550264390c25c18fa1bf1ab
NLP Dataset/Tamil/Non-depressed/Train_set/ND1_0137.wav,ND1_0137.wav,Tamil,Non-depressed,train,48000,2,PCM_16,3.3875,f55c85498126e05728c07d58c53564f4
NLP Dataset/Tamil/Non-depressed/Train_set/ND1_0138.wav,ND1_0138.wav,Tamil,Non-depressed,train,48000,2,PCM_16,3.545,49285d0e5fe78be3799615bcf9e8aa9d
NLP Dataset/Tamil/Non-depressed/Train_set/ND1_0139.wav,ND1_0139.wav,Tamil,Non-depressed,train,48000,2,PCM_16,3.5125,980c01561480199b2361fa2baeaf4941
NLP Dataset/Tamil/Non-depressed/Train_set/ND1_0140.wav,ND1_0140.wav,Tamil,Non-depressed,train,48000,2,PCM_16,3.2725,b179f2a075a17f1987a3dd63e2f7c704
NLP Dataset/Tamil/Non-depressed/Train_set/ND1_0141.wav,ND1_0141.wav,Tamil,Non-depressed,train,48000,2,PCM_16,2.915,77081223bcd405fbc69834d9acc70737
NLP Dataset/Tamil/Non-depressed/Train_set/ND1_0142.wav,ND1_0142.wav,Tamil,Non-depressed,train,48000,2,PCM_16,2.65,ec0283bc2052177ba814fe4dd09e2bd9
NLP Dataset/Tamil/Non-depressed/Train_set/ND1_0143.wav,ND1_0143.wav,Tamil,Non-depressed,train,48000,2,PCM_16,3.91,4accfa8e6328c72832aa63ddc629fae6
NLP Dataset/Tamil/Non-depressed/Train_set/ND1_0144.wav,ND1_0144.wav,Tamil,Non-depressed,train,48000,2,PCM_16,3.265,cfa5820a2b52d4e1d1339e054ae6efea
NLP Dataset/Tamil/Non-depressed/Train_set/ND1_0145.wav,ND1_0145.wav,Tamil,Non-depressed,train,48000,2,PCM_16,4.0575,b8b532eea0feebfc528cadfabd5c3b21
NLP Dataset/Tamil/Non-depressed/Train_set/ND1_0146.wav,ND1_0146.wav,Tamil,Non-depressed,train,48000,2,PCM_16,4.7825,2dc34058f99d7b482a68af822b874674
NLP Dataset/Tamil/Non-depressed/Train_set/ND1_0147.wav,ND1_0147.wav,Tamil,Non-depressed,train,48000,2,PCM_16,2.715,db910e748bd24363ba9aa6893ca173fd
NLP Dataset/Tamil/Non-depressed/Train_set/ND1_0148.wav,ND1_0148.wav,Tamil,Non-depressed,train,48000,2,PCM_16,3.2575,d9b32ce66621286f22bbe37df929fe2d
NLP Dataset/Tamil/Non-depressed/Train_set/ND1_0149.wav,ND1_0149.wav,Tamil,Non-depressed,train,48000,2,PCM_16,1.9925,645564b251e28cd94302491d89d72765
NLP Dataset/Tamil/Non-depressed/Train_set/ND1_0150.wav,ND1_0150.wav,Tamil,Non-depressed,train,48000,2,PCM_16,3.26,af8139da56572ba8833b1ebbbde83ded
NLP Dataset/Tamil/Non-depressed/Train_set/ND1_0151.wav,ND1_0151.wav,Tamil,Non-depressed,train,48000,2,PCM_16,2.29,7062a6bccac3a493c0dbde885f05d44d
NLP Dataset/Tamil/Non-depressed/Train_set/ND1_0152.wav,ND1_0152.wav,Tamil,Non-depressed,train,48000,2,PCM_16,3.1425,996e82d78d925148cebe51080ce1bc1e
NLP Dataset/Tamil/Non-depressed/Train_set/ND1_0153.wav,ND1_0153.wav,Tamil,Non-depressed,train,48000,2,PCM_16,1.535,196dc3df2036a4a0455ec2632a221ecf
NLP Dataset/Tamil/Non-depressed/Train_set/ND1_0154.wav,ND1_0154.wav,Tamil,Non-depressed,train,48000,2,PCM_16,2.315,a6ad77d8a464fac29ff0bc073153a292
NLP Dataset/Tamil/Non-depressed/Train_set/ND1_0155.wav,ND1_0155.wav,Tamil,Non-depressed,train,48000,2,PCM_16,1.295,13a58d10a144ddb7051ba57dbc5ad021
NLP Dataset/Tamil/Non-depressed/Train_set/ND1_0156.wav,ND1_0156.wav,Tamil,Non-depressed,train,48000,2,PCM_16,2.155,397e15fd768e54a2b7e57e8260952d51
NLP Dataset/Tamil/Non-depressed/Train_set/ND1_0157.wav,ND1_0157.wav,Tamil,Non-depressed,train,48000,2,PCM_16,1.895,e57a57305d293e1e26747121fc4adcba
NLP Dataset/Tamil/Non-depressed/Train_set/ND1_0158.wav,ND1_0158.wav,Tamil,Non-depressed,train,48000,2,PCM_16,3.095,d2d0f4a74f5ecfca8f3a8855b36979e2
NLP Dataset/Tamil/Non-depressed/Train_set/ND1_0159.wav,ND1_0159.wav,Tamil,Non-depressed,train,48000,2,PCM_16,2.4675,9e0452232354a67a3266f26cbbfc9efd
NLP Dataset/Tamil/Non-depressed/Train_set/ND1_0160.wav,ND1_0160.wav,Tamil,Non-depressed,train,48000,2,PCM_16,1.9575208333333334,8dc37f5b363d16e402270a260ad62c0c
NLP Dataset/Tamil/Non-depressed/Train_set/ND1_0161.wav,ND1_0161.wav,Tamil,Non-depressed,train,48000,2,PCM_16,3.1975,baf0c032a93a33a8d33c50273687bcde
NLP Dataset/Tamil/Non-depressed/Train_set/ND1_0162.wav,ND1_0162.wav,Tamil,Non-depressed,train,48000,2,PCM_16,2.5725,97abb7f3506e18bf20c51de84e9dc0e2
NLP Dataset/Tamil/Non-depressed/Train_set/ND1_0163.wav,ND1_0163.wav,Tamil,Non-depressed,train,48000,2,PCM_16,2.47,c7909b9fc4c90d01654d8fbcfb2d0f65
NLP Dataset/Tamil/Non-depressed/Train_set/ND1_0164.wav,ND1_0164.wav,Tamil,Non-depressed,train,48000,2,PCM_16,1.615,742c7031bddd174bdae8879987a3a4ac
NLP Dataset/Tamil/Non-depressed/Train_set/ND1_0165.wav,ND1_0165.wav,Tamil,Non-depressed,train,48000,2,PCM_16,2.615,0ff7d74a3478e9b2829ea23db62a3989
NLP Dataset/Tamil/Non-depressed/Train_set/ND1_0166.wav,ND1_0166.wav,Tamil,Non-depressed,train,48000,2,PCM_16,2.45,65df79ec67d8649bd45fbbb653328028
NLP Dataset/Tamil/Non-depressed/Train_set/ND1_0167.wav,ND1_0167.wav,Tamil,Non-depressed,train,48000,2,PCM_16,1.4425,8d57ac7f2847c1a5489c188b79c82dc2
NLP Dataset/Tamil/Non-depressed/Train_set/ND1_0168.wav,ND1_0168.wav,Tamil,Non-depressed,train,48000,2,PCM_16,1.6225,7bf8cff53690742452921ff7b896937e
NLP Dataset/Tamil/Non-depressed/Train_set/ND1_0169.wav,ND1_0169.wav,Tamil,Non-depressed,train,48000,2,PCM_16,1.555,4aaeb05bff99cc8760433b8ad21da63c
NLP Dataset/Tamil/Non-depressed/Train_set/ND1_0170.wav,ND1_0170.wav,Tamil,Non-depressed,train,48000,2,PCM_16,2.2775,430b3d8b2db1ba78f40a3ea867b2b135
NLP Dataset/Tamil/Non-depressed/Train_set/ND1_0171.wav,ND1_0171.wav,Tamil,Non-depressed,train,48000,2,PCM_16,1.6975,31ffcfe975863105ab4a42b5bc93ad90
NLP Dataset/Tamil/Non-depressed/Train_set/ND1_0172.wav,ND1_0172.wav,Tamil,Non-depressed,train,48000,2,PCM_16,2.25,4c8e45c419a01882ef80585327ed433f
NLP Dataset/Tamil/Non-depressed/Train_set/ND1_0173.wav,ND1_0173.wav,Tamil,Non-depressed,train,48000,2,PCM_16,1.8725,7c437c29bc23bb19ed66ab02fc20d1a1
NLP Dataset/Tamil/Non-depressed/Train_set/ND1_0174.wav,ND1_0174.wav,Tamil,Non-depressed,train,48000,2,PCM_16,3.2675,88cb302413382e3e50c44be11cc75b48
NLP Dataset/Tamil/Non-depressed/Train_set/ND1_0175.wav,ND1_0175.wav,Tamil,Non-depressed,train,48000,2,PCM_16,1.495,bd13691c03592dd9384a63f2373c7870
NLP Dataset/Tamil/Non-depressed/Train_set/ND1_0176.wav,ND1_0176.wav,Tamil,Non-depressed,train,48000,2,PCM_16,1.51,477ded4825fd01c16d0f178001fca6c9
NLP Dataset/Tamil/Non-depressed/Train_set/ND1_0177.wav,ND1_0177.wav,Tamil,Non-depressed,train,48000,2,PCM_16,3.775,59689ab50f29e3067781bdf99820d907
NLP Dataset/Tamil/Non-depressed/Train_set/ND1_0178.wav,ND1_0178.wav,Tamil,Non-depressed,train,48000,2,PCM_16,3.6,c12d287fadb6dd1776fa6c7144fb11b2
NLP Dataset/Tamil/Non-depressed/Train_set/ND1_0179.wav,ND1_0179.wav,Tamil,Non-depressed,train,48000,2,PCM_16,2.6600208333333333,ae43eafd44d3f05355a53500fa331b39
NLP Dataset/Tamil/Non-depressed/Train_set/ND1_0180.wav,ND1_0180.wav,Tamil,Non-depressed,train,48000,2,PCM_16,3.5374791666666665,c6a40c8d3fe364429a61f30486eefdb5
NLP Dataset/Tamil/Non-depressed/Train_set/ND1_0181.wav,ND1_0181.wav,Tamil,Non-depressed,train,48000,2,PCM_16,4.4,bf2852f6cb40427cd6d822a755c34e77
NLP Dataset/Tamil/Non-depressed/Train_set/ND1_0182.wav,ND1_0182.wav,Tamil,Non-depressed,train,48000,2,PCM_16,3.1175,443e6aedb0e7546b8701b4c54f788da9
NLP Dataset/Tamil/Non-depressed/Train_set/ND1_0183.wav,ND1_0183.wav,Tamil,Non-depressed,train,48000,2,PCM_16,1.795,97953700402b784059c2274f3a1c797b
NLP Dataset/Tamil/Non-depressed/Train_set/ND1_0184.wav,ND1_0184.wav,Tamil,Non-depressed,train,48000,2,PCM_16,2.7275,ef2b509da78b7c3949c68e60e1189517
NLP Dataset/Tamil/Non-depressed/Train_set/ND2_0001.wav,ND2_0001.wav,Tamil,Non-depressed,train,48000,2,PCM_16,1.7950208333333333,bdd2e7cef3c558bff815a86fdb91b18c
NLP Dataset/Tamil/Non-depressed/Train_set/ND2_0002.wav,ND2_0002.wav,Tamil,Non-depressed,train,48000,2,PCM_16,2.1975208333333334,0445af56d142a64048c0e33e5e98a918
NLP Dataset/Tamil/Non-depressed/Train_set/ND2_0003.wav,ND2_0003.wav,Tamil,Non-depressed,train,48000,2,PCM_16,2.17,42739e3df5bad10fc8c8e39f5fba7013
NLP Dataset/Tamil/Non-depressed/Train_set/ND2_0004.wav,ND2_0004.wav,Tamil,Non-depressed,train,48000,2,PCM_16,2.0225,ddff5a44111d05659f8c901015831075
NLP Dataset/Tamil/Non-depressed/Train_set/ND2_0005.wav,ND2_0005.wav,Tamil,Non-depressed,train,48000,2,PCM_16,2.145,10a03633c880924f70777b9ffdec6063
NLP Dataset/Tamil/Non-depressed/Train_set/ND2_0006.wav,ND2_0006.wav,Tamil,Non-depressed,train,48000,2,PCM_16,2.8775,7e5b82504c9af3437fd4fc335b662374
NLP Dataset/Tamil/Non-depressed/Train_set/ND2_0007.wav,ND2_0007.wav,Tamil,Non-depressed,train,48000,2,PCM_16,1.82,ddc6f2bfce17549dc2c71bb85b6b6e06
NLP Dataset/Tamil/Non-depressed/Train_set/ND2_0008.wav,ND2_0008.wav,Tamil,Non-depressed,train,48000,2,PCM_16,2.6625,5d7d08a26e115d48be7953ace8af766f
NLP Dataset/Tamil/Non-depressed/Train_set/ND2_0009.wav,ND2_0009.wav,Tamil,Non-depressed,train,48000,2,PCM_16,2.345,94ee742bb6e6d439cc2ad97d5392c8d1
NLP Dataset/Tamil/Non-depressed/Train_set/ND2_0010.wav,ND2_0010.wav,Tamil,Non-depressed,train,48000,2,PCM_16,2.2625,ce48fe9b987d337e82a64019fdc7e5aa
NLP Dataset/Tamil/Non-depressed/Train_set/ND2_0011.wav,ND2_0011.wav,Tamil,Non-depressed,train,48000,2,PCM_16,2.7725,d8f25fc1c9fd1c5ba7deedcee239a585
NLP Dataset/Tamil/Non-depressed/Train_set/ND2_0012.wav,ND2_0012.wav,Tamil,Non-depressed,train,48000,2,PCM_16,2.4275,4efb7037d96e6f9a9b827e1220ed203c
NLP Dataset/Tamil/Non-depressed/Train_set/ND2_0013.wav,ND2_0013.wav,Tamil,Non-depressed,train,48000,2,PCM_16,2.4375,cc07d1d0428142653b63789fbcb83a60
NLP Dataset/Tamil/Non-depressed/Train_set/ND2_0014.wav,ND2_0014.wav,Tamil,Non-depressed,train,48000,2,PCM_16,2.5325,3e6c3c4b7ff84a51a20e54ba18ca5562
NLP Dataset/Tamil/Non-depressed/Train_set/ND2_0015.wav,ND2_0015.wav,Tamil,Non-depressed,train,48000,2,PCM_16,1.725,4c24079e24a4340835f79410d47648ed
NLP Dataset/Tamil/Non-depressed/Train_set/ND2_0016.wav,ND2_0016.wav,Tamil,Non-depressed,train,48000,2,PCM_16,3.2224791666666666,1ae0d4bc3a38797a582cab2aaf29bfd0
NLP Dataset/Tamil/Non-depressed/Train_set/ND2_0017.wav,ND2_0017.wav,Tamil,Non-depressed,train,48000,2,PCM_16,2.2175,c8bb25ad8b9e7db62a4475f151fd0bdf
NLP Dataset/Tamil/Non-depressed/Train_set/ND2_0018.wav,ND2_0018.wav,Tamil,Non-depressed,train,48000,2,PCM_16,3.5475,7dce247d3f11dc08f25f73b7dac35622
NLP Dataset/Tamil/Non-depressed/Train_set/ND2_0019.wav,ND2_0019.wav,Tamil,Non-depressed,train,48000,2,PCM_16,3.8575,c7bacebb13848dcc5a87c7f4d5ab5c05
NLP Dataset/Tamil/Non-depressed/Train_set/ND2_0020.wav,ND2_0020.wav,Tamil,Non-depressed,train,48000,2,PCM_16,3.27,5a3e6692da999dd4862a8272be72b6ce
NLP Dataset/Tamil/Non-depressed/Train_set/ND2_0021.wav,ND2_0021.wav,Tamil,Non-depressed,train,48000,2,PCM_16,2.64,93cdfec3997e163a26c03d029acba4a9
NLP Dataset/Tamil/Non-depressed/Train_set/ND2_0022.wav,ND2_0022.wav,Tamil,Non-depressed,train,48000,2,PCM_16,3.09,10d8226a1a23dd0c50f5813340cc08ca
NLP Dataset/Tamil/Non-depressed/Train_set/ND2_0023.wav,ND2_0023.wav,Tamil,Non-depressed,train,48000,2,PCM_16,3.1725,679b6b8ecb01afd413a09452ddcd7dfe
NLP Dataset/Tamil/Non-depressed/Train_set/ND2_0024.wav,ND2_0024.wav,Tamil,Non-depressed,train,48000,2,PCM_16,2.95,13a9a77a71beea36bdea6ebde99a9812
NLP Dataset/Tamil/Non-depressed/Train_set/ND2_0025.wav,ND2_0025.wav,Tamil,Non-depressed,train,48000,2,PCM_16,3.4625,507cb9b612c941ca04e7ba4f227ece54
NLP Dataset/Tamil/Non-depressed/Train_set/ND2_0026.wav,ND2_0026.wav,Tamil,Non-depressed,train,48000,2,PCM_16,2.5075,cf725c3356b3b87b09307bf033849821
NLP Dataset/Tamil/Non-depressed/Train_set/ND2_0027.wav,ND2_0027.wav,Tamil,Non-depressed,train,48000,2,PCM_16,3.44,2f2b1134a278d868854b70b476067307
NLP Dataset/Tamil/Non-depressed/Train_set/ND2_0028.wav,ND2_0028.wav,Tamil,Non-depressed,train,48000,2,PCM_16,3.0275,9d118c62fb84872d8b016ceb16f8e15c
NLP Dataset/Tamil/Non-depressed/Train_set/ND2_0029.wav,ND2_0029.wav,Tamil,Non-depressed,train,48000,2,PCM_16,1.935,f64692454111704de7638ad003f73096
NLP Dataset/Tamil/Non-depressed/Train_set/ND2_0030.wav,ND2_0030.wav,Tamil,Non-depressed,train,48000,2,PCM_16,3.1924791666666668,550a323e08021a71bcdbc33991937503
NLP Dataset/Tamil/Non-depressed/Train_set/ND2_0031.wav,ND2_0031.wav,Tamil,Non-depressed,train,48000,2,PCM_16,2.5825,85340ce81d32efe49bf01a2c9da0b6c2
NLP Dataset/Tamil/Non-depressed/Train_set/ND2_0032.wav,ND2_0032.wav,Tamil,Non-depressed,train,48000,2,PCM_16,2.8299791666666665,93998db8083e90ae387b3320e829f212
NLP Dataset/Tamil/Non-depressed/Train_set/ND2_0033.wav,ND2_0033.wav,Tamil,Non-depressed,train,48000,2,PCM_16,1.6775,3a73ba1caf8fe6c4883b78bfb8fcac1d
NLP Dataset/Tamil/Non-depressed/Train_set/ND2_0034.wav,ND2_0034.wav,Tamil,Non-depressed,train,48000,2,PCM_16,1.7625,be8023612bb49c2f8c443e2c209e745c
NLP Dataset/Tamil/Non-depressed/Train_set/ND2_0035.wav,ND2_0035.wav,Tamil,Non-depressed,train,48000,2,PCM_16,3.0825,5a2c9b973cd426925e9caf584914d01e
NLP Dataset/Tamil/Non-depressed/Train_set/ND2_0036.wav,ND2_0036.wav,Tamil,Non-depressed,train,48000,2,PCM_16,3.02,1067853b6bd643bc1f27b43d47539f22
NLP Dataset/Tamil/Non-depressed/Train_set/ND2_0037.wav,ND2_0037.wav,Tamil,Non-depressed,train,48000,2,PCM_16,2.4925,0520daf64457c78868d40614cdb1fad0
NLP Dataset/Tamil/Non-depressed/Train_set/ND2_0038.wav,ND2_0038.wav,Tamil,Non-depressed,train,48000,2,PCM_16,3.4075,2428837fecac2253f3b854547b8ea9e3
NLP Dataset/Tamil/Non-depressed/Train_set/ND2_0039.wav,ND2_0039.wav,Tamil,Non-depressed,train,48000,2,PCM_16,1.3675,73baa167038cc9a54486b4e3db484f51
NLP Dataset/Tamil/Non-depressed/Train_set/ND2_0040.wav,ND2_0040.wav,Tamil,Non-depressed,train,48000,2,PCM_16,3.0625,2618645d356de644c98bdf204ddc6e74
NLP Dataset/Tamil/Non-depressed/Train_set/ND2_0041.wav,ND2_0041.wav,Tamil,Non-depressed,train,48000,2,PCM_16,3.1,a655c603d5441a30d35a5a992d5fba66
NLP Dataset/Tamil/Non-depressed/Train_set/ND2_0042.wav,ND2_0042.wav,Tamil,Non-depressed,train,48000,2,PCM_16,2.385,826efce2c35585d8c306cd908e107425
NLP Dataset/Tamil/Non-depressed/Train_set/ND2_0043.wav,ND2_0043.wav,Tamil,Non-depressed,train,48000,2,PCM_16,3.3825,5c87a260170f6238e0d0bb3ef88cb733
NLP Dataset/Tamil/Non-depressed/Train_set/ND2_0044.wav,ND2_0044.wav,Tamil,Non-depressed,train,48000,2,PCM_16,2.64,2cb0e0ac5f0c70aa04535458b13e1ffb
NLP Dataset/Tamil/Non-depressed/Train_set/ND2_0045.wav,ND2_0045.wav,Tamil,Non-depressed,train,48000,2,PCM_16,2.0125,c6f848c7c21cad5b133c05f971675f94
NLP Dataset/Tamil/Non-depressed/Train_set/ND2_0046.wav,ND2_0046.wav,Tamil,Non-depressed,train,48000,2,PCM_16,3.565,5c772a04b16a8b283431593bd7b640fe
NLP Dataset/Tamil/Non-depressed/Train_set/ND2_0047.wav,ND2_0047.wav,Tamil,Non-depressed,train,48000,2,PCM_16,1.9875,687ab4e45808c0c58081d1ac173d90de
NLP Dataset/Tamil/Non-depressed/Train_set/ND2_0048.wav,ND2_0048.wav,Tamil,Non-depressed,train,48000,2,PCM_16,1.885,8e08eaebf4292bc73a01206e62794083
NLP Dataset/Tamil/Non-depressed/Train_set/ND2_0049.wav,ND2_0049.wav,Tamil,Non-depressed,train,48000,2,PCM_16,2.1999791666666666,662cae9fb7c78559ff998bae223bc820
NLP Dataset/Tamil/Non-depressed/Train_set/ND2_0050.wav,ND2_0050.wav,Tamil,Non-depressed,train,48000,2,PCM_16,1.6350208333333334,8cd6b78efa3e94da42bc29f2f615b459
NLP Dataset/Tamil/Non-depressed/Train_set/ND2_0051.wav,ND2_0051.wav,Tamil,Non-depressed,train,48000,2,PCM_16,2.1000208333333332,cee4e9ac727d32b1b4e83a939c9cf90f
NLP Dataset/Tamil/Non-depressed/Train_set/ND2_0052.wav,ND2_0052.wav,Tamil,Non-depressed,train,48000,2,PCM_16,2.98,9ad615e8d35f7456a394e429b553e43d
NLP Dataset/Tamil/Non-depressed/Train_set/ND2_0053.wav,ND2_0053.wav,Tamil,Non-depressed,train,48000,2,PCM_16,2.4775,d31e8f32d8f52e8e243b6162bb320f1b
NLP Dataset/Tamil/Non-depressed/Train_set/ND2_0054.wav,ND2_0054.wav,Tamil,Non-depressed,train,48000,2,PCM_16,2.3925,8a53fff6c12142452d89cfa499929891
NLP Dataset/Tamil/Non-depressed/Train_set/ND2_0055.wav,ND2_0055.wav,Tamil,Non-depressed,train,48000,2,PCM_16,2.23,6c6c02b16950a2a520ab99f24d91f18b
NLP Dataset/Tamil/Non-depressed/Train_set/ND2_0056.wav,ND2_0056.wav,Tamil,Non-depressed,train,48000,2,PCM_16,1.51,f38891719b3391a8d4358f0ac48def51
NLP Dataset/Tamil/Non-depressed/Train_set/ND2_0057.wav,ND2_0057.wav,Tamil,Non-depressed,train,48000,2,PCM_16,2.0525208333333333,ea9a1d38bf823b994dd9dc12d38d3248
NLP Dataset/Tamil/Non-depressed/Train_set/ND2_0058.wav,ND2_0058.wav,Tamil,Non-depressed,train,48000,2,PCM_16,1.5175,7d6758a11c65a3beb2cdbb022837d407
NLP Dataset/Tamil/Non-depressed/Train_set/ND2_0059.wav,ND2_0059.wav,Tamil,Non-depressed,train,48000,2,PCM_16,2.9849791666666667,903512fde49b76ce47513f81bbbedbfd
NLP Dataset/Tamil/Non-depressed/Train_set/ND2_0060.wav,ND2_0060.wav,Tamil,Non-depressed,train,48000,2,PCM_16,2.41,535048bf001547ac1f6b6aed7ecfdbb4
NLP Dataset/Tamil/Non-depressed/Train_set/ND2_0061.wav,ND2_0061.wav,Tamil,Non-depressed,train,48000,2,PCM_16,1.735,d4c70b45646966855616fded70cec758
NLP Dataset/Tamil/Non-depressed/Train_set/ND2_0062.wav,ND2_0062.wav,Tamil,Non-depressed,train,48000,2,PCM_16,1.5525,6ec1e40f5d8a8e98e2f282c0206074c6
NLP Dataset/Tamil/Non-depressed/Train_set/ND2_0063.wav,ND2_0063.wav,Tamil,Non-depressed,train,48000,2,PCM_16,1.8300208333333334,6ba5245c85a61ecdf69bf95c04136ca9
NLP Dataset/Tamil/Non-depressed/Train_set/ND2_0064.wav,ND2_0064.wav,Tamil,Non-depressed,train,48000,2,PCM_16,1.8,1fbf0f51a6f9537d0f9f78a01725e7da
NLP Dataset/Tamil/Non-depressed/Train_set/ND2_0065.wav,ND2_0065.wav,Tamil,Non-depressed,train,48000,2,PCM_16,2.145,54113b37d8e825ac626401af037d5f36
NLP Dataset/Tamil/Non-depressed/Train_set/ND2_0066.wav,ND2_0066.wav,Tamil,Non-depressed,train,48000,2,PCM_16,3.4000208333333335,157aa16643b3964ed73afa6b67bb1146
NLP Dataset/Tamil/Non-depressed/Train_set/ND2_0067.wav,ND2_0067.wav,Tamil,Non-depressed,train,48000,2,PCM_16,1.5075,84c932f7d31c9ed9d68441b944b8610d
NLP Dataset/Tamil/Non-depressed/Train_set/ND2_0068.wav,ND2_0068.wav,Tamil,Non-depressed,train,48000,2,PCM_16,1.87,5aa2e9ba0c140eaca2895c405c007eec
NLP Dataset/Tamil/Non-depressed/Train_set/ND2_0069.wav,ND2_0069.wav,Tamil,Non-depressed,train,48000,2,PCM_16,1.415,5646f42f7f68f3f58b8b0bc2588f6751
NLP Dataset/Tamil/Non-depressed/Train_set/ND2_0070.wav,ND2_0070.wav,Tamil,Non-depressed,train,48000,2,PCM_16,1.87,456c35edcf851b0832c1a92cbd4e9bb1
NLP Dataset/Tamil/Non-depressed/Train_set/ND2_0071.wav,ND2_0071.wav,Tamil,Non-depressed,train,48000,2,PCM_16,1.9925,494ca9e7c0d11f09665bb8d338c28e74
NLP Dataset/Tamil/Non-depressed/Train_set/ND2_0072.wav,ND2_0072.wav,Tamil,Non-depressed,train,48000,2,PCM_16,1.7875,f326250a64570e16801cf67dfa5eb619
NLP Dataset/Tamil/Non-depressed/Train_set/ND2_0073.wav,ND2_0073.wav,Tamil,Non-depressed,train,48000,2,PCM_16,2.325,65be5b7e292213f15f8ab160bc4839fa
NLP Dataset/Tamil/Non-depressed/Train_set/ND2_0074.wav,ND2_0074.wav,Tamil,Non-depressed,train,48000,2,PCM_16,1.5225,b53978272e9f5333175bf6e3603d8d88
NLP Dataset/Tamil/Non-depressed/Train_set/ND2_0075.wav,ND2_0075.wav,Tamil,Non-depressed,train,48000,2,PCM_16,1.4325,7e5d497f0d29f7e04244a113030c4328
NLP Dataset/Tamil/Non-depressed/Train_set/ND2_0076.wav,ND2_0076.wav,Tamil,Non-depressed,train,48000,2,PCM_16,3.3699791666666665,758928c46bab070e71662c0479b714bc
NLP Dataset/Tamil/Non-depressed/Train_set/ND2_0077.wav,ND2_0077.wav,Tamil,Non-depressed,train,48000,2,PCM_16,1.975,627b81ee1e30a37709e7f7d79e8a4d7a
NLP Dataset/Tamil/Non-depressed/Train_set/ND2_0078.wav,ND2_0078.wav,Tamil,Non-depressed,train,48000,2,PCM_16,2.2100208333333335,d92cd1ebb943be0a87e9af4d4baa61a8
NLP Dataset/Tamil/Non-depressed/Train_set/ND2_0079.wav,ND2_0079.wav,Tamil,Non-depressed,train,48000,2,PCM_16,2.8475,eded28196965cb075fdeb721be9e7b53
NLP Dataset/Tamil/Non-depressed/Train_set/ND2_0080.wav,ND2_0080.wav,Tamil,Non-depressed,train,48000,2,PCM_16,3.2875,226b7a7eed6b03f8d754bc868aba9c5c
NLP Dataset/Tamil/Non-depressed/Train_set/ND2_0081.wav,ND2_0081.wav,Tamil,Non-depressed,train,48000,2,PCM_16,1.8025,43301af433ec8c626386076e9f070b3e
NLP Dataset/Tamil/Non-depressed/Train_set/ND2_0082.wav,ND2_0082.wav,Tamil,Non-depressed,train,48000,2,PCM_16,2.405,a7b63e3909762f142dccbc2fff9a08f1
NLP Dataset/Tamil/Non-depressed/Train_set/ND2_0083.wav,ND2_0083.wav,Tamil,Non-depressed,train,48000,2,PCM_16,1.93,e97ba10b3bad0c50743b44a8fe81397e
NLP Dataset/Tamil/Non-depressed/Train_set/ND2_0084.wav,ND2_0084.wav,Tamil,Non-depressed,train,48000,2,PCM_16,2.56,d9feef4f5dca5b630efe7d5067d16673
NLP Dataset/Tamil/Non-depressed/Train_set/ND2_0085.wav,ND2_0085.wav,Tamil,Non-depressed,train,48000,2,PCM_16,2.4275,ad00e6a1b740224a377d8bfe64d5865e
NLP Dataset/Tamil/Non-depressed/Train_set/ND2_0086.wav,ND2_0086.wav,Tamil,Non-depressed,train,48000,2,PCM_16,3.13,5bfc19c257a803dfdd55e850aed6cea9
NLP Dataset/Tamil/Non-depressed/Train_set/ND2_0087.wav,ND2_0087.wav,Tamil,Non-depressed,train,48000,2,PCM_16,2.07,123e0287227f86d35707841daf9a87cf
NLP Dataset/Tamil/Non-depressed/Train_set/ND2_0088.wav,ND2_0088.wav,Tamil,Non-depressed,train,48000,2,PCM_16,1.865,6ac36b0f8d24dbb673b52ffc84d23ee8
NLP Dataset/Tamil/Non-depressed/Train_set/ND2_0089.wav,ND2_0089.wav,Tamil,Non-depressed,train,48000,2,PCM_16,1.44,07c7f6476241e0c2db28899f1523a1f0
NLP Dataset/Tamil/Non-depressed/Train_set/ND2_0090.wav,ND2_0090.wav,Tamil,Non-depressed,train,48000,2,PCM_16,3.3025,3169fe9ee77f41037de23b77fbfce00a
NLP Dataset/Tamil/Non-depressed/Train_set/ND2_0091.wav,ND2_0091.wav,Tamil,Non-depressed,train,48000,2,PCM_16,2.1525,017287fcf12f361baf755279fab6b432
NLP Dataset/Tamil/Non-depressed/Train_set/ND2_0092.wav,ND2_0092.wav,Tamil,Non-depressed,train,48000,2,PCM_16,1.465,56d00ccc4b9cf5158a289dd2495e1024
NLP Dataset/Tamil/Non-depressed/Train_set/ND2_0093.wav,ND2_0093.wav,Tamil,Non-depressed,train,48000,2,PCM_16,2.765,c5c88e9c0c01e22f4e82e8f0ea3fa5fd
NLP Dataset/Tamil/Non-depressed/Train_set/ND2_0094.wav,ND2_0094.wav,Tamil,Non-depressed,train,48000,2,PCM_16,1.7,9aeb71b329e69a9d8cc1a1023d80e614
NLP Dataset/Tamil/Non-depressed/Train_set/ND2_0095.wav,ND2_0095.wav,Tamil,Non-depressed,train,48000,2,PCM_16,2.4025,94c12c5c94341dd15422ece0c84b2e29
NLP Dataset/Tamil/Non-depressed/Train_set/ND2_0096.wav,ND2_0096.wav,Tamil,Non-depressed,train,48000,2,PCM_16,2.1275,952641c7a3a75d11ec298f958f3f1dd4
NLP Dataset/Tamil/Non-depressed/Train_set/ND2_0097.wav,ND2_0097.wav,Tamil,Non-depressed,train,48000,2,PCM_16,1.2925,6d7c98cdd9b4da4663f3770c330523d7
NLP Dataset/Tamil/Non-depressed/Train_set/ND2_0098.wav,ND2_0098.wav,Tamil,Non-depressed,train,48000,2,PCM_16,2.2375,1f3b69324cbe445ff2314b6d43e70df9
NLP Dataset/Tamil/Non-depressed/Train_set/ND2_0099.wav,ND2_0099.wav,Tamil,Non-depressed,train,48000,2,PCM_16,2.3475,cd54c79049d362680acef01c577018f4
NLP Dataset/Tamil/Non-depressed/Train_set/ND2_0100.wav,ND2_0100.wav,Tamil,Non-depressed,train,48000,2,PCM_16,2.0875,115d424f2dad2cf09016d092f73ff105
NLP Dataset/Tamil/Non-depressed/Train_set/ND2_0101.wav,ND2_0101.wav,Tamil,Non-depressed,train,48000,2,PCM_16,2.9749791666666665,f3fb9390705ea879a191b589b4e6a81c
NLP Dataset/Tamil/Non-depressed/Train_set/ND2_0102.wav,ND2_0102.wav,Tamil,Non-depressed,train,48000,2,PCM_16,1.9200208333333333,b6a4f01988910e1b8d24181f34f0a700
NLP Dataset/Tamil/Non-depressed/Train_set/ND2_0103.wav,ND2_0103.wav,Tamil,Non-depressed,train,48000,2,PCM_16,1.91,316729d03717c7f10cf37e364139c96d
NLP Dataset/Tamil/Non-depressed/Train_set/ND2_0104.wav,ND2_0104.wav,Tamil,Non-depressed,train,48000,2,PCM_16,2.8475,cb5498d44ff17a1e9d1e30075405a330
NLP Dataset/Tamil/Non-depressed/Train_set/ND2_0105.wav,ND2_0105.wav,Tamil,Non-depressed,train,48000,2,PCM_16,1.585,faa370c72c473a1a511ef5465946e2a3
NLP Dataset/Tamil/Non-depressed/Train_set/ND2_0106.wav,ND2_0106.wav,Tamil,Non-depressed,train,48000,2,PCM_16,1.805,bf67af48d70579ad905f27a2f3627836
NLP Dataset/Tamil/Non-depressed/Train_set/ND2_0107.wav,ND2_0107.wav,Tamil,Non-depressed,train,48000,2,PCM_16,2.6475,5b6e09e96b5fe2f9a031c473ba4406c4
NLP Dataset/Tamil/Non-depressed/Train_set/ND2_0108.wav,ND2_0108.wav,Tamil,Non-depressed,train,48000,2,PCM_16,1.555,58d2f87d845920f4fd1d4fbb007387d5
NLP Dataset/Tamil/Non-depressed/Train_set/ND2_0109.wav,ND2_0109.wav,Tamil,Non-depressed,train,48000,2,PCM_16,1.8,15fda713964bd21cfea68e4a6463ee44
NLP Dataset/Tamil/Non-depressed/Train_set/ND2_0110.wav,ND2_0110.wav,Tamil,Non-depressed,train,48000,2,PCM_16,1.8575,6781d67f1c02ead3105b23a56385ff98
NLP Dataset/Tamil/Non-depressed/Train_set/ND2_0111.wav,ND2_0111.wav,Tamil,Non-depressed,train,48000,2,PCM_16,2.005,bae8895c4f8703ec13e4336f0effbe5b
NLP Dataset/Tamil/Non-depressed/Train_set/ND2_0112.wav,ND2_0112.wav,Tamil,Non-depressed,train,48000,2,PCM_16,2.082479166666667,d705725ddeab3fbbb68b4e66abd5d948
NLP Dataset/Tamil/Non-depressed/Train_set/ND2_0113.wav,ND2_0113.wav,Tamil,Non-depressed,train,48000,2,PCM_16,1.905,06f5cef01805440c61e4e4ef0f3e000f
NLP Dataset/Tamil/Non-depressed/Train_set/ND2_0114.wav,ND2_0114.wav,Tamil,Non-depressed,train,48000,2,PCM_16,2.12,b733e51412addcc5e26692be64ac0620
NLP Dataset/Tamil/Non-depressed/Train_set/ND2_0115.wav,ND2_0115.wav,Tamil,Non-depressed,train,48000,2,PCM_16,1.7024791666666668,82a86a9c83a4346bb7074e7834a280a0
NLP Dataset/Tamil/Non-depressed/Train_set/ND2_0116.wav,ND2_0116.wav,Tamil,Non-depressed,train,48000,2,PCM_16,2.0075,7a7b027a270d812f66442db98653a707
NLP Dataset/Tamil/Non-depressed/Train_set/ND2_0117.wav,ND2_0117.wav,Tamil,Non-depressed,train,48000,2,PCM_16,1.5225,3203f5c938237a45cfc7e784f1ac3238
NLP Dataset/Tamil/Non-depressed/Train_set/ND2_0118.wav,ND2_0118.wav,Tamil,Non-depressed,train,48000,2,PCM_16,1.9775,84459e424fd1f00a3d338ea54a254665
NLP Dataset/Tamil/Non-depressed/Train_set/ND2_0119.wav,ND2_0119.wav,Tamil,Non-depressed,train,48000,2,PCM_16,2.0175,bcd236ca0813cd1d45b9319da9f1f66c
NLP Dataset/Tamil/Non-depressed/Train_set/ND2_0120.wav,ND2_0120.wav,Tamil,Non-depressed,train,48000,2,PCM_16,1.6975,ec4fef18c750341836329261d3d6557e
NLP Dataset/Tamil/Non-depressed/Train_set/ND2_0121.wav,ND2_0121.wav,Tamil,Non-depressed,train,48000,2,PCM_16,2.76,a811a06f2b76d59dfd8c393c9ad8f63a
NLP Dataset/Tamil/Non-depressed/Train_set/ND2_0122.wav,ND2_0122.wav,Tamil,Non-depressed,train,48000,2,PCM_16,1.8700208333333332,129aec86d341fa1416a0a7a4b4608db4
NLP Dataset/Tamil/Non-depressed/Train_set/ND2_0123.wav,ND2_0123.wav,Tamil,Non-depressed,train,48000,2,PCM_16,2.215,10f6fa551d5f7a6189fe8d1ad7ec7363
NLP Dataset/Tamil/Non-depressed/Train_set/ND2_0124.wav,ND2_0124.wav,Tamil,Non-depressed,train,48000,2,PCM_16,2.7325,7c1a65b075e003c6324bce008eb679c7
NLP Dataset/Tamil/Non-depressed/Train_set/ND2_0125.wav,ND2_0125.wav,Tamil,Non-depressed,train,48000,2,PCM_16,1.945,7f01d390d829a8f70c8886f47c8cba0a
NLP Dataset/Tamil/Non-depressed/Train_set/ND2_0126.wav,ND2_0126.wav,Tamil,Non-depressed,train,48000,2,PCM_16,2.165,7419f27a9522926848e8fd59fb0a84ed
NLP Dataset/Tamil/Non-depressed/Train_set/ND2_0127.wav,ND2_0127.wav,Tamil,Non-depressed,train,48000,2,PCM_16,3.005,ddcc46a7a78e361d7c00dc32422a6ee1
NLP Dataset/Tamil/Non-depressed/Train_set/ND2_0128.wav,ND2_0128.wav,Tamil,Non-depressed,train,48000,2,PCM_16,2.42,3ff88bcfdd576786b38ceb4588cbdab6
NLP Dataset/Tamil/Non-depressed/Train_set/ND2_0129.wav,ND2_0129.wav,Tamil,Non-depressed,train,48000,2,PCM_16,2.5975,e5cefb5a1ebaef643a4765f63b1ca22a
NLP Dataset/Tamil/Non-depressed/Train_set/ND2_0130.wav,ND2_0130.wav,Tamil,Non-depressed,train,48000,2,PCM_16,1.9299791666666666,a034a0ca4f0c61a54e1a0c25cde7de2b
NLP Dataset/Tamil/Non-depressed/Train_set/ND2_0131.wav,ND2_0131.wav,Tamil,Non-depressed,train,48000,2,PCM_16,2.0125,368127a70ec2cb2559486090fef60f8f
NLP Dataset/Tamil/Non-depressed/Train_set/ND2_0132.wav,ND2_0132.wav,Tamil,Non-depressed,train,48000,2,PCM_16,3.3075,f18e7c16231dcc385faec942c9a5ddc3
NLP Dataset/Tamil/Non-depressed/Train_set/ND2_0133.wav,ND2_0133.wav,Tamil,Non-depressed,train,48000,2,PCM_16,2.64,44fd7c7a3014e4169ec6f3e3c5e6356a
NLP Dataset/Tamil/Non-depressed/Train_set/ND2_0134.wav,ND2_0134.wav,Tamil,Non-depressed,train,48000,2,PCM_16,3.395,cebf2a0aea712ce40bba7d40f2b22d7a
NLP Dataset/Tamil/Non-depressed/Train_set/ND2_0135.wav,ND2_0135.wav,Tamil,Non-depressed,train,48000,2,PCM_16,3.9825208333333335,5ccb9d182d2d86cba24ee16057195a04
NLP Dataset/Tamil/Non-depressed/Train_set/ND2_0136.wav,ND2_0136.wav,Tamil,Non-depressed,train,48000,2,PCM_16,2.832479166666667,38ba9f729bb4a6a354a689cedc228369
NLP Dataset/Tamil/Non-depressed/Train_set/ND2_0137.wav,ND2_0137.wav,Tamil,Non-depressed,train,48000,2,PCM_16,3.175,4fe32419a62240deffea8a10a9e684b5
NLP Dataset/Tamil/Non-depressed/Train_set/ND2_0138.wav,ND2_0138.wav,Tamil,Non-depressed,train,48000,2,PCM_16,3.165,df8ae919768b4104aa9301111ec9aea2
NLP Dataset/Tamil/Non-depressed/Train_set/ND2_0139.wav,ND2_0139.wav,Tamil,Non-depressed,train,48000,2,PCM_16,3.2975,d101234e9076599b210927c119b5a14b
NLP Dataset/Tamil/Non-depressed/Train_set/ND2_0140.wav,ND2_0140.wav,Tamil,Non-depressed,train,48000,2,PCM_16,3.585,83d0a12ac256f264f35425441d3c3872
NLP Dataset/Tamil/Non-depressed/Train_set/ND2_0141.wav,ND2_0141.wav,Tamil,Non-depressed,train,48000,2,PCM_16,2.995,93735f11833cd9c870f7a5fdb3015457
NLP Dataset/Tamil/Non-depressed/Train_set/ND2_0142.wav,ND2_0142.wav,Tamil,Non-depressed,train,48000,2,PCM_16,2.525,63bc0eb401f2b0d8e2e22b634887901c
NLP Dataset/Tamil/Non-depressed/Train_set/ND2_0143.wav,ND2_0143.wav,Tamil,Non-depressed,train,48000,2,PCM_16,3.9275,cfaecfd53b0a84f998d6375fb42b327d
NLP Dataset/Tamil/Non-depressed/Train_set/ND2_0144.wav,ND2_0144.wav,Tamil,Non-depressed,train,48000,2,PCM_16,3.375,7bf02225c9651502eab45db9dc1211df
NLP Dataset/Tamil/Non-depressed/Train_set/ND2_0145.wav,ND2_0145.wav,Tamil,Non-depressed,train,48000,2,PCM_16,3.6275,11e3b8a80bca7c2892684c51426d8def
NLP Dataset/Tamil/Non-depressed/Train_set/ND2_0146.wav,ND2_0146.wav,Tamil,Non-depressed,train,48000,2,PCM_16,3.8375,bba4a681e9a2f990d09ce48c3f84be61
NLP Dataset/Tamil/Non-depressed/Train_set/ND2_0147.wav,ND2_0147.wav,Tamil,Non-depressed,train,48000,2,PCM_16,2.4125,b0636c0e482f99c641f014e2dfd6ec60
NLP Dataset/Tamil/Non-depressed/Train_set/ND2_0148.wav,ND2_0148.wav,Tamil,Non-depressed,train,48000,2,PCM_16,3.0525,00267ca39a1036147043a331affef9d8
NLP Dataset/Tamil/Non-depressed/Train_set/ND2_0149.wav,ND2_0149.wav,Tamil,Non-depressed,train,48000,2,PCM_16,1.675,642b97fdef1d40fcd9f78d97964f7d7b
NLP Dataset/Tamil/Non-depressed/Train_set/ND2_0150.wav,ND2_0150.wav,Tamil,Non-depressed,train,48000,2,PCM_16,2.8625,02aa3ca1a27925ef836e70eb165cfba6
NLP Dataset/Tamil/Non-depressed/Train_set/ND2_0151.wav,ND2_0151.wav,Tamil,Non-depressed,train,48000,2,PCM_16,2.155,f86cc44178f91b71c54d759ef61d5e8f
NLP Dataset/Tamil/Non-depressed/Train_set/ND2_0152.wav,ND2_0152.wav,Tamil,Non-depressed,train,48000,2,PCM_16,3.06,ccf56c1d5d7592b7f10bb621a62a5b73
NLP Dataset/Tamil/Non-depressed/Train_set/ND2_0153.wav,ND2_0153.wav,Tamil,Non-depressed,train,48000,2,PCM_16,1.5525,2747a93d97572b472f1e1e850375b864
NLP Dataset/Tamil/Non-depressed/Train_set/ND2_0154.wav,ND2_0154.wav,Tamil,Non-depressed,train,48000,2,PCM_16,2.4275,a442d0e8c64a37be1cf4b3f950d67323
NLP Dataset/Tamil/Non-depressed/Train_set/ND2_0155.wav,ND2_0155.wav,Tamil,Non-depressed,train,48000,2,PCM_16,1.0725,30638cc5119fb1a9c14016bc49b7ca92
NLP Dataset/Tamil/Non-depressed/Train_set/ND2_0156.wav,ND2_0156.wav,Tamil,Non-depressed,train,48000,2,PCM_16,1.9725,830b088544c1301b850c6017e1f11ed6
NLP Dataset/Tamil/Non-depressed/Train_set/ND2_0157.wav,ND2_0157.wav,Tamil,Non-depressed,train,48000,2,PCM_16,2.0425,22e7c7c3c1b94aea3a1b1a28e6cdf11f
NLP Dataset/Tamil/Non-depressed/Train_set/ND2_0158.wav,ND2_0158.wav,Tamil,Non-depressed,train,48000,2,PCM_16,2.9525,93846e395b611d90a8d3f02df99f787f
NLP Dataset/Tamil/Non-depressed/Train_set/ND2_0159.wav,ND2_0159.wav,Tamil,Non-depressed,train,48000,2,PCM_16,2.3725,6c81b81c7572c496e45f46082cd3063d
NLP Dataset/Tamil/Non-depressed/Train_set/ND2_0160.wav,ND2_0160.wav,Tamil,Non-depressed,train,48000,2,PCM_16,1.7025,3f56c2973aa24416403b996aeb388725
NLP Dataset/Tamil/Non-depressed/Train_set/ND2_0161.wav,ND2_0161.wav,Tamil,Non-depressed,train,48000,2,PCM_16,3.57,2862ab22c0fcfe19d1595004f6d6ec4f
NLP Dataset/Tamil/Non-depressed/Train_set/ND2_0162.wav,ND2_0162.wav,Tamil,Non-depressed,train,48000,2,PCM_16,2.405,3f25890219aabeca8a050c3b719d880e
NLP Dataset/Tamil/Non-depressed/Train_set/ND2_0163.wav,ND2_0163.wav,Tamil,Non-depressed,train,48000,2,PCM_16,2.3225,b62985cef92c8955df5104cb33dd7d11
NLP Dataset/Tamil/Non-depressed/Train_set/ND2_0164.wav,ND2_0164.wav,Tamil,Non-depressed,train,48000,2,PCM_16,1.405,0c82c400b4b638438bac25c6e9e5d0bd
NLP Dataset/Tamil/Non-depressed/Train_set/ND2_0165.wav,ND2_0165.wav,Tamil,Non-depressed,train,48000,2,PCM_16,2.49,2304c473e529b7f1c47d9c3535869eb3
NLP Dataset/Tamil/Non-depressed/Train_set/ND2_0166.wav,ND2_0166.wav,Tamil,Non-depressed,train,48000,2,PCM_16,2.31,78c6af18ddc8008e1f8fd7ffced08976
NLP Dataset/Tamil/Non-depressed/Train_set/ND2_0167.wav,ND2_0167.wav,Tamil,Non-depressed,train,48000,2,PCM_16,1.4825,5fb7cc2d9e341975fc7821e46c37eb7a
NLP Dataset/Tamil/Non-depressed/Train_set/ND2_0168.wav,ND2_0168.wav,Tamil,Non-depressed,train,48000,2,PCM_16,1.495,814abec25e94cb97cae99176d91dd69a
NLP Dataset/Tamil/Non-depressed/Train_set/ND2_0169.wav,ND2_0169.wav,Tamil,Non-depressed,train,48000,2,PCM_16,1.4075,5bd94912580d44d7b4a9e34c16a5cdb9
NLP Dataset/Tamil/Non-depressed/Train_set/ND2_0170.wav,ND2_0170.wav,Tamil,Non-depressed,train,48000,2,PCM_16,2.1175,e1a8ef24438d4141555c3cb2cb10804b
NLP Dataset/Tamil/Non-depressed/Train_set/ND2_0171.wav,ND2_0171.wav,Tamil,Non-depressed,train,48000,2,PCM_16,1.665,5335232ab19fd433ea009d7462283000
NLP Dataset/Tamil/Non-depressed/Train_set/ND2_0172.wav,ND2_0172.wav,Tamil,Non-depressed,train,48000,2,PCM_16,2.3475,6adc2ef9dfc6fea7fdf1b64d13aa468f
NLP Dataset/Tamil/Non-depressed/Train_set/ND2_0173.wav,ND2_0173.wav,Tamil,Non-depressed,train,48000,2,PCM_16,1.8825,39a8110c44272f60f7590fbda9743e1a
NLP Dataset/Tamil/Non-depressed/Train_set/ND2_0174.wav,ND2_0174.wav,Tamil,Non-depressed,train,48000,2,PCM_16,3.0825,f8af1b87dab1e8ec540b18be1cd9bf6b
NLP Dataset/Tamil/Non-depressed/Train_set/ND2_0175.wav,ND2_0175.wav,Tamil,Non-depressed,train,48000,2,PCM_16,1.7475,664a260d77b09e5f8e27da2dac156adc
NLP Dataset/Tamil/Non-depressed/Train_set/ND2_0176.wav,ND2_0176.wav,Tamil,Non-depressed,train,48000,2,PCM_16,1.46,47339fe2b2913ba8b3f5b181702ad98f
NLP Dataset/Tamil/Non-depressed/Train_set/ND2_0177.wav,ND2_0177.wav,Tamil,Non-depressed,train,48000,2,PCM_16,3.5475,5fd0029867008a2e47ceb8f2d34d52c5
NLP Dataset/Tamil/Non-depressed/Train_set/ND2_0178.wav,ND2_0178.wav,Tamil,Non-depressed,train,48000,2,PCM_16,3.1925,73a053b84ebdf58e44837de8320a6024
NLP Dataset/Tamil/Non-depressed/Train_set/ND2_0179.wav,ND2_0179.wav,Tamil,Non-depressed,train,48000,2,PCM_16,2.1725,012d029ec4cfda3a17f0d78bb2b8790a
NLP Dataset/Tamil/Non-depressed/Train_set/ND2_0180.wav,ND2_0180.wav,Tamil,Non-depressed,train,48000,2,PCM_16,3.5374791666666665,dd5c50f50c755cced6521c020b914379
NLP Dataset/Tamil/Non-depressed/Train_set/ND2_0181.wav,ND2_0181.wav,Tamil,Non-depressed,train,48000,2,PCM_16,4.455,78c6c7d5f3ade8b8a47c7ba31bdc648d
NLP Dataset/Tamil/Non-depressed/Train_set/ND2_0182.wav,ND2_0182.wav,Tamil,Non-depressed,train,48000,2,PCM_16,2.9725,13ce1d9543fcd2279eb29972a1a0aeae
NLP Dataset/Tamil/Non-depressed/Train_set/ND2_0183.wav,ND2_0183.wav,Tamil,Non-depressed,train,48000,2,PCM_16,1.8,9a3249ba37eb7f14bab72be680d48453
NLP Dataset/Tamil/Non-depressed/Train_set/ND2_0184.wav,ND2_0184.wav,Tamil,Non-depressed,train,48000,2,PCM_16,2.2550208333333335,408bc07d8f7dc33fc89b040500e7427b
NLP Dataset/Tamil/Non-depressed/Train_set/ND3_0001.wav,ND3_0001.wav,Tamil,Non-depressed,train,48000,2,PCM_16,2.2675,8f8a27ab6354c597674bfa3b2508b542
NLP Dataset/Tamil/Non-depressed/Train_set/ND3_0002.wav,ND3_0002.wav,Tamil,Non-depressed,train,48000,2,PCM_16,2.5375,95d18e6123c3f5977958fb07b4c671df
NLP Dataset/Tamil/Non-depressed/Train_set/ND3_0003.wav,ND3_0003.wav,Tamil,Non-depressed,train,48000,2,PCM_16,2.2625,4959f011dc4a4d1b0874691f7ea629be
NLP Dataset/Tamil/Non-depressed/Train_set/ND3_0004.wav,ND3_0004.wav,Tamil,Non-depressed,train,48000,2,PCM_16,2.0925,e5dbb9bcb9faa87348ae71cb92a7703c
NLP Dataset/Tamil/Non-depressed/Train_set/ND3_0005.wav,ND3_0005.wav,Tamil,Non-depressed,train,48000,2,PCM_16,2.1775208333333333,a5e99b96bde6e6dff41b5f85ea99f788
NLP Dataset/Tamil/Non-depressed/Train_set/ND3_0006.wav,ND3_0006.wav,Tamil,Non-depressed,train,48000,2,PCM_16,2.945,3d868b2ceb3e7fe85120a82bcc57b067
NLP Dataset/Tamil/Non-depressed/Train_set/ND3_0007.wav,ND3_0007.wav,Tamil,Non-depressed,train,48000,2,PCM_16,1.9325,2abfd54eb8ce0b65f9a7f15e75b5bdde
NLP Dataset/Tamil/Non-depressed/Train_set/ND3_0008.wav,ND3_0008.wav,Tamil,Non-depressed,train,48000,2,PCM_16,2.7925,4bfb2b2d0cf7809942e0b207b4bee4f6
NLP Dataset/Tamil/Non-depressed/Train_set/ND3_0009.wav,ND3_0009.wav,Tamil,Non-depressed,train,48000,2,PCM_16,2.39,460e1491108716fa2152c4780132c1ce
NLP Dataset/Tamil/Non-depressed/Train_set/ND3_0010.wav,ND3_0010.wav,Tamil,Non-depressed,train,48000,2,PCM_16,2.245,afdb6ef49be6e769253c9527ca9357d6
NLP Dataset/Tamil/Non-depressed/Train_set/ND3_0011.wav,ND3_0011.wav,Tamil,Non-depressed,train,48000,2,PCM_16,2.9649791666666667,e54c12073ceadc2834856fac58fab9e0
NLP Dataset/Tamil/Non-depressed/Train_set/ND3_0012.wav,ND3_0012.wav,Tamil,Non-depressed,train,48000,2,PCM_16,2.435,6340ee39b83f53401c089c61ac0a302f
NLP Dataset/Tamil/Non-depressed/Train_set/ND3_0013.wav,ND3_0013.wav,Tamil,Non-depressed,train,48000,2,PCM_16,2.7925,0c57c58c437ea1a1740c8ff03fc3344a
NLP Dataset/Tamil/Non-depressed/Train_set/ND3_0014.wav,ND3_0014.wav,Tamil,Non-depressed,train,48000,2,PCM_16,2.66,1b5848b4b271a6a4f154c67ad4b56e2b
NLP Dataset/Tamil/Non-depressed/Train_set/ND3_0015.wav,ND3_0015.wav,Tamil,Non-depressed,train,48000,2,PCM_16,1.9775,e0eda0ea6bf3a3978d01a4d6b032eede
NLP Dataset/Tamil/Non-depressed/Train_set/ND3_0016.wav,ND3_0016.wav,Tamil,Non-depressed,train,48000,2,PCM_16,3.3175,928c4325f1b9c1a62bc9dbc35c43713d
NLP Dataset/Tamil/Non-depressed/Train_set/ND3_0017.wav,ND3_0017.wav,Tamil,Non-depressed,train,48000,2,PCM_16,2.32,87dde8fdc7ae793d964db6c02ba15564
NLP Dataset/Tamil/Non-depressed/Train_set/ND3_0018.wav,ND3_0018.wav,Tamil,Non-depressed,train,48000,2,PCM_16,3.64,d41aa08d7fadd0c2d208d9f557db707c
NLP Dataset/Tamil/Non-depressed/Train_set/ND3_0019.wav,ND3_0019.wav,Tamil,Non-depressed,train,48000,2,PCM_16,3.7025,e5a0db06a74a104d5c60cd8a08d8ddd9
NLP Dataset/Tamil/Non-depressed/Train_set/ND3_0020.wav,ND3_0020.wav,Tamil,Non-depressed,train,48000,2,PCM_16,3.045,0310c5c326f05959a3cf2265ad9ccf8e
NLP Dataset/Tamil/Non-depressed/Train_set/ND3_0021.wav,ND3_0021.wav,Tamil,Non-depressed,train,48000,2,PCM_16,2.5625,12afd45845cda6b863c6e526b0727020
NLP Dataset/Tamil/Non-depressed/Train_set/ND3_0022.wav,ND3_0022.wav,Tamil,Non-depressed,train,48000,2,PCM_16,2.94,d5b1a62fcee4f5aa96b249575b7d1df7
NLP Dataset/Tamil/Non-depressed/Train_set/ND3_0023.wav,ND3_0023.wav,Tamil,Non-depressed,train,48000,2,PCM_16,3.0125,d2dfe733e55996806d450e22b4ffe3f4
NLP Dataset/Tamil/Non-depressed/Train_set/ND3_0024.wav,ND3_0024.wav,Tamil,Non-depressed,train,48000,2,PCM_16,2.7725,eb24ede4e4b0bae8d13b6a5689c8c254
NLP Dataset/Tamil/Non-depressed/Train_set/ND3_0025.wav,ND3_0025.wav,Tamil,Non-depressed,train,48000,2,PCM_16,2.9649791666666667,549d27b40630495dcd6e5a0c0a14ec28
NLP Dataset/Tamil/Non-depressed/Train_set/ND3_0026.wav,ND3_0026.wav,Tamil,Non-depressed,train,48000,2,PCM_16,2.0374791666666665,499f8386df9d647f653a79a527d3b099
NLP Dataset/Tamil/Non-depressed/Train_set/ND3_0027.wav,ND3_0027.wav,Tamil,Non-depressed,train,48000,2,PCM_16,3.0325,af1019d0a8847f66b7274e426d7f6b25
NLP Dataset/Tamil/Non-depressed/Train_set/ND3_0028.wav,ND3_0028.wav,Tamil,Non-depressed,train,48000,2,PCM_16,2.965,87489f2098cff9df28efeedc0e78c5b6
NLP Dataset/Tamil/Non-depressed/Train_set/ND3_0029.wav,ND3_0029.wav,Tamil,Non-depressed,train,48000,2,PCM_16,1.8425,5d324004cde0e405d6e046d570d56808
NLP Dataset/Tamil/Non-depressed/Train_set/ND3_0030.wav,ND3_0030.wav,Tamil,Non-depressed,train,48000,2,PCM_16,2.715,5442904ccbe8142b2aa7bae352322dbf
NLP Dataset/Tamil/Non-depressed/Train_set/ND3_0031.wav,ND3_0031.wav,Tamil,Non-depressed,train,48000,2,PCM_16,2.5025,7a73e7a0538b7f7d2a6e8aae5874979a
NLP Dataset/Tamil/Non-depressed/Train_set/ND3_0032.wav,ND3_0032.wav,Tamil,Non-depressed,train,48000,2,PCM_16,2.43,557919667db9920e93dfeba50444bd4a
NLP Dataset/Tamil/Non-depressed/Train_set/ND3_0033.wav,ND3_0033.wav,Tamil,Non-depressed,train,48000,2,PCM_16,1.6025,6cb635e6fe4bc68f6256570af8ec093b
NLP Dataset/Tamil/Non-depressed/Train_set/ND3_0034.wav,ND3_0034.wav,Tamil,Non-depressed,train,48000,2,PCM_16,1.5849791666666666,6f44132fb056266c37744710b43d2d9b
NLP Dataset/Tamil/Non-depressed/Train_set/ND3_0035.wav,ND3_0035.wav,Tamil,Non-depressed,train,48000,2,PCM_16,2.78,d3b62cd2a0f3182404c07b274c11f8f4
NLP Dataset/Tamil/Non-depressed/Train_set/ND3_0036.wav,ND3_0036.wav,Tamil,Non-depressed,train,48000,2,PCM_16,2.3975,735f2dca82cbc639b94919890c25b57e
NLP Dataset/Tamil/Non-depressed/Train_set/ND3_0037.wav,ND3_0037.wav,Tamil,Non-depressed,train,48000,2,PCM_16,2.3725,b36a2fc6b82ce6ae1844d4e0d8266593
NLP Dataset/Tamil/Non-depressed/Train_set/ND3_0038.wav,ND3_0038.wav,Tamil,Non-depressed,train,48000,2,PCM_16,2.4525,62cb23030f8de1608731bc15a0da20de
NLP Dataset/Tamil/Non-depressed/Train_set/ND3_0039.wav,ND3_0039.wav,Tamil,Non-depressed,train,48000,2,PCM_16,1.2224791666666666,ad723be36ecb21cedfbe4ddc26d55c26
NLP Dataset/Tamil/Non-depressed/Train_set/ND3_0040.wav,ND3_0040.wav,Tamil,Non-depressed,train,48000,2,PCM_16,2.4749791666666665,e7cc8184b6934f5e8cd2e8fd7618bf19
NLP Dataset/Tamil/Non-depressed/Train_set/ND3_0041.wav,ND3_0041.wav,Tamil,Non-depressed,train,48000,2,PCM_16,2.195,490a0219e93efdbb9ce84a0f9b4eb52f
NLP Dataset/Tamil/Non-depressed/Train_set/ND3_0042.wav,ND3_0042.wav,Tamil,Non-depressed,train,48000,2,PCM_16,2.0975,da3b749d34e3c5c81a08555efcaa0007
NLP Dataset/Tamil/Non-depressed/Train_set/ND3_0043.wav,ND3_0043.wav,Tamil,Non-depressed,train,48000,2,PCM_16,2.7975,0f52ab560ce07bfe1dabc75e53cc6b83
NLP Dataset/Tamil/Non-depressed/Train_set/ND3_0044.wav,ND3_0044.wav,Tamil,Non-depressed,train,48000,2,PCM_16,2.43,6b3311b9369fe134668a453731e787cd
NLP Dataset/Tamil/Non-depressed/Train_set/ND3_0045.wav,ND3_0045.wav,Tamil,Non-depressed,train,48000,2,PCM_16,1.965,fb48b9e38ff72a9be22e21f6bc3b8b6b
NLP Dataset/Tamil/Non-depressed/Train_set/ND3_0046.wav,ND3_0046.wav,Tamil,Non-depressed,train,48000,2,PCM_16,3.155,3e50b5a92da751adf3812b558d257a8e
NLP Dataset/Tamil/Non-depressed/Train_set/ND3_0047.wav,ND3_0047.wav,Tamil,Non-depressed,train,48000,2,PCM_16,1.715,881a39e4bf2692f722dfd45919f9b57e
NLP Dataset/Tamil/Non-depressed/Train_set/ND3_0048.wav,ND3_0048.wav,Tamil,Non-depressed,train,48000,2,PCM_16,1.5824791666666667,2d17e24a852ae3f7de128e1c1f33d3d8
NLP Dataset/Tamil/Non-depressed/Train_set/ND3_0049.wav,ND3_0049.wav,Tamil,Non-depressed,train,48000,2,PCM_16,1.7975,41dab50579ac5466c778bff1d9f73172
NLP Dataset/Tamil/Non-depressed/Train_set/ND3_0050.wav,ND3_0050.wav,Tamil,Non-depressed,train,48000,2,PCM_16,1.2924791666666666,28e78f6b27033d9f82a34745eb99ba63
NLP Dataset/Tamil/Non-depressed/Train_set/ND3_0051.wav,ND3_0051.wav,Tamil,Non-depressed,train,48000,2,PCM_16,1.73,175aac0b995e4fcb7a9d563fbd77ccac
NLP Dataset/Tamil/Non-depressed/Train_set/ND3_0052.wav,ND3_0052.wav,Tamil,Non-depressed,train,48000,2,PCM_16,2.6325,e6708315706778522497ecf76890b1e8
NLP Dataset/Tamil/Non-depressed/Train_set/ND3_0053.wav,ND3_0053.wav,Tamil,Non-depressed,train,48000,2,PCM_16,2.0175,f3d4c8328f5d17f2604c5bcce4e96c63
NLP Dataset/Tamil/Non-depressed/Train_set/ND3_0054.wav,ND3_0054.wav,Tamil,Non-depressed,train,48000,2,PCM_16,1.96,6d90ce96887354f203cc62f3773f0366
NLP Dataset/Tamil/Non-depressed/Train_set/ND3_0055.wav,ND3_0055.wav,Tamil,Non-depressed,train,48000,2,PCM_16,2.0775,7991501bf945e86badd1d76d19dfd01c
NLP Dataset/Tamil/Non-depressed/Train_set/ND3_0056.wav,ND3_0056.wav,Tamil,Non-depressed,train,48000,2,PCM_16,1.5425,7ac026b5e84b6ac737fb330b150c107b
NLP Dataset/Tamil/Non-depressed/Train_set/ND3_0057.wav,ND3_0057.wav,Tamil,Non-depressed,train,48000,2,PCM_16,1.8725,cc2ce82f5b9c3fd21388cd95b8028f36
NLP Dataset/Tamil/Non-depressed/Train_set/ND3_0058.wav,ND3_0058.wav,Tamil,Non-depressed,train,48000,2,PCM_16,1.4425,095bdd6aba2e761acdfe397e5addbee0
NLP Dataset/Tamil/Non-depressed/Train_set/ND3_0059.wav,ND3_0059.wav,Tamil,Non-depressed,train,48000,2,PCM_16,2.585,7199ddfad46f39cb2be3a4bc059a9e55
NLP Dataset/Tamil/Non-depressed/Train_set/ND3_0060.wav,ND3_0060.wav,Tamil,Non-depressed,train,48000,2,PCM_16,1.95,2580aaaf5a17de6a9acd8ba8f9753bb6
NLP Dataset/Tamil/Non-depressed/Train_set/ND3_0061.wav,ND3_0061.wav,Tamil,Non-depressed,train,48000,2,PCM_16,1.5975,9002f35717bf92170b3a3b4c18b75413
NLP Dataset/Tamil/Non-depressed/Train_set/ND3_0062.wav,ND3_0062.wav,Tamil,Non-depressed,train,48000,2,PCM_16,1.395,1dd322ee15cb8a3215c7ecb61f03f392
NLP Dataset/Tamil/Non-depressed/Train_set/ND3_0063.wav,ND3_0063.wav,Tamil,Non-depressed,train,48000,2,PCM_16,1.78,4562117d6b6af0c7210a7abadf0b0052
NLP Dataset/Tamil/Non-depressed/Train_set/ND3_0064.wav,ND3_0064.wav,Tamil,Non-depressed,train,48000,2,PCM_16,1.6375,028adbec5170e7d2646f3f74fb615eea
NLP Dataset/Tamil/Non-depressed/Train_set/ND3_0065.wav,ND3_0065.wav,Tamil,Non-depressed,train,48000,2,PCM_16,1.8525,d83c1edb6010e52d8e58497cc57e723e
NLP Dataset/Tamil/Non-depressed/Train_set/ND3_0066.wav,ND3_0066.wav,Tamil,Non-depressed,train,48000,2,PCM_16,2.965,12015b8fd7187127f3f070072ad1e2d2
NLP Dataset/Tamil/Non-depressed/Train_set/ND3_0067.wav,ND3_0067.wav,Tamil,Non-depressed,train,48000,2,PCM_16,1.535,5a7b331ed857654e84a5964b61f41f27
NLP Dataset/Tamil/Non-depressed/Train_set/ND3_0068.wav,ND3_0068.wav,Tamil,Non-depressed,train,48000,2,PCM_16,1.8675,f5d8356230ad22bacecc5d73ce122b07
NLP Dataset/Tamil/Non-depressed/Train_set/ND3_0069.wav,ND3_0069.wav,Tamil,Non-depressed,train,48000,2,PCM_16,1.26,b5ced308e4df864a4df276d81dfe05e5
NLP Dataset/Tamil/Non-depressed/Train_set/ND3_0070.wav,ND3_0070.wav,Tamil,Non-depressed,train,48000,2,PCM_16,1.7,f37bd8d62d0ffa00a5d115f535bd2f19
NLP Dataset/Tamil/Non-depressed/Train_set/ND3_0071.wav,ND3_0071.wav,Tamil,Non-depressed,train,48000,2,PCM_16,1.67,c94fc1f85f21a4a068305a1f571b138a
NLP Dataset/Tamil/Non-depressed/Train_set/ND3_0072.wav,ND3_0072.wav,Tamil,Non-depressed,train,48000,2,PCM_16,1.64,d963115e2613cd92b5dd07a6a6209a1c
NLP Dataset/Tamil/Non-depressed/Train_set/ND3_0073.wav,ND3_0073.wav,Tamil,Non-depressed,train,48000,2,PCM_16,2.2425,bfb4708f1d9f0326bee6f9118d50d5e9
NLP Dataset/Tamil/Non-depressed/Train_set/ND3_0074.wav,ND3_0074.wav,Tamil,Non-depressed,train,48000,2,PCM_16,1.2575,d636626ed0ab6401fc1ff3ef4ae6bbaf
NLP Dataset/Tamil/Non-depressed/Train_set/ND3_0075.wav,ND3_0075.wav,Tamil,Non-depressed,train,48000,2,PCM_16,1.31,e6051303c112454efe2e454b0b805771
NLP Dataset/Tamil/Non-depressed/Train_set/ND3_0076.wav,ND3_0076.wav,Tamil,Non-depressed,train,48000,2,PCM_16,2.75,48c76f7437700914d5d04e8518d9832a
NLP Dataset/Tamil/Non-depressed/Train_set/ND3_0077.wav,ND3_0077.wav,Tamil,Non-depressed,train,48000,2,PCM_16,1.605,e01f474f6adb478658469fc0a00b02eb
NLP Dataset/Tamil/Non-depressed/Train_set/ND3_0078.wav,ND3_0078.wav,Tamil,Non-depressed,train,48000,2,PCM_16,1.83,53c83be7904c5a6c9111ab2e1d7acee9
NLP Dataset/Tamil/Non-depressed/Train_set/ND3_0079.wav,ND3_0079.wav,Tamil,Non-depressed,train,48000,2,PCM_16,2.8125,8b9c85a0f12514ad0c759fb278f26764
NLP Dataset/Tamil/Non-depressed/Train_set/ND3_0080.wav,ND3_0080.wav,Tamil,Non-depressed,train,48000,2,PCM_16,2.9325,f90de50d7cc00e57a779939890de747f
NLP Dataset/Tamil/Non-depressed/Train_set/ND3_0081.wav,ND3_0081.wav,Tamil,Non-depressed,train,48000,2,PCM_16,1.555,260db48e2a7ea398ea27b7ee5fb9b343
NLP Dataset/Tamil/Non-depressed/Train_set/ND3_0082.wav,ND3_0082.wav,Tamil,Non-depressed,train,48000,2,PCM_16,2.18,1bc215d83e346d7ad692df260c704cc4
NLP Dataset/Tamil/Non-depressed/Train_set/ND3_0083.wav,ND3_0083.wav,Tamil,Non-depressed,train,48000,2,PCM_16,1.585,054e0bbbe0a737991059acedbabed2e5
NLP Dataset/Tamil/Non-depressed/Train_set/ND3_0084.wav,ND3_0084.wav,Tamil,Non-depressed,train,48000,2,PCM_16,2.185,aa8ed166bb597a8c801191cf29539a39
NLP Dataset/Tamil/Non-depressed/Train_set/ND3_0085.wav,ND3_0085.wav,Tamil,Non-depressed,train,48000,2,PCM_16,2.26,004dabaf9f66c56c03e89ed50f062be1
NLP Dataset/Tamil/Non-depressed/Train_set/ND3_0086.wav,ND3_0086.wav,Tamil,Non-depressed,train,48000,2,PCM_16,2.595,51c8254612bd3e5fd062119a43b02b9e
NLP Dataset/Tamil/Non-depressed/Train_set/ND3_0087.wav,ND3_0087.wav,Tamil,Non-depressed,train,48000,2,PCM_16,1.905,23ec21943bcb72489aabb75c9c25f666
NLP Dataset/Tamil/Non-depressed/Train_set/ND3_0088.wav,ND3_0088.wav,Tamil,Non-depressed,train,48000,2,PCM_16,1.72,5eae7356c895b6ceda4ff063ce0eeb9a
NLP Dataset/Tamil/Non-depressed/Train_set/ND3_0089.wav,ND3_0089.wav,Tamil,Non-depressed,train,48000,2,PCM_16,1.1650208333333334,45f245659e3473af743b172a0b1f574b
NLP Dataset/Tamil/Non-depressed/Train_set/ND3_0090.wav,ND3_0090.wav,Tamil,Non-depressed,train,48000,2,PCM_16,2.935,590afea59d0e8bbe4a4a56b66902b97e
NLP Dataset/Tamil/Non-depressed/Train_set/ND3_0091.wav,ND3_0091.wav,Tamil,Non-depressed,train,48000,2,PCM_16,1.96,b1f5e5ed4db2cef0d38bdde94efd7bfd
NLP Dataset/Tamil/Non-depressed/Train_set/ND3_0092.wav,ND3_0092.wav,Tamil,Non-depressed,train,48000,2,PCM_16,1.54,3c146b578bdeec09a75590a0762bb562
NLP Dataset/Tamil/Non-depressed/Train_set/ND3_0093.wav,ND3_0093.wav,Tamil,Non-depressed,train,48000,2,PCM_16,2.5075,542cbbfa137b47de10f71765ec33231f
NLP Dataset/Tamil/Non-depressed/Train_set/ND3_0094.wav,ND3_0094.wav,Tamil,Non-depressed,train,48000,2,PCM_16,1.6675,6a268c4950f1f0c6e310d06330fd8fc4
NLP Dataset/Tamil/Non-depressed/Train_set/ND3_0095.wav,ND3_0095.wav,Tamil,Non-depressed,train,48000,2,PCM_16,2.2475,2d7f94b7ffd42e768295fb7f777d596d
NLP Dataset/Tamil/Non-depressed/Train_set/ND3_0096.wav,ND3_0096.wav,Tamil,Non-depressed,train,48000,2,PCM_16,1.8375,3d3571748fbe85d46c9943cd9579e257
NLP Dataset/Tamil/Non-depressed/Train_set/ND3_0097.wav,ND3_0097.wav,Tamil,Non-depressed,train,48000,2,PCM_16,1.2875,359d60e44fed28ad28d67a5a1a719206
NLP Dataset/Tamil/Non-depressed/Train_set/ND3_0098.wav,ND3_0098.wav,Tamil,Non-depressed,train,48000,2,PCM_16,1.6575208333333333,e2cc7b9b13a30d2f5782143108d32c4e
NLP Dataset/Tamil/Non-depressed/Train_set/ND3_0099.wav,ND3_0099.wav,Tamil,Non-depressed,train,48000,2,PCM_16,1.855,768320450cb5a19d41599f234ce1caa9
NLP Dataset/Tamil/Non-depressed/Train_set/ND3_0100.wav,ND3_0100.wav,Tamil,Non-depressed,train,48000,2,PCM_16,1.8674791666666666,9e17c835368bc79353d1d1bb20a4b47a
NLP Dataset/Tamil/Non-depressed/Train_set/ND3_0101.wav,ND3_0101.wav,Tamil,Non-depressed,train,48000,2,PCM_16,2.735,9b8654d24485c37dce5cd4947fe7c5d3
NLP Dataset/Tamil/Non-depressed/Train_set/ND3_0102.wav,ND3_0102.wav,Tamil,Non-depressed,train,48000,2,PCM_16,1.7074791666666667,4053c3ead688555c8c623f7b777de6f1
NLP Dataset/Tamil/Non-depressed/Train_set/ND3_0103.wav,ND3_0103.wav,Tamil,Non-depressed,train,48000,2,PCM_16,1.6475,9872ae763e7625f6ab6b73928e08458d
NLP Dataset/Tamil/Non-depressed/Train_set/ND3_0104.wav,ND3_0104.wav,Tamil,Non-depressed,train,48000,2,PCM_16,2.5125,5c963e8de8f9cb37a2b79ab3f6042969
NLP Dataset/Tamil/Non-depressed/Train_set/ND3_0105.wav,ND3_0105.wav,Tamil,Non-depressed,train,48000,2,PCM_16,1.4175,770e3429d9d1d2703e8d044450ab506b
NLP Dataset/Tamil/Non-depressed/Train_set/ND3_0106.wav,ND3_0106.wav,Tamil,Non-depressed,train,48000,2,PCM_16,1.585,b5580a4e9c4b0d19161b28f0e197d471
NLP Dataset/Tamil/Non-depressed/Train_set/ND3_0107.wav,ND3_0107.wav,Tamil,Non-depressed,train,48000,2,PCM_16,2.3875,751336e8dc4c1b03e2bda445d6a44141
NLP Dataset/Tamil/Non-depressed/Train_set/ND3_0108.wav,ND3_0108.wav,Tamil,Non-depressed,train,48000,2,PCM_16,1.63,f64ec8cd0813f73400df783318285bf6
NLP Dataset/Tamil/Non-depressed/Train_set/ND3_0109.wav,ND3_0109.wav,Tamil,Non-depressed,train,48000,2,PCM_16,1.6575,f674cd6e77d2224d81465903ca985dd5
NLP Dataset/Tamil/Non-depressed/Train_set/ND3_0110.wav,ND3_0110.wav,Tamil,Non-depressed,train,48000,2,PCM_16,1.6575,834ace2ccc96761631d440a8af32d47f
NLP Dataset/Tamil/Non-depressed/Train_set/ND3_0111.wav,ND3_0111.wav,Tamil,Non-depressed,train,48000,2,PCM_16,1.8225,1e1b3ef6762451e8e6b862b74255eaf2
NLP Dataset/Tamil/Non-depressed/Train_set/ND3_0112.wav,ND3_0112.wav,Tamil,Non-depressed,train,48000,2,PCM_16,1.85,8be4ca0c138ff7891e9ac1a68ba33668
NLP Dataset/Tamil/Non-depressed/Train_set/ND3_0113.wav,ND3_0113.wav,Tamil,Non-depressed,train,48000,2,PCM_16,1.72,3e192e6101fab634a5509521af8a2a1b
NLP Dataset/Tamil/Non-depressed/Train_set/ND3_0114.wav,ND3_0114.wav,Tamil,Non-depressed,train,48000,2,PCM_16,2.1775,42d97d980d0410afea78c5cb220e4421
NLP Dataset/Tamil/Non-depressed/Train_set/ND3_0115.wav,ND3_0115.wav,Tamil,Non-depressed,train,48000,2,PCM_16,1.47,a6021740fd1e80b52780bd377e28002f
NLP Dataset/Tamil/Non-depressed/Train_set/ND3_0116.wav,ND3_0116.wav,Tamil,Non-depressed,train,48000,2,PCM_16,1.7574791666666667,bb5358073ba4b832ba35d9ac7d57787d
NLP Dataset/Tamil/Non-depressed/Train_set/ND3_0117.wav,ND3_0117.wav,Tamil,Non-depressed,train,48000,2,PCM_16,1.3275,80f9ce0d039084ed6cd2a8750e33007b
NLP Dataset/Tamil/Non-depressed/Train_set/ND3_0118.wav,ND3_0118.wav,Tamil,Non-depressed,train,48000,2,PCM_16,1.7825,393f9ab3a027ff66b0b1ebd87836c4ce
NLP Dataset/Tamil/Non-depressed/Train_set/ND3_0119.wav,ND3_0119.wav,Tamil,Non-depressed,train,48000,2,PCM_16,1.7275,30bc264df251a137dad2f1fe09f7f20f
NLP Dataset/Tamil/Non-depressed/Train_set/ND3_0120.wav,ND3_0120.wav,Tamil,Non-depressed,train,48000,2,PCM_16,1.7375,710fb3bf55a31ee938e15ff74e7802a8
NLP Dataset/Tamil/Non-depressed/Train_set/ND3_0121.wav,ND3_0121.wav,Tamil,Non-depressed,train,48000,2,PCM_16,2.3024791666666666,7cb108f6df9f5c70bbf05b56840d1b5b
NLP Dataset/Tamil/Non-depressed/Train_set/ND3_0122.wav,ND3_0122.wav,Tamil,Non-depressed,train,48000,2,PCM_16,1.795,aced2ca41eaa02ec49b01ad420988c4c
NLP Dataset/Tamil/Non-depressed/Train_set/ND3_0123.wav,ND3_0123.wav,Tamil,Non-depressed,train,48000,2,PCM_16,2.145,3b2c7a4179ca4d24d5ea232ea34bdabd
NLP Dataset/Tamil/Non-depressed/Train_set/ND3_0124.wav,ND3_0124.wav,Tamil,Non-depressed,train,48000,2,PCM_16,2.4975,bc2b1c532f9d765572552a2965bceb2f
NLP Dataset/Tamil/Non-depressed/Train_set/ND3_0125.wav,ND3_0125.wav,Tamil,Non-depressed,train,48000,2,PCM_16,1.725,45ecc18724c71b471cda8e6b958ca3a3
NLP Dataset/Tamil/Non-depressed/Train_set/ND3_0126.wav,ND3_0126.wav,Tamil,Non-depressed,train,48000,2,PCM_16,1.9075,da23b35df2255181873fba426efc62b5
NLP Dataset/Tamil/Non-depressed/Train_set/ND3_0127.wav,ND3_0127.wav,Tamil,Non-depressed,train,48000,2,PCM_16,2.825,f30a661542eb985412bfc67eb5a419c8
NLP Dataset/Tamil/Non-depressed/Train_set/ND3_0128.wav,ND3_0128.wav,Tamil,Non-depressed,train,48000,2,PCM_16,2.13,c2ea3179f135ba82144750e7e98c3f4b
NLP Dataset/Tamil/Non-depressed/Train_set/ND3_0129.wav,ND3_0129.wav,Tamil,Non-depressed,train,48000,2,PCM_16,2.4075,85db36b94150b5464e530edcc7d98ea3
NLP Dataset/Tamil/Non-depressed/Train_set/ND3_0130.wav,ND3_0130.wav,Tamil,Non-depressed,train,48000,2,PCM_16,1.8875,0e2d3a0a9b86802fdc7ad5df1832edef
NLP Dataset/Tamil/Non-depressed/Train_set/ND3_0131.wav,ND3_0131.wav,Tamil,Non-depressed,train,48000,2,PCM_16,1.8125,ee11f374f348709a6a813ba4dee11320
NLP Dataset/Tamil/Non-depressed/Train_set/ND3_0132.wav,ND3_0132.wav,Tamil,Non-depressed,train,48000,2,PCM_16,2.895,78c33382f3de01948af872dbf642f531
NLP Dataset/Tamil/Non-depressed/Train_set/ND3_0133.wav,ND3_0133.wav,Tamil,Non-depressed,train,48000,2,PCM_16,2.53,50afad5f47ef1ba52dd85469aa67c378
NLP Dataset/Tamil/Non-depressed/Train_set/ND3_0134.wav,ND3_0134.wav,Tamil,Non-depressed,train,48000,2,PCM_16,3.0325,1c6d5d95809f32ebeddb34e78b9740c3
NLP Dataset/Tamil/Non-depressed/Train_set/ND3_0135.wav,ND3_0135.wav,Tamil,Non-depressed,train,48000,2,PCM_16,3.5275,607d7bceb566007664b7485ace75f8e3
NLP Dataset/Tamil/Non-depressed/Train_set/ND3_0136.wav,ND3_0136.wav,Tamil,Non-depressed,train,48000,2,PCM_16,2.725,80e9e06cea02fc332913cb83ae89f051
NLP Dataset/Tamil/Non-depressed/Train_set/ND3_0137.wav,ND3_0137.wav,Tamil,Non-depressed,train,48000,2,PCM_16,2.8,1b27910914a4c274e0c6e12c3f46b668
NLP Dataset/Tamil/Non-depressed/Train_set/ND3_0138.wav,ND3_0138.wav,Tamil,Non-depressed,train,48000,2,PCM_16,2.8925,4b9d080bcee86a0f29845b05c05c5e83
NLP Dataset/Tamil/Non-depressed/Train_set/ND3_0139.wav,ND3_0139.wav,Tamil,Non-depressed,train,48000,2,PCM_16,2.9075,39b2633a49e2c6dc520cc7f4b1e76613
NLP Dataset/Tamil/Non-depressed/Train_set/ND3_0140.wav,ND3_0140.wav,Tamil,Non-depressed,train,48000,2,PCM_16,2.685,6a117ddca0f43ef86f51745441727449
NLP Dataset/Tamil/Non-depressed/Train_set/ND3_0141.wav,ND3_0141.wav,Tamil,Non-depressed,train,48000,2,PCM_16,2.3825,6e880ec93163e838a981a96b26dbad6f
NLP Dataset/Tamil/Non-depressed/Train_set/ND3_0142.wav,ND3_0142.wav,Tamil,Non-depressed,train,48000,2,PCM_16,2.18,baf8515666fa77da5671c5241dd351de
NLP Dataset/Tamil/Non-depressed/Train_set/ND3_0143.wav,ND3_0143.wav,Tamil,Non-depressed,train,48000,2,PCM_16,3.13,50c460a3da63d6df94951528b7d080db
NLP Dataset/Tamil/Non-depressed/Train_set/ND3_0144.wav,ND3_0144.wav,Tamil,Non-depressed,train,48000,2,PCM_16,2.7375,ac15b5a41cc27ab163ba5181f27883c1
NLP Dataset/Tamil/Non-depressed/Train_set/ND3_0145.wav,ND3_0145.wav,Tamil,Non-depressed,train,48000,2,PCM_16,3.2625,96e3202de16e1514bc482860cc21ae85
NLP Dataset/Tamil/Non-depressed/Train_set/ND3_0146.wav,ND3_0146.wav,Tamil,Non-depressed,train,48000,2,PCM_16,3.2975208333333335,f50b1f9822732a58de07db83790e9d5f
NLP Dataset/Tamil/Non-depressed/Train_set/ND3_0147.wav,ND3_0147.wav,Tamil,Non-depressed,train,48000,2,PCM_16,2.14,3c3995d3a8a8ec4add7659a06a7f4016
NLP Dataset/Tamil/Non-depressed/Train_set/ND3_0148.wav,ND3_0148.wav,Tamil,Non-depressed,train,48000,2,PCM_16,2.5675,0c93f936651bd664bb7b99046c67945d
NLP Dataset/Tamil/Non-depressed/Train_set/ND3_0149.wav,ND3_0149.wav,Tamil,Non-depressed,train,48000,2,PCM_16,1.7225,7e78088d45eaa8a9c4f3aaaf2909b5ed
NLP Dataset/Tamil/Non-depressed/Train_set/ND3_0150.wav,ND3_0150.wav,Tamil,Non-depressed,train,48000,2,PCM_16,2.4625,eb2594d2d7eac095c54728a13b09aedd
NLP Dataset/Tamil/Non-depressed/Train_set/ND3_0151.wav,ND3_0151.wav,Tamil,Non-depressed,train,48000,2,PCM_16,1.8425,c6ce12fcde3404974364e8c210f1a453
NLP Dataset/Tamil/Non-depressed/Train_set/ND3_0152.wav,ND3_0152.wav,Tamil,Non-depressed,train,48000,2,PCM_16,2.4225,6a19e0f6fa2a74eb36845d0487bca185
NLP Dataset/Tamil/Non-depressed/Train_set/ND3_0153.wav,ND3_0153.wav,Tamil,Non-depressed,train,48000,2,PCM_16,1.4225,079fb37317d2b987fd6e9c4b30a9eeeb
NLP Dataset/Tamil/Non-depressed/Train_set/ND3_0154.wav,ND3_0154.wav,Tamil,Non-depressed,train,48000,2,PCM_16,2.055,38a0c9a2ea9ab40238a8b4823ba6d430
NLP Dataset/Tamil/Non-depressed/Train_set/ND3_0155.wav,ND3_0155.wav,Tamil,Non-depressed,train,48000,2,PCM_16,1.0349791666666666,1182fedfb0723b8c61c0e9c8c7a8d5d3
NLP Dataset/Tamil/Non-depressed/Train_set/ND3_0156.wav,ND3_0156.wav,Tamil,Non-depressed,train,48000,2,PCM_16,1.6700208333333333,b4dc6e55025818d9a661e797ffb08c43
NLP Dataset/Tamil/Non-depressed/Train_set/ND3_0157.wav,ND3_0157.wav,Tamil,Non-depressed,train,48000,2,PCM_16,1.505,0fcac6afdb6ae0e97b63060820e7eaa1
NLP Dataset/Tamil/Non-depressed/Train_set/ND3_0158.wav,ND3_0158.wav,Tamil,Non-depressed,train,48000,2,PCM_16,2.685,eb63b2a319dc607729f7169bbb7e1f03
NLP Dataset/Tamil/Non-depressed/Train_set/ND3_0159.wav,ND3_0159.wav,Tamil,Non-depressed,train,48000,2,PCM_16,2.12,121624a6385bac5bee5b6f1a69ea96ad
NLP Dataset/Tamil/Non-depressed/Train_set/ND3_0160.wav,ND3_0160.wav,Tamil,Non-depressed,train,48000,2,PCM_16,1.72,6501f913d169ed90e389ef5851eb7d29
NLP Dataset/Tamil/Non-depressed/Train_set/ND3_0161.wav,ND3_0161.wav,Tamil,Non-depressed,train,48000,2,PCM_16,2.8975,f77ff07dbdcbc25d9a25427d39c16cdd
NLP Dataset/Tamil/Non-depressed/Train_set/ND3_0162.wav,ND3_0162.wav,Tamil,Non-depressed,train,48000,2,PCM_16,2.1125,e641bcf9fb309b6ad7ae197372d54657
NLP Dataset/Tamil/Non-depressed/Train_set/ND3_0163.wav,ND3_0163.wav,Tamil,Non-depressed,train,48000,2,PCM_16,2.065,aaa7042b41bbd613fc34c3ddcaeed7eb
NLP Dataset/Tamil/Non-depressed/Train_set/ND3_0164.wav,ND3_0164.wav,Tamil,Non-depressed,train,48000,2,PCM_16,1.3925,8e24e45fb15b53441bde3d88d6c363e8
NLP Dataset/Tamil/Non-depressed/Train_set/ND3_0165.wav,ND3_0165.wav,Tamil,Non-depressed,train,48000,2,PCM_16,2.17,af363a861a406a7ab25b23311f2dc781
NLP Dataset/Tamil/Non-depressed/Train_set/ND3_0166.wav,ND3_0166.wav,Tamil,Non-depressed,train,48000,2,PCM_16,1.925,e2155ca43d94a03f05206a5e4e6c395b
NLP Dataset/Tamil/Non-depressed/Train_set/ND3_0167.wav,ND3_0167.wav,Tamil,Non-depressed,train,48000,2,PCM_16,1.26,9edee3be1665f48b5191a398671f96f9
NLP Dataset/Tamil/Non-depressed/Train_set/ND3_0168.wav,ND3_0168.wav,Tamil,Non-depressed,train,48000,2,PCM_16,1.4575,242e9172bd5ef59f3af8e60e292dc78c
NLP Dataset/Tamil/Non-depressed/Train_set/ND3_0169.wav,ND3_0169.wav,Tamil,Non-depressed,train,48000,2,PCM_16,1.4475208333333334,0f2f0aa417ad5ed2f465fa8f15ce1515
NLP Dataset/Tamil/Non-depressed/Train_set/ND3_0170.wav,ND3_0170.wav,Tamil,Non-depressed,train,48000,2,PCM_16,1.95,41269683d7fe9977210d3a839a7c541b
NLP Dataset/Tamil/Non-depressed/Train_set/ND3_0171.wav,ND3_0171.wav,Tamil,Non-depressed,train,48000,2,PCM_16,1.5150208333333333,b293006c997ac572127ab3ec6cad7305
NLP Dataset/Tamil/Non-depressed/Train_set/ND3_0172.wav,ND3_0172.wav,Tamil,Non-depressed,train,48000,2,PCM_16,1.8725,27fff7616a902311015687d8e9a789ab
NLP Dataset/Tamil/Non-depressed/Train_set/ND3_0173.wav,ND3_0173.wav,Tamil,Non-depressed,train,48000,2,PCM_16,1.54,3a6c703a23bcc3b8d9d3ce2804e180aa
NLP Dataset/Tamil/Non-depressed/Train_set/ND3_0174.wav,ND3_0174.wav,Tamil,Non-depressed,train,48000,2,PCM_16,2.8625,bee2f898824e2468d3ded836c29216f4
NLP Dataset/Tamil/Non-depressed/Train_set/ND3_0175.wav,ND3_0175.wav,Tamil,Non-depressed,train,48000,2,PCM_16,1.435,ca62d60a9f23fe7dd7f65f0d65e4611e
NLP Dataset/Tamil/Non-depressed/Train_set/ND3_0176.wav,ND3_0176.wav,Tamil,Non-depressed,train,48000,2,PCM_16,1.2625208333333333,fb9720e5084365ddba37c1a938ac5b55
NLP Dataset/Tamil/Non-depressed/Train_set/ND3_0177.wav,ND3_0177.wav,Tamil,Non-depressed,train,48000,2,PCM_16,3.0625,13c0e2291af899f4d1c3362576b2927e
NLP Dataset/Tamil/Non-depressed/Train_set/ND3_0178.wav,ND3_0178.wav,Tamil,Non-depressed,train,48000,2,PCM_16,2.9425208333333335,e124152a31777819b3f1307fccadde9b
NLP Dataset/Tamil/Non-depressed/Train_set/ND3_0179.wav,ND3_0179.wav,Tamil,Non-depressed,train,48000,2,PCM_16,2.1125,29542d23181a52129fd0a6c43d9d946a
NLP Dataset/Tamil/Non-depressed/Train_set/ND3_0180.wav,ND3_0180.wav,Tamil,Non-depressed,train,48000,2,PCM_16,2.9025,a67f444ffa8d60d00ce9bb93f9341caa
NLP Dataset/Tamil/Non-depressed/Train_set/ND3_0181.wav,ND3_0181.wav,Tamil,Non-depressed,train,48000,2,PCM_16,3.5825,2535d910c1e46273cbbf950b2c3475ef
NLP Dataset/Tamil/Non-depressed/Train_set/ND3_0182.wav,ND3_0182.wav,Tamil,Non-depressed,train,48000,2,PCM_16,2.44,faf1d7c0ec96e58a75cece692c737958
NLP Dataset/Tamil/Non-depressed/Train_set/ND3_0183.wav,ND3_0183.wav,Tamil,Non-depressed,train,48000,2,PCM_16,1.625,447e36ac6c8d2a80459eda84069d26a8
NLP Dataset/Tamil/Non-depressed/Train_set/ND3_0184.wav,ND3_0184.wav,Tamil,Non-depressed,train,48000,2,PCM_16,1.98,56e54f530fd3d80f9add1162c44edf19
NLP Dataset/Tamil/Non-depressed/Train_set/ND4_0001.wav,ND4_0001.wav,Tamil,Non-depressed,train,48000,2,PCM_16,2.46,e3fce49332cedadfa614d424ad9a738d
NLP Dataset/Tamil/Non-depressed/Train_set/ND4_0002.wav,ND4_0002.wav,Tamil,Non-depressed,train,48000,2,PCM_16,2.8225,2fba82e5c630fab4597e393034f0b0b5
NLP Dataset/Tamil/Non-depressed/Train_set/ND4_0003.wav,ND4_0003.wav,Tamil,Non-depressed,train,48000,2,PCM_16,2.4074791666666666,d57d9925ca88d9bfe2a1822440e9b9df
NLP Dataset/Tamil/Non-depressed/Train_set/ND4_0004.wav,ND4_0004.wav,Tamil,Non-depressed,train,48000,2,PCM_16,2.395,3b18a75bd57ad8f2cd24687b01e40cee
NLP Dataset/Tamil/Non-depressed/Train_set/ND4_0005.wav,ND4_0005.wav,Tamil,Non-depressed,train,48000,2,PCM_16,2.290020833333333,4ab66fddc2672b16d7c1856e55b89381
NLP Dataset/Tamil/Non-depressed/Train_set/ND4_0006.wav,ND4_0006.wav,Tamil,Non-depressed,train,48000,2,PCM_16,3.2825208333333333,d38d02b81e43b973d59e61ebbaf744c5
NLP Dataset/Tamil/Non-depressed/Train_set/ND4_0007.wav,ND4_0007.wav,Tamil,Non-depressed,train,48000,2,PCM_16,2.02,94dffbdb33259dfe88f9ea5bdda70ba7
NLP Dataset/Tamil/Non-depressed/Train_set/ND4_0008.wav,ND4_0008.wav,Tamil,Non-depressed,train,48000,2,PCM_16,3.2225208333333333,283c51ec5433ac910fa3c876cceae00a
NLP Dataset/Tamil/Non-depressed/Train_set/ND4_0009.wav,ND4_0009.wav,Tamil,Non-depressed,train,48000,2,PCM_16,2.7275,a138d458fbf6acd54ceed642253fc57e
NLP Dataset/Tamil/Non-depressed/Train_set/ND4_0010.wav,ND4_0010.wav,Tamil,Non-depressed,train,48000,2,PCM_16,2.7075,e65d9ad9107a07a0ef66f944296561f8
NLP Dataset/Tamil/Non-depressed/Train_set/ND4_0011.wav,ND4_0011.wav,Tamil,Non-depressed,train,48000,2,PCM_16,3.245,481852b9ac5ba5effde8ce6c916b9821
NLP Dataset/Tamil/Non-depressed/Train_set/ND4_0012.wav,ND4_0012.wav,Tamil,Non-depressed,train,48000,2,PCM_16,2.6575,abdc377d4be73863ca072d0af7aac25d
NLP Dataset/Tamil/Non-depressed/Train_set/ND4_0013.wav,ND4_0013.wav,Tamil,Non-depressed,train,48000,2,PCM_16,2.89,5d2a3135b1de37a11be439b0e8c48ab6
NLP Dataset/Tamil/Non-depressed/Train_set/ND4_0014.wav,ND4_0014.wav,Tamil,Non-depressed,train,48000,2,PCM_16,3.0275,4465a13eaed24af51426b6b0016d689e
NLP Dataset/Tamil/Non-depressed/Train_set/ND4_0015.wav,ND4_0015.wav,Tamil,Non-depressed,train,48000,2,PCM_16,2.1025,349faa581594f47e4a5059dab667bf07
NLP Dataset/Tamil/Non-depressed/Train_set/ND4_0016.wav,ND4_0016.wav,Tamil,Non-depressed,train,48000,2,PCM_16,3.7825,a423b30f74f0fdc798bb0f9d4ebfcda8
NLP Dataset/Tamil/Non-depressed/Train_set/ND4_0017.wav,ND4_0017.wav,Tamil,Non-depressed,train,48000,2,PCM_16,2.69,dabd76a943bea1fa9a208372dcd2bb0a
NLP Dataset/Tamil/Non-depressed/Train_set/ND4_0018.wav,ND4_0018.wav,Tamil,Non-depressed,train,48000,2,PCM_16,4.3025,fcb177ff6eb0fb2b34f30baf101eb942
NLP Dataset/Tamil/Non-depressed/Train_set/ND4_0019.wav,ND4_0019.wav,Tamil,Non-depressed,train,48000,2,PCM_16,4.252479166666666,d912b0742966817c5655fa94eed51b98
NLP Dataset/Tamil/Non-depressed/Train_set/ND4_0020.wav,ND4_0020.wav,Tamil,Non-depressed,train,48000,2,PCM_16,3.525,8c40abc9260916bd4be339cf1c133f58
NLP Dataset/Tamil/Non-depressed/Train_set/ND4_0021.wav,ND4_0021.wav,Tamil,Non-depressed,train,48000,2,PCM_16,2.84,7636591a37b2201ad75d2b3885d61328
NLP Dataset/Tamil/Non-depressed/Train_set/ND4_0022.wav,ND4_0022.wav,Tamil,Non-depressed,train,48000,2,PCM_16,3.51,261c3b37b8098ef11d034dcae44c5608
NLP Dataset/Tamil/Non-depressed/Train_set/ND4_0023.wav,ND4_0023.wav,Tamil,Non-depressed,train,48000,2,PCM_16,3.445,82f7ca2967843415cba01dc802bb138a
NLP Dataset/Tamil/Non-depressed/Train_set/ND4_0024.wav,ND4_0024.wav,Tamil,Non-depressed,train,48000,2,PCM_16,3.09,0beea7457fbc00847db057d051ae15c4
NLP Dataset/Tamil/Non-depressed/Train_set/ND4_0025.wav,ND4_0025.wav,Tamil,Non-depressed,train,48000,2,PCM_16,3.4725,72138cd428623231d5ea90fe91486bd5
NLP Dataset/Tamil/Non-depressed/Train_set/ND4_0026.wav,ND4_0026.wav,Tamil,Non-depressed,train,48000,2,PCM_16,2.5725,43a3946af3ecc5d26b5d972cfba2f7b2
NLP Dataset/Tamil/Non-depressed/Train_set/ND4_0027.wav,ND4_0027.wav,Tamil,Non-depressed,train,48000,2,PCM_16,3.81,75a07e75007fa1f86231c6f285a5e649
NLP Dataset/Tamil/Non-depressed/Train_set/ND4_0028.wav,ND4_0028.wav,Tamil,Non-depressed,train,48000,2,PCM_16,3.385,d342a20797580531ad56dba96d40af05
NLP Dataset/Tamil/Non-depressed/Train_set/ND4_0029.wav,ND4_0029.wav,Tamil,Non-depressed,train,48000,2,PCM_16,2.105,272553aa9f99960c765f4a8d6e2e84f4
NLP Dataset/Tamil/Non-depressed/Train_set/ND4_0030.wav,ND4_0030.wav,Tamil,Non-depressed,train,48000,2,PCM_16,3.2275,8af7f7e4e9315aff8c765df47321b1d2
NLP Dataset/Tamil/Non-depressed/Train_set/ND4_0031.wav,ND4_0031.wav,Tamil,Non-depressed,train,48000,2,PCM_16,2.99,ec6484737d9cddfae23a236c48ac12b1
NLP Dataset/Tamil/Non-depressed/Train_set/ND4_0032.wav,ND4_0032.wav,Tamil,Non-depressed,train,48000,2,PCM_16,2.6625,179b11fc539e82649607e3c203b1ac3e
NLP Dataset/Tamil/Non-depressed/Train_set/ND4_0033.wav,ND4_0033.wav,Tamil,Non-depressed,train,48000,2,PCM_16,6.3725,c48c405e86a8cc72c563ccfec8a88716
NLP Dataset/Tamil/Non-depressed/Train_set/ND4_0034.wav,ND4_0034.wav,Tamil,Non-depressed,train,48000,2,PCM_16,1.7775,e96850b242838e3e75411344775b9405
NLP Dataset/Tamil/Non-depressed/Train_set/ND4_0035.wav,ND4_0035.wav,Tamil,Non-depressed,train,48000,2,PCM_16,3.3725,4b7248ad6020d6f75624ae3a279c5d08
NLP Dataset/Tamil/Non-depressed/Train_set/ND4_0036.wav,ND4_0036.wav,Tamil,Non-depressed,train,48000,2,PCM_16,2.8775,06ee316980d578a5dd1c075528761e10
NLP Dataset/Tamil/Non-depressed/Train_set/ND4_0037.wav,ND4_0037.wav,Tamil,Non-depressed,train,48000,2,PCM_16,2.7675,10e6ecffb3556430fad3b14243e4604a
NLP Dataset/Tamil/Non-depressed/Train_set/ND4_0038.wav,ND4_0038.wav,Tamil,Non-depressed,train,48000,2,PCM_16,2.6724791666666667,fa401422de4510ccbf232083768e3e85
NLP Dataset/Tamil/Non-depressed/Train_set/ND4_0039.wav,ND4_0039.wav,Tamil,Non-depressed,train,48000,2,PCM_16,1.44,cd34a0917e188fd2ba2895dd7d0f6e61
NLP Dataset/Tamil/Non-depressed/Train_set/ND4_0040.wav,ND4_0040.wav,Tamil,Non-depressed,train,48000,2,PCM_16,2.7275,e51fec85b72dd7d78a915530bd2f809d
NLP Dataset/Tamil/Non-depressed/Train_set/ND4_0041.wav,ND4_0041.wav,Tamil,Non-depressed,train,48000,2,PCM_16,2.705020833333333,16d2abf89681157f4c6afed7db626bec
NLP Dataset/Tamil/Non-depressed/Train_set/ND4_0042.wav,ND4_0042.wav,Tamil,Non-depressed,train,48000,2,PCM_16,2.3275,f7b1d0d11258e21199fd2e93c884283c
NLP Dataset/Tamil/Non-depressed/Train_set/ND4_0043.wav,ND4_0043.wav,Tamil,Non-depressed,train,48000,2,PCM_16,3.3524791666666665,4b69741af23c7bb9f434e5565107c614
NLP Dataset/Tamil/Non-depressed/Train_set/ND4_0044.wav,ND4_0044.wav,Tamil,Non-depressed,train,48000,2,PCM_16,2.8875,92a524b1ef1fbe86b4082d02ba8ed3bd
NLP Dataset/Tamil/Non-depressed/Train_set/ND4_0045.wav,ND4_0045.wav,Tamil,Non-depressed,train,48000,2,PCM_16,2.0174791666666665,b811f555d3feb034db4d2121eba1170e
NLP Dataset/Tamil/Non-depressed/Train_set/ND4_0046.wav,ND4_0046.wav,Tamil,Non-depressed,train,48000,2,PCM_16,3.6,474c441c2895f7fc706b5e05b856699b
NLP Dataset/Tamil/Non-depressed/Train_set/ND4_0047.wav,ND4_0047.wav,Tamil,Non-depressed,train,48000,2,PCM_16,2.1400208333333333,67105373f5895645103e59f4be848255
NLP Dataset/Tamil/Non-depressed/Train_set/ND4_0048.wav,ND4_0048.wav,Tamil,Non-depressed,train,48000,2,PCM_16,1.8425,f9f064330b6143313ddedf9fc75a4409
NLP Dataset/Tamil/Non-depressed/Train_set/ND4_0049.wav,ND4_0049.wav,Tamil,Non-depressed,train,48000,2,PCM_16,1.9674791666666667,85b9ecd1a41795c591c07eed04dfdee5
NLP Dataset/Tamil/Non-depressed/Train_set/ND4_0050.wav,ND4_0050.wav,Tamil,Non-depressed,train,48000,2,PCM_16,1.47,5a547f5e7cfa161b73337620d550987f
NLP Dataset/Tamil/Non-depressed/Train_set/ND4_0051.wav,ND4_0051.wav,Tamil,Non-depressed,train,48000,2,PCM_16,2.185,72bd065290d97f6152ba193250b5680e
NLP Dataset/Tamil/Non-depressed/Train_set/ND4_0052.wav,ND4_0052.wav,Tamil,Non-depressed,train,48000,2,PCM_16,2.875,097d4d0cbb90858d6ac474954f4499c3
NLP Dataset/Tamil/Non-depressed/Train_set/ND4_0053.wav,ND4_0053.wav,Tamil,Non-depressed,train,48000,2,PCM_16,2.23,17169df59a874b950414d6b42b14b402
NLP Dataset/Tamil/Non-depressed/Train_set/ND4_0054.wav,ND4_0054.wav,Tamil,Non-depressed,train,48000,2,PCM_16,2.2775,4e22c0cff69c578f242412db6d50502c
NLP Dataset/Tamil/Non-depressed/Train_set/ND4_0055.wav,ND4_0055.wav,Tamil,Non-depressed,train,48000,2,PCM_16,2.435,35acc04f1ac0e633261e21e0690fb684
NLP Dataset/Tamil/Non-depressed/Train_set/ND4_0056.wav,ND4_0056.wav,Tamil,Non-depressed,train,48000,2,PCM_16,1.67,8c3b3cb6ed91c6ede405581e31bc04f4
NLP Dataset/Tamil/Non-depressed/Train_set/ND4_0057.wav,ND4_0057.wav,Tamil,Non-depressed,train,48000,2,PCM_16,2.0375,4003c8a3433cdd864dcafe58cf24ec5f
NLP Dataset/Tamil/Non-depressed/Train_set/ND4_0058.wav,ND4_0058.wav,Tamil,Non-depressed,train,48000,2,PCM_16,1.865,01661307ef3423615264c3dc92106256
NLP Dataset/Tamil/Non-depressed/Train_set/ND4_0059.wav,ND4_0059.wav,Tamil,Non-depressed,train,48000,2,PCM_16,2.9875,226d0c401ac4664a60daf46c56640126
NLP Dataset/Tamil/Non-depressed/Train_set/ND4_0060.wav,ND4_0060.wav,Tamil,Non-depressed,train,48000,2,PCM_16,2.3825,4f124a6c37871c8a0ac1013893eb1459
NLP Dataset/Tamil/Non-depressed/Train_set/ND4_0061.wav,ND4_0061.wav,Tamil,Non-depressed,train,48000,2,PCM_16,1.9025,00b227bb121e0dba44d00db0562312be
NLP Dataset/Tamil/Non-depressed/Train_set/ND4_0062.wav,ND4_0062.wav,Tamil,Non-depressed,train,48000,2,PCM_16,1.595,f17703dfc97b86df8ad3492bd380df97
NLP Dataset/Tamil/Non-depressed/Train_set/ND4_0063.wav,ND4_0063.wav,Tamil,Non-depressed,train,48000,2,PCM_16,2.155,8c0aca8aad1243bc265ef145ee17720d
NLP Dataset/Tamil/Non-depressed/Train_set/ND4_0064.wav,ND4_0064.wav,Tamil,Non-depressed,train,48000,2,PCM_16,1.9025,ee899e48986e99c7c6846c71f3c89d22
NLP Dataset/Tamil/Non-depressed/Train_set/ND4_0065.wav,ND4_0065.wav,Tamil,Non-depressed,train,48000,2,PCM_16,2.075,d8e1d3297f3c066e9819aba2be93225d
NLP Dataset/Tamil/Non-depressed/Train_set/ND4_0066.wav,ND4_0066.wav,Tamil,Non-depressed,train,48000,2,PCM_16,3.5075,02e1e51917d8a9d4afabfb901ca4f5ef
NLP Dataset/Tamil/Non-depressed/Train_set/ND4_0067.wav,ND4_0067.wav,Tamil,Non-depressed,train,48000,2,PCM_16,1.735,54ec532255789eb3535e41fd16d347a0
NLP Dataset/Tamil/Non-depressed/Train_set/ND4_0068.wav,ND4_0068.wav,Tamil,Non-depressed,train,48000,2,PCM_16,2.1125,8bd2dec2af327d51bc565f8b04586bf2
NLP Dataset/Tamil/Non-depressed/Train_set/ND4_0069.wav,ND4_0069.wav,Tamil,Non-depressed,train,48000,2,PCM_16,1.5775,613b804b824eb6ada5e32a256d2563a0
NLP Dataset/Tamil/Non-depressed/Train_set/ND4_0070.wav,ND4_0070.wav,Tamil,Non-depressed,train,48000,2,PCM_16,1.8,13745c85d2f6cff89efb2322df8764a8
NLP Dataset/Tamil/Non-depressed/Train_set/ND4_0071.wav,ND4_0071.wav,Tamil,Non-depressed,train,48000,2,PCM_16,1.9725,0b1ceb3b3efec976b75f0c7bcea92a45
NLP Dataset/Tamil/Non-depressed/Train_set/ND4_0072.wav,ND4_0072.wav,Tamil,Non-depressed,train,48000,2,PCM_16,1.915,14fb621bb8e813b5979067d785bf1733
NLP Dataset/Tamil/Non-depressed/Train_set/ND4_0073.wav,ND4_0073.wav,Tamil,Non-depressed,train,48000,2,PCM_16,2.545,5f57a01463bd4c84dc56dad4c3b99c63
NLP Dataset/Tamil/Non-depressed/Train_set/ND4_0074.wav,ND4_0074.wav,Tamil,Non-depressed,train,48000,2,PCM_16,1.5675,ce23bd940f0c9af523f4b94162b75d69
NLP Dataset/Tamil/Non-depressed/Train_set/ND4_0075.wav,ND4_0075.wav,Tamil,Non-depressed,train,48000,2,PCM_16,1.465,9ac6b1275bc4d9b744e1dc4e4e470912
NLP Dataset/Tamil/Non-depressed/Train_set/ND4_0076.wav,ND4_0076.wav,Tamil,Non-depressed,train,48000,2,PCM_16,3.095,204d62e230e6d0fc55217f70c590eb06
NLP Dataset/Tamil/Non-depressed/Train_set/ND4_0077.wav,ND4_0077.wav,Tamil,Non-depressed,train,48000,2,PCM_16,1.76,17d1e80de57b57168ca9cd19221d10b2
NLP Dataset/Tamil/Non-depressed/Train_set/ND4_0078.wav,ND4_0078.wav,Tamil,Non-depressed,train,48000,2,PCM_16,2.385,c7a15fede4123cb846af9e0b2622f8b6
NLP Dataset/Tamil/Non-depressed/Train_set/ND4_0079.wav,ND4_0079.wav,Tamil,Non-depressed,train,48000,2,PCM_16,3.4475,2bf3cf6a3aef098c54ec422236f6883e
NLP Dataset/Tamil/Non-depressed/Train_set/ND4_0080.wav,ND4_0080.wav,Tamil,Non-depressed,train,48000,2,PCM_16,3.5575,db22a2066e78593b20ec02668d6df8d5
NLP Dataset/Tamil/Non-depressed/Train_set/ND4_0081.wav,ND4_0081.wav,Tamil,Non-depressed,train,48000,2,PCM_16,1.7975,b444f4a271c694e8d17c39b2de4d51ae
NLP Dataset/Tamil/Non-depressed/Train_set/ND4_0082.wav,ND4_0082.wav,Tamil,Non-depressed,train,48000,2,PCM_16,2.4675,76be002426ab45ca1726ebf92d2d57ed
NLP Dataset/Tamil/Non-depressed/Train_set/ND4_0083.wav,ND4_0083.wav,Tamil,Non-depressed,train,48000,2,PCM_16,1.7875,fdb88b31f2d8b46c8a1beee12e017689
NLP Dataset/Tamil/Non-depressed/Train_set/ND4_0084.wav,ND4_0084.wav,Tamil,Non-depressed,train,48000,2,PCM_16,2.4025,3a25e4d6ea6bdd62cdb1e5b61a6f812f
NLP Dataset/Tamil/Non-depressed/Train_set/ND4_0085.wav,ND4_0085.wav,Tamil,Non-depressed,train,48000,2,PCM_16,2.5725,dcde209602413443a7f4de5605b4df7d
NLP Dataset/Tamil/Non-depressed/Train_set/ND4_0086.wav,ND4_0086.wav,Tamil,Non-depressed,train,48000,2,PCM_16,2.814979166666667,ab4756551c1963be3179e7d2a5be8013
NLP Dataset/Tamil/Non-depressed/Train_set/ND4_0087.wav,ND4_0087.wav,Tamil,Non-depressed,train,48000,2,PCM_16,1.9875,1aa5b0d1d560fd05a2491cbde1174af1
NLP Dataset/Tamil/Non-depressed/Train_set/ND4_0088.wav,ND4_0088.wav,Tamil,Non-depressed,train,48000,2,PCM_16,1.895,fd6e1f0b5ce6397b1c1aba1d3e48f807
NLP Dataset/Tamil/Non-depressed/Train_set/ND4_0089.wav,ND4_0089.wav,Tamil,Non-depressed,train,48000,2,PCM_16,1.2225,eca3e71ef34eae30f56b0b600dd57007
NLP Dataset/Tamil/Non-depressed/Train_set/ND4_0090.wav,ND4_0090.wav,Tamil,Non-depressed,train,48000,2,PCM_16,3.4325208333333332,a9d0cee19f04622ac3546c1ff45db815
NLP Dataset/Tamil/Non-depressed/Train_set/ND4_0091.wav,ND4_0091.wav,Tamil,Non-depressed,train,48000,2,PCM_16,2.2874791666666665,9fce8cab77c1e2d686a9f20d3507aff5
NLP Dataset/Tamil/Non-depressed/Train_set/ND4_0092.wav,ND4_0092.wav,Tamil,Non-depressed,train,48000,2,PCM_16,1.8275,b20d319c03fca2216eb9bbefb726dce8
NLP Dataset/Tamil/Non-depressed/Train_set/ND4_0093.wav,ND4_0093.wav,Tamil,Non-depressed,train,48000,2,PCM_16,2.8675,dd8667e837680822b83067964e89ff1d
NLP Dataset/Tamil/Non-depressed/Train_set/ND4_0094.wav,ND4_0094.wav,Tamil,Non-depressed,train,48000,2,PCM_16,1.9475,5f8d7561a3cefd9f8fcc5bfbcdc4f63b
NLP Dataset/Tamil/Non-depressed/Train_set/ND4_0095.wav,ND4_0095.wav,Tamil,Non-depressed,train,48000,2,PCM_16,2.4325,6632401740b59346fb788eb0f1cc550e
NLP Dataset/Tamil/Non-depressed/Train_set/ND4_0096.wav,ND4_0096.wav,Tamil,Non-depressed,train,48000,2,PCM_16,2.3374791666666668,1a5a8583dc8f84948927fe17a750ec71
NLP Dataset/Tamil/Non-depressed/Train_set/ND4_0097.wav,ND4_0097.wav,Tamil,Non-depressed,train,48000,2,PCM_16,1.67,57153279fa0e5e1eabbb117f852e860b
NLP Dataset/Tamil/Non-depressed/Train_set/ND4_0098.wav,ND4_0098.wav,Tamil,Non-depressed,train,48000,2,PCM_16,2.1325208333333334,35c811cf79d30535734897d0dd73892a
NLP Dataset/Tamil/Non-depressed/Train_set/ND4_0099.wav,ND4_0099.wav,Tamil,Non-depressed,train,48000,2,PCM_16,2.2625,919053ff7667dfc5c08cb1f481c7f26c
NLP Dataset/Tamil/Non-depressed/Train_set/ND4_0100.wav,ND4_0100.wav,Tamil,Non-depressed,train,48000,2,PCM_16,2.1750208333333334,01e62de69e519fd70b0d3bef07d42d2d
NLP Dataset/Tamil/Non-depressed/Train_set/ND4_0101.wav,ND4_0101.wav,Tamil,Non-depressed,train,48000,2,PCM_16,3.2275,ce31bf357f45c71b44fbab97a5cd4d7f
NLP Dataset/Tamil/Non-depressed/Train_set/ND4_0102.wav,ND4_0102.wav,Tamil,Non-depressed,train,48000,2,PCM_16,1.9225,ce30ab111a4a37baa6b5b71a204630b2
NLP Dataset/Tamil/Non-depressed/Train_set/ND4_0103.wav,ND4_0103.wav,Tamil,Non-depressed,train,48000,2,PCM_16,2.0075,cad2ce724cf72c35f10cfec03777a3c8
NLP Dataset/Tamil/Non-depressed/Train_set/ND4_0104.wav,ND4_0104.wav,Tamil,Non-depressed,train,48000,2,PCM_16,2.6925,df79350c615cb24ca9861234fa36aeb5
NLP Dataset/Tamil/Non-depressed/Train_set/ND4_0105.wav,ND4_0105.wav,Tamil,Non-depressed,train,48000,2,PCM_16,1.78,67e03e2198aaa304585339c268731a5a
NLP Dataset/Tamil/Non-depressed/Train_set/ND4_0106.wav,ND4_0106.wav,Tamil,Non-depressed,train,48000,2,PCM_16,1.7725,0e0d20eb159dbbce2c31e1bfcc7d79e8
NLP Dataset/Tamil/Non-depressed/Train_set/ND4_0107.wav,ND4_0107.wav,Tamil,Non-depressed,train,48000,2,PCM_16,2.63,a0ab976693be052acf19206f204e8a58
NLP Dataset/Tamil/Non-depressed/Train_set/ND4_0108.wav,ND4_0108.wav,Tamil,Non-depressed,train,48000,2,PCM_16,1.7825,0b2e1ac22f1f0b8a4ab39a76a5a90efd
NLP Dataset/Tamil/Non-depressed/Train_set/ND4_0109.wav,ND4_0109.wav,Tamil,Non-depressed,train,48000,2,PCM_16,1.8325,b812068d38b4197b8580570f30e27daa
NLP Dataset/Tamil/Non-depressed/Train_set/ND4_0110.wav,ND4_0110.wav,Tamil,Non-depressed,train,48000,2,PCM_16,2.0499791666666667,6fb714b26b3f2a3888fb71928bdda98d
NLP Dataset/Tamil/Non-depressed/Train_set/ND4_0111.wav,ND4_0111.wav,Tamil,Non-depressed,train,48000,2,PCM_16,2.3125,628aa6187ff4c341f7e70213d7fe09f9
NLP Dataset/Tamil/Non-depressed/Train_set/ND4_0112.wav,ND4_0112.wav,Tamil,Non-depressed,train,48000,2,PCM_16,2.1675,9b46ce3c6898fe18e984372e702a7b87
NLP Dataset/Tamil/Non-depressed/Train_set/ND4_0113.wav,ND4_0113.wav,Tamil,Non-depressed,train,48000,2,PCM_16,2.09,b67f0a0c743e49b056e16051b50b6093
NLP Dataset/Tamil/Non-depressed/Train_set/ND4_0114.wav,ND4_0114.wav,Tamil,Non-depressed,train,48000,2,PCM_16,2.62,7316054b36e5d25a898eb5229c166340
NLP Dataset/Tamil/Non-depressed/Train_set/ND4_0115.wav,ND4_0115.wav,Tamil,Non-depressed,train,48000,2,PCM_16,1.6975,f14fb98e0f11222317e8f26b040a5cd5
NLP Dataset/Tamil/Non-depressed/Train_set/ND4_0116.wav,ND4_0116.wav,Tamil,Non-depressed,train,48000,2,PCM_16,1.9075,2365752fa17b678a2634665114b2b70d
NLP Dataset/Tamil/Non-depressed/Train_set/ND4_0117.wav,ND4_0117.wav,Tamil,Non-depressed,train,48000,2,PCM_16,1.4449791666666667,7a4986b8b84bf6943fbfc9fe879bb2e5
NLP Dataset/Tamil/Non-depressed/Train_set/ND4_0118.wav,ND4_0118.wav,Tamil,Non-depressed,train,48000,2,PCM_16,1.9225,c09a30b27175ae9b0ca975c1ed7cecc3
NLP Dataset/Tamil/Non-depressed/Train_set/ND4_0119.wav,ND4_0119.wav,Tamil,Non-depressed,train,48000,2,PCM_16,2.11,831eb79176dcf5f2e83dab0952933189
NLP Dataset/Tamil/Non-depressed/Train_set/ND4_0120.wav,ND4_0120.wav,Tamil,Non-depressed,train,48000,2,PCM_16,1.9375,4771bb1e82e03e208b5b03d8743c3d5e
NLP Dataset/Tamil/Non-depressed/Train_set/ND4_0121.wav,ND4_0121.wav,Tamil,Non-depressed,train,48000,2,PCM_16,2.94,bd55326d2083675550d92b526e089a41
NLP Dataset/Tamil/Non-depressed/Train_set/ND4_0122.wav,ND4_0122.wav,Tamil,Non-depressed,train,48000,2,PCM_16,2.0075,3935b5c08f78d3f4bf2bfca5c9e69997
NLP Dataset/Tamil/Non-depressed/Train_set/ND4_0123.wav,ND4_0123.wav,Tamil,Non-depressed,train,48000,2,PCM_16,2.6825,dd9f2cf0096a839fdca2f3a91e36fd13
NLP Dataset/Tamil/Non-depressed/Train_set/ND4_0124.wav,ND4_0124.wav,Tamil,Non-depressed,train,48000,2,PCM_16,2.66,07f1fa7ca5266a88893efc51ac4dbfe9
NLP Dataset/Tamil/Non-depressed/Train_set/ND4_0125.wav,ND4_0125.wav,Tamil,Non-depressed,train,48000,2,PCM_16,1.8325,39b48b31826f708a08fd816b2a7dd34a
NLP Dataset/Tamil/Non-depressed/Train_set/ND4_0126.wav,ND4_0126.wav,Tamil,Non-depressed,train,48000,2,PCM_16,2.46,f1117bcfa3f4509acfd17c803235d6ab
NLP Dataset/Tamil/Non-depressed/Train_set/ND4_0127.wav,ND4_0127.wav,Tamil,Non-depressed,train,48000,2,PCM_16,3.0425,32fd6a7dc2d9a47b509868036c04a65f
NLP Dataset/Tamil/Non-depressed/Train_set/ND4_0128.wav,ND4_0128.wav,Tamil,Non-depressed,train,48000,2,PCM_16,2.4525,94abb4197e746e634c00d1eeb8c030de
NLP Dataset/Tamil/Non-depressed/Train_set/ND4_0129.wav,ND4_0129.wav,Tamil,Non-depressed,train,48000,2,PCM_16,2.745,4bfa82dab322041d6d708236d9301346
NLP Dataset/Tamil/Non-depressed/Train_set/ND4_0130.wav,ND4_0130.wav,Tamil,Non-depressed,train,48000,2,PCM_16,1.845,e2b9004c16c16c4d3a5e99b9201af169
NLP Dataset/Tamil/Non-depressed/Train_set/ND4_0131.wav,ND4_0131.wav,Tamil,Non-depressed,train,48000,2,PCM_16,1.99,6bcbf79cedd4b5e0e0936f63cbe6cbfe
NLP Dataset/Tamil/Non-depressed/Train_set/ND4_0132.wav,ND4_0132.wav,Tamil,Non-depressed,train,48000,2,PCM_16,3.3775,3ab8b1d9a29dd88586e9de763e4adfc9
NLP Dataset/Tamil/Non-depressed/Train_set/ND4_0133.wav,ND4_0133.wav,Tamil,Non-depressed,train,48000,2,PCM_16,2.8924791666666665,ac7f09d3bfcfba2c1f0708f7594af632
NLP Dataset/Tamil/Non-depressed/Train_set/ND4_0134.wav,ND4_0134.wav,Tamil,Non-depressed,train,48000,2,PCM_16,3.4750208333333332,6c073017be636845627b27fdd56469af
NLP Dataset/Tamil/Non-depressed/Train_set/ND4_0135.wav,ND4_0135.wav,Tamil,Non-depressed,train,48000,2,PCM_16,4.12,0e153c9c4a19ddc4b09b8c2ff0f19248
NLP Dataset/Tamil/Non-depressed/Train_set/ND4_0136.wav,ND4_0136.wav,Tamil,Non-depressed,train,48000,2,PCM_16,2.8775,035a0a51db1ae79a096f7204bd236f9d
NLP Dataset/Tamil/Non-depressed/Train_set/ND4_0137.wav,ND4_0137.wav,Tamil,Non-depressed,train,48000,2,PCM_16,3.2125,30fa3e97bd0546b705d6d7a7cdb92fcc
NLP Dataset/Tamil/Non-depressed/Train_set/ND4_0138.wav,ND4_0138.wav,Tamil,Non-depressed,train,48000,2,PCM_16,3.7125,8f86eaaed5559bc20f4d246e6c0d3f0f
NLP Dataset/Tamil/Non-depressed/Train_set/ND4_0139.wav,ND4_0139.wav,Tamil,Non-depressed,train,48000,2,PCM_16,3.485,1f75168fe6838987af70d66169dd7934
NLP Dataset/Tamil/Non-depressed/Train_set/ND4_0140.wav,ND4_0140.wav,Tamil,Non-depressed,train,48000,2,PCM_16,3.23,c5ce01f6c99a9e155fe41620a9cb415b
NLP Dataset/Tamil/Non-depressed/Train_set/ND4_0141.wav,ND4_0141.wav,Tamil,Non-depressed,train,48000,2,PCM_16,2.729979166666667,ffc66aa4a560d2407c3d87b06ca728e9
NLP Dataset/Tamil/Non-depressed/Train_set/ND4_0142.wav,ND4_0142.wav,Tamil,Non-depressed,train,48000,2,PCM_16,2.495,ef3110d2ef6c76294ea843cc1da58549
NLP Dataset/Tamil/Non-depressed/Train_set/ND4_0143.wav,ND4_0143.wav,Tamil,Non-depressed,train,48000,2,PCM_16,3.605,7287fae8038f6b32841d5c2403454f63
NLP Dataset/Tamil/Non-depressed/Train_set/ND4_0144.wav,ND4_0144.wav,Tamil,Non-depressed,train,48000,2,PCM_16,3.46,adff8a0e83ea530c8417eef94131458b
NLP Dataset/Tamil/Non-depressed/Train_set/ND4_0145.wav,ND4_0145.wav,Tamil,Non-depressed,train,48000,2,PCM_16,3.795,d9759dd0f07fc9b59f438ad9c132801e
NLP Dataset/Tamil/Non-depressed/Train_set/ND4_0146.wav,ND4_0146.wav,Tamil,Non-depressed,train,48000,2,PCM_16,4.15,32d14e42855aed6d229df6ad48da4d98
NLP Dataset/Tamil/Non-depressed/Train_set/ND4_0147.wav,ND4_0147.wav,Tamil,Non-depressed,train,48000,2,PCM_16,2.5425,04ea93a2a4452aed6bac92b719c512c4
NLP Dataset/Tamil/Non-depressed/Train_set/ND4_0148.wav,ND4_0148.wav,Tamil,Non-depressed,train,48000,2,PCM_16,3.065,93a8087a1ff58e066475aed609e15fa9
NLP Dataset/Tamil/Non-depressed/Train_set/ND4_0149.wav,ND4_0149.wav,Tamil,Non-depressed,train,48000,2,PCM_16,1.8425,515eba88ff685ba7980b6752c6ac23ce
NLP Dataset/Tamil/Non-depressed/Train_set/ND4_0150.wav,ND4_0150.wav,Tamil,Non-depressed,train,48000,2,PCM_16,3.2875,38399f0316a75500404e67fc60e8c554
NLP Dataset/Tamil/Non-depressed/Train_set/ND4_0151.wav,ND4_0151.wav,Tamil,Non-depressed,train,48000,2,PCM_16,2.1975,5030ba0c69bd7bf4c280462e2d91f62f
NLP Dataset/Tamil/Non-depressed/Train_set/ND4_0152.wav,ND4_0152.wav,Tamil,Non-depressed,train,48000,2,PCM_16,2.9625,e643fbb3d2eaff5feac829bbe6a0d1d4
NLP Dataset/Tamil/Non-depressed/Train_set/ND4_0153.wav,ND4_0153.wav,Tamil,Non-depressed,train,48000,2,PCM_16,1.5775,a2d81c696be813db92c74f2e98f8bed0
NLP Dataset/Tamil/Non-depressed/Train_set/ND4_0154.wav,ND4_0154.wav,Tamil,Non-depressed,train,48000,2,PCM_16,2.1825,adf3d7a50343f13e3857442ceeec8b84
NLP Dataset/Tamil/Non-depressed/Train_set/ND4_0155.wav,ND4_0155.wav,Tamil,Non-depressed,train,48000,2,PCM_16,1.235,36095665ebba31d672861ad0c0dd4451
NLP Dataset/Tamil/Non-depressed/Train_set/ND4_0156.wav,ND4_0156.wav,Tamil,Non-depressed,train,48000,2,PCM_16,2.0275,088e8a6edfd4bf515304a4a0500cbbd7
NLP Dataset/Tamil/Non-depressed/Train_set/ND4_0157.wav,ND4_0157.wav,Tamil,Non-depressed,train,48000,2,PCM_16,1.97,9c9575fc0e0a67051fc5fe78da9789b2
NLP Dataset/Tamil/Non-depressed/Train_set/ND4_0158.wav,ND4_0158.wav,Tamil,Non-depressed,train,48000,2,PCM_16,3.04,57b3e66ba80e0815e31a40277adbd4a2
NLP Dataset/Tamil/Non-depressed/Train_set/ND4_0159.wav,ND4_0159.wav,Tamil,Non-depressed,train,48000,2,PCM_16,2.5475,7a210e424150449f4ae6ad8301e8129b
NLP Dataset/Tamil/Non-depressed/Train_set/ND4_0160.wav,ND4_0160.wav,Tamil,Non-depressed,train,48000,2,PCM_16,1.985,d4d4257fa5c4d924579f49611783f0aa
NLP Dataset/Tamil/Non-depressed/Train_set/ND4_0161.wav,ND4_0161.wav,Tamil,Non-depressed,train,48000,2,PCM_16,2.9225,2cf63e7d68044d8e963b5c93644d2da7
NLP Dataset/Tamil/Non-depressed/Train_set/ND4_0162.wav,ND4_0162.wav,Tamil,Non-depressed,train,48000,2,PCM_16,2.525,0369804adb8c6eaa20c6e5251e61272f
NLP Dataset/Tamil/Non-depressed/Train_set/ND4_0163.wav,ND4_0163.wav,Tamil,Non-depressed,train,48000,2,PCM_16,2.455,88a4cebe176f312dd5a30c8adf583677
NLP Dataset/Tamil/Non-depressed/Train_set/ND4_0164.wav,ND4_0164.wav,Tamil,Non-depressed,train,48000,2,PCM_16,1.6425,0e01324cb231fe3448c912527965925e
NLP Dataset/Tamil/Non-depressed/Train_set/ND4_0165.wav,ND4_0165.wav,Tamil,Non-depressed,train,48000,2,PCM_16,2.6325,53d1f6626a4f4532ca4517f3630fae41
NLP Dataset/Tamil/Non-depressed/Train_set/ND4_0166.wav,ND4_0166.wav,Tamil,Non-depressed,train,48000,2,PCM_16,2.405,0da1c7a7be989f4a02a7c9293965b243
NLP Dataset/Tamil/Non-depressed/Train_set/ND4_0167.wav,ND4_0167.wav,Tamil,Non-depressed,train,48000,2,PCM_16,1.695,61abd94bc2008675bc1ffad01ed314fa
NLP Dataset/Tamil/Non-depressed/Train_set/ND4_0168.wav,ND4_0168.wav,Tamil,Non-depressed,train,48000,2,PCM_16,1.5500208333333334,c827fb0886eccb1c1699b4066e55bb03
NLP Dataset/Tamil/Non-depressed/Train_set/ND4_0169.wav,ND4_0169.wav,Tamil,Non-depressed,train,48000,2,PCM_16,1.4675,6c70f33676b70726cb11517d7dc9dde6
NLP Dataset/Tamil/Non-depressed/Train_set/ND4_0170.wav,ND4_0170.wav,Tamil,Non-depressed,train,48000,2,PCM_16,2.1075,6644f6ac7e389403f034d219110d5d08
NLP Dataset/Tamil/Non-depressed/Train_set/ND4_0171.wav,ND4_0171.wav,Tamil,Non-depressed,train,48000,2,PCM_16,1.7275,e261cc0b1a044809ccd7ea51e1cab9a2
NLP Dataset/Tamil/Non-depressed/Train_set/ND4_0172.wav,ND4_0172.wav,Tamil,Non-depressed,train,48000,2,PCM_16,2.4025,ab2514f01ec68d0beb0ed1edc680e253
NLP Dataset/Tamil/Non-depressed/Train_set/ND4_0173.wav,ND4_0173.wav,Tamil,Non-depressed,train,48000,2,PCM_16,1.8099791666666667,9b330666dd86756f9171a8fc9fa46500
NLP Dataset/Tamil/Non-depressed/Train_set/ND4_0174.wav,ND4_0174.wav,Tamil,Non-depressed,train,48000,2,PCM_16,3.2225,58a04ddf3edf5ccd9f0fbd4d0cd301d8
NLP Dataset/Tamil/Non-depressed/Train_set/ND4_0175.wav,ND4_0175.wav,Tamil,Non-depressed,train,48000,2,PCM_16,1.7050208333333334,23048af3232c08ba6e43a9fe151cd957
NLP Dataset/Tamil/Non-depressed/Train_set/ND4_0176.wav,ND4_0176.wav,Tamil,Non-depressed,train,48000,2,PCM_16,1.6025,7e92069c8b2bdac3f2142f3b703b97a6
NLP Dataset/Tamil/Non-depressed/Train_set/ND4_0177.wav,ND4_0177.wav,Tamil,Non-depressed,train,48000,2,PCM_16,3.5025,10e32686437899b968fed4bdfcfc9e21
NLP Dataset/Tamil/Non-depressed/Train_set/ND4_0178.wav,ND4_0178.wav,Tamil,Non-depressed,train,48000,2,PCM_16,3.305,bd0c628267b658f78cf2476dcf6bc6c0
NLP Dataset/Tamil/Non-depressed/Train_set/ND4_0179.wav,ND4_0179.wav,Tamil,Non-depressed,train,48000,2,PCM_16,2.495,2b2b99dad16200492a95b4d2f3f223c7
NLP Dataset/Tamil/Non-depressed/Train_set/ND4_0180.wav,ND4_0180.wav,Tamil,Non-depressed,train,48000,2,PCM_16,3.2475,3bf3d506b6a22a9bc3857348feb5ac0e
NLP Dataset/Tamil/Non-depressed/Train_set/ND4_0181.wav,ND4_0181.wav,Tamil,Non-depressed,train,48000,2,PCM_16,4.29,84974a5bc15ca0ba7d5103b092fc8aa4
NLP Dataset/Tamil/Non-depressed/Train_set/ND4_0182.wav,ND4_0182.wav,Tamil,Non-depressed,train,48000,2,PCM_16,2.9775,974bd8dbdb51d8b66b4018484f4f49be
NLP Dataset/Tamil/Non-depressed/Train_set/ND4_0183.wav,ND4_0183.wav,Tamil,Non-depressed,train,48000,2,PCM_16,1.7025,0a2184848f85d9af25b9df9edca20a40
NLP Dataset/Tamil/Non-depressed/Train_set/ND4_0184.wav,ND4_0184.wav,Tamil,Non-depressed,train,48000,2,PCM_16,2.4274791666666666,d922971cfb5e58bd2ec4902845a18ccf
NLP Dataset/Tamil/Non-depressed/Train_set/ND5_0001.wav,ND5_0001.wav,Tamil,Non-depressed,train,48000,2,PCM_16,2.7825,ecb4c43c1a30940937d3c96c6460777c
NLP Dataset/Tamil/Non-depressed/Train_set/ND5_0002.wav,ND5_0002.wav,Tamil,Non-depressed,train,48000,2,PCM_16,2.9825,c891d71a7af774f6d33d4262ca241f47
NLP Dataset/Tamil/Non-depressed/Train_set/ND5_0003.wav,ND5_0003.wav,Tamil,Non-depressed,train,48000,2,PCM_16,2.73,3a38c6abe2a5e949a9768bd8b8a6e72f
NLP Dataset/Tamil/Non-depressed/Train_set/ND5_0004.wav,ND5_0004.wav,Tamil,Non-depressed,train,48000,2,PCM_16,2.5675,fca5aab90203def43c02655159724c23
NLP Dataset/Tamil/Non-depressed/Train_set/ND5_0005.wav,ND5_0005.wav,Tamil,Non-depressed,train,48000,2,PCM_16,2.749979166666667,8bf1769cf164ebc5cfda2089b80b6e32
NLP Dataset/Tamil/Non-depressed/Train_set/ND5_0006.wav,ND5_0006.wav,Tamil,Non-depressed,train,48000,2,PCM_16,3.7575,91ffd5a3f618593fa6c0386458b1fa28
NLP Dataset/Tamil/Non-depressed/Train_set/ND5_0007.wav,ND5_0007.wav,Tamil,Non-depressed,train,48000,2,PCM_16,2.3475,0169970f18afc8679954df8bda82044d
NLP Dataset/Tamil/Non-depressed/Train_set/ND5_0008.wav,ND5_0008.wav,Tamil,Non-depressed,train,48000,2,PCM_16,3.345,240445604a8a2aa927c93285b00550a7
NLP Dataset/Tamil/Non-depressed/Train_set/ND5_0009.wav,ND5_0009.wav,Tamil,Non-depressed,train,48000,2,PCM_16,3.04,49d70db4b8c0770e299cd178898f5864
NLP Dataset/Tamil/Non-depressed/Train_set/ND5_0010.wav,ND5_0010.wav,Tamil,Non-depressed,train,48000,2,PCM_16,3.0225,b0691692dba40371972873cdf792a506
NLP Dataset/Tamil/Non-depressed/Train_set/ND5_0011.wav,ND5_0011.wav,Tamil,Non-depressed,train,48000,2,PCM_16,3.8074791666666665,3eae041e3ec35350c8a6c47569a5c09a
NLP Dataset/Tamil/Non-depressed/Train_set/ND5_0012.wav,ND5_0012.wav,Tamil,Non-depressed,train,48000,2,PCM_16,3.082520833333333,8653ee906e1e6117d43476e2274483ff
NLP Dataset/Tamil/Non-depressed/Train_set/ND5_0013.wav,ND5_0013.wav,Tamil,Non-depressed,train,48000,2,PCM_16,3.4275,0edc02db7efcb5143fbeb262ff77fc05
NLP Dataset/Tamil/Non-depressed/Train_set/ND5_0014.wav,ND5_0014.wav,Tamil,Non-depressed,train,48000,2,PCM_16,3.055,b18186083cd7c5501d1a38cd041280ed
NLP Dataset/Tamil/Non-depressed/Train_set/ND5_0015.wav,ND5_0015.wav,Tamil,Non-depressed,train,48000,2,PCM_16,2.2975,ae68059ff5f6af8cc2ecfd842aefdd46
NLP Dataset/Tamil/Non-depressed/Train_set/ND5_0016.wav,ND5_0016.wav,Tamil,Non-depressed,train,48000,2,PCM_16,4.065,80943280ffdedaafdad263dedaa99c73
NLP Dataset/Tamil/Non-depressed/Train_set/ND5_0017.wav,ND5_0017.wav,Tamil,Non-depressed,train,48000,2,PCM_16,2.87,d42f4feef7161d5cdae1790c4f8f5ac2
NLP Dataset/Tamil/Non-depressed/Train_set/ND5_0018.wav,ND5_0018.wav,Tamil,Non-depressed,train,48000,2,PCM_16,4.685,d98165523e8bd43eee665d1b42033562
NLP Dataset/Tamil/Non-depressed/Train_set/ND5_0019.wav,ND5_0019.wav,Tamil,Non-depressed,train,48000,2,PCM_16,4.7975,0030d0fbc312ee768b1a753b1dbdb107
NLP Dataset/Tamil/Non-depressed/Train_set/ND5_0020.wav,ND5_0020.wav,Tamil,Non-depressed,train,48000,2,PCM_16,4.2125,0e7adf72a2461742c76b20946a897ab9
NLP Dataset/Tamil/Non-depressed/Train_set/ND5_0021.wav,ND5_0021.wav,Tamil,Non-depressed,train,48000,2,PCM_16,3.34,a66012724221f449f12dc95bfaecedaa
NLP Dataset/Tamil/Non-depressed/Train_set/ND5_0022.wav,ND5_0022.wav,Tamil,Non-depressed,train,48000,2,PCM_16,3.8025,c4a45b10df36f0ae43428d69cd472e53
NLP Dataset/Tamil/Non-depressed/Train_set/ND5_0023.wav,ND5_0023.wav,Tamil,Non-depressed,train,48000,2,PCM_16,3.977520833333333,014f7a9f714dbb1dd60bdf8f4c753d86
NLP Dataset/Tamil/Non-depressed/Train_set/ND5_0024.wav,ND5_0024.wav,Tamil,Non-depressed,train,48000,2,PCM_16,3.5925,856e57443208636958db9ea9e8948c1f
NLP Dataset/Tamil/Non-depressed/Train_set/ND5_0025.wav,ND5_0025.wav,Tamil,Non-depressed,train,48000,2,PCM_16,4.05,76f141f1a2352cc946bf0d28b7f73fa1
NLP Dataset/Tamil/Non-depressed/Train_set/ND5_0026.wav,ND5_0026.wav,Tamil,Non-depressed,train,48000,2,PCM_16,2.8775,9126eff23a230ad7a15b29eb0a0f1fe2
NLP Dataset/Tamil/Non-depressed/Train_set/ND5_0027.wav,ND5_0027.wav,Tamil,Non-depressed,train,48000,2,PCM_16,3.8225,4636c6e30f446d627b3346368314ae64
NLP Dataset/Tamil/Non-depressed/Train_set/ND5_0028.wav,ND5_0028.wav,Tamil,Non-depressed,train,48000,2,PCM_16,3.6424791666666665,f65bcf83f78de8326b62aaab88b09461
NLP Dataset/Tamil/Non-depressed/Train_set/ND5_0029.wav,ND5_0029.wav,Tamil,Non-depressed,train,48000,2,PCM_16,2.0975,362819f8bcce93b9101b92bb332aeaa9
NLP Dataset/Tamil/Non-depressed/Train_set/ND5_0030.wav,ND5_0030.wav,Tamil,Non-depressed,train,48000,2,PCM_16,3.7124791666666668,445105a892e207e6aca93c8b091b169a
NLP Dataset/Tamil/Non-depressed/Train_set/ND5_0031.wav,ND5_0031.wav,Tamil,Non-depressed,train,48000,2,PCM_16,3.3175,20c4d7df598d40995463b1a76323bba4
NLP Dataset/Tamil/Non-depressed/Train_set/ND5_0032.wav,ND5_0032.wav,Tamil,Non-depressed,train,48000,2,PCM_16,3.34,fb03d0be5f93d769937c07c88f71d3e7
NLP Dataset/Tamil/Non-depressed/Train_set/ND5_0033.wav,ND5_0033.wav,Tamil,Non-depressed,train,48000,2,PCM_16,2.1974791666666667,39c568ad4b654d06108d24c16203a44e
NLP Dataset/Tamil/Non-depressed/Train_set/ND5_0034.wav,ND5_0034.wav,Tamil,Non-depressed,train,48000,2,PCM_16,2.17,0fc268341c8b3c97a099d7f876659fc9
NLP Dataset/Tamil/Non-depressed/Train_set/ND5_0035.wav,ND5_0035.wav,Tamil,Non-depressed,train,48000,2,PCM_16,3.5325,540cccf57a1ca2904ba73da724ec7568
NLP Dataset/Tamil/Non-depressed/Train_set/ND5_0036.wav,ND5_0036.wav,Tamil,Non-depressed,train,48000,2,PCM_16,3.2675,c56b1ed17ea6dc72b440673154103ae8
NLP Dataset/Tamil/Non-depressed/Train_set/ND5_0037.wav,ND5_0037.wav,Tamil,Non-depressed,train,48000,2,PCM_16,3.2750208333333335,3abf9da93984ac58c405589482a6232e
NLP Dataset/Tamil/Non-depressed/Train_set/ND5_0038.wav,ND5_0038.wav,Tamil,Non-depressed,train,48000,2,PCM_16,3.3325,e843c1ce1f12edecc769b76d8242f651
NLP Dataset/Tamil/Non-depressed/Train_set/ND5_0039.wav,ND5_0039.wav,Tamil,Non-depressed,train,48000,2,PCM_16,1.4875208333333334,b83d773f98475b3d1907543801c03302
NLP Dataset/Tamil/Non-depressed/Train_set/ND5_0040.wav,ND5_0040.wav,Tamil,Non-depressed,train,48000,2,PCM_16,3.2975,280efcc54b580583da69496bc26475cd
NLP Dataset/Tamil/Non-depressed/Train_set/ND5_0041.wav,ND5_0041.wav,Tamil,Non-depressed,train,48000,2,PCM_16,3.0225208333333335,06b53b72c4f0f37eb4da6afbfdfd8697
NLP Dataset/Tamil/Non-depressed/Train_set/ND5_0042.wav,ND5_0042.wav,Tamil,Non-depressed,train,48000,2,PCM_16,2.4975,5afd89ff8e4eea5d14ee77ad28dafa82
NLP Dataset/Tamil/Non-depressed/Train_set/ND5_0043.wav,ND5_0043.wav,Tamil,Non-depressed,train,48000,2,PCM_16,3.6825,d82a9799476e0ec5294a0f6784eb4fbd
NLP Dataset/Tamil/Non-depressed/Train_set/ND5_0044.wav,ND5_0044.wav,Tamil,Non-depressed,train,48000,2,PCM_16,3.14,fdbd70364112e1b866edd73b92ff01e2
NLP Dataset/Tamil/Non-depressed/Train_set/ND5_0045.wav,ND5_0045.wav,Tamil,Non-depressed,train,48000,2,PCM_16,2.39,b41303e7dc2348e234a63d79ca6715c7
NLP Dataset/Tamil/Non-depressed/Train_set/ND5_0046.wav,ND5_0046.wav,Tamil,Non-depressed,train,48000,2,PCM_16,4.0375,a4600b23673cb6cf9b4b39046e6b4bd7
NLP Dataset/Tamil/Non-depressed/Train_set/ND5_0047.wav,ND5_0047.wav,Tamil,Non-depressed,train,48000,2,PCM_16,2.365,76ec7c8248124ad4e42c29c099314243
NLP Dataset/Tamil/Non-depressed/Train_set/ND5_0048.wav,ND5_0048.wav,Tamil,Non-depressed,train,48000,2,PCM_16,2.0525,b30ff38085f22321f25257cf739f3d7d
NLP Dataset/Tamil/Non-depressed/Train_set/ND5_0049.wav,ND5_0049.wav,Tamil,Non-depressed,train,48000,2,PCM_16,2.1425,fd1b4526d4c20b85c5033735346d54a7
NLP Dataset/Tamil/Non-depressed/Train_set/ND5_0050.wav,ND5_0050.wav,Tamil,Non-depressed,train,48000,2,PCM_16,1.7175,4a1007bc42f3f8372d72042b63093bcf
NLP Dataset/Tamil/Non-depressed/Train_set/ND5_0051.wav,ND5_0051.wav,Tamil,Non-depressed,train,48000,2,PCM_16,2.375,4c79bde70eca85313caaa31c0e8a0566
NLP Dataset/Tamil/Non-depressed/Train_set/ND5_0052.wav,ND5_0052.wav,Tamil,Non-depressed,train,48000,2,PCM_16,3.1775,8b05eb94e931651c8b88743f9956b69b
NLP Dataset/Tamil/Non-depressed/Train_set/ND5_0053.wav,ND5_0053.wav,Tamil,Non-depressed,train,48000,2,PCM_16,2.7725,de5f313e6832117947776fb7d8c36606
NLP Dataset/Tamil/Non-depressed/Train_set/ND5_0054.wav,ND5_0054.wav,Tamil,Non-depressed,train,48000,2,PCM_16,2.74,3332673b96a533f87e639545ada138df
NLP Dataset/Tamil/Non-depressed/Train_set/ND5_0055.wav,ND5_0055.wav,Tamil,Non-depressed,train,48000,2,PCM_16,2.6525,6ca66390945bc2d456bab63d01453b46
NLP Dataset/Tamil/Non-depressed/Train_set/ND5_0056.wav,ND5_0056.wav,Tamil,Non-depressed,train,48000,2,PCM_16,1.72,6b274db338d243566be5678e99696231
NLP Dataset/Tamil/Non-depressed/Train_set/ND5_0057.wav,ND5_0057.wav,Tamil,Non-depressed,train,48000,2,PCM_16,2.545,a338ec19caa70bcc8022bac457d1b4f6
NLP Dataset/Tamil/Non-depressed/Train_set/ND5_0058.wav,ND5_0058.wav,Tamil,Non-depressed,train,48000,2,PCM_16,1.8025,c16dade7e226c2cfb056c56ee6eefeac
NLP Dataset/Tamil/Non-depressed/Train_set/ND5_0059.wav,ND5_0059.wav,Tamil,Non-depressed,train,48000,2,PCM_16,3.315,8b7aeb34f02e2520392e956656d344f8
NLP Dataset/Tamil/Non-depressed/Train_set/ND5_0060.wav,ND5_0060.wav,Tamil,Non-depressed,train,48000,2,PCM_16,2.4475,dc2fc9b0ab511f215ff933f0aba7e574
NLP Dataset/Tamil/Non-depressed/Train_set/ND5_0061.wav,ND5_0061.wav,Tamil,Non-depressed,train,48000,2,PCM_16,1.9175,9d8b81ec07f973cb619c2127658314b4
NLP Dataset/Tamil/Non-depressed/Train_set/ND5_0062.wav,ND5_0062.wav,Tamil,Non-depressed,train,48000,2,PCM_16,1.58,a36a02e34578d37f7eaf9773651882c3
NLP Dataset/Tamil/Non-depressed/Train_set/ND5_0063.wav,ND5_0063.wav,Tamil,Non-depressed,train,48000,2,PCM_16,2.3799791666666668,9b2b430707e28df7e3de5f3a5e3a7e0a
NLP Dataset/Tamil/Non-depressed/Train_set/ND5_0064.wav,ND5_0064.wav,Tamil,Non-depressed,train,48000,2,PCM_16,2.0675,56e8db828ecfdf654d32fcead229d4ee
NLP Dataset/Tamil/Non-depressed/Train_set/ND5_0065.wav,ND5_0065.wav,Tamil,Non-depressed,train,48000,2,PCM_16,2.57,cd014fb05a63a9f3a7462bf9aa1c35c6
NLP Dataset/Tamil/Non-depressed/Train_set/ND5_0066.wav,ND5_0066.wav,Tamil,Non-depressed,train,48000,2,PCM_16,3.5025,5cae29c2d21d4cc0d5166d9dd7a45c2c
NLP Dataset/Tamil/Non-depressed/Train_set/ND5_0067.wav,ND5_0067.wav,Tamil,Non-depressed,train,48000,2,PCM_16,1.88,5030a0fa9ef4461e3b2bb07fcb5e7b9c
NLP Dataset/Tamil/Non-depressed/Train_set/ND5_0068.wav,ND5_0068.wav,Tamil,Non-depressed,train,48000,2,PCM_16,2.2250208333333332,d65e8f58bbbf6222d2231be710d75013
NLP Dataset/Tamil/Non-depressed/Train_set/ND5_0069.wav,ND5_0069.wav,Tamil,Non-depressed,train,48000,2,PCM_16,1.56,c990b72336c69f372b2737776bf1fbfc
NLP Dataset/Tamil/Non-depressed/Train_set/ND5_0070.wav,ND5_0070.wav,Tamil,Non-depressed,train,48000,2,PCM_16,2.17,ebbedd511d11a66aefb2fb5e9dfe04ec
NLP Dataset/Tamil/Non-depressed/Train_set/ND5_0071.wav,ND5_0071.wav,Tamil,Non-depressed,train,48000,2,PCM_16,2.267520833333333,fe825bf23b51c73d30644ee2cf8219db
NLP Dataset/Tamil/Non-depressed/Train_set/ND5_0072.wav,ND5_0072.wav,Tamil,Non-depressed,train,48000,2,PCM_16,2.1599791666666666,0a344920a565feccded2843c9c5b6ccc
NLP Dataset/Tamil/Non-depressed/Train_set/ND5_0073.wav,ND5_0073.wav,Tamil,Non-depressed,train,48000,2,PCM_16,2.755,2c3d01d259c1aac2806196df970e912e
NLP Dataset/Tamil/Non-depressed/Train_set/ND5_0074.wav,ND5_0074.wav,Tamil,Non-depressed,train,48000,2,PCM_16,1.5875,4a1bf248202f1eb5c59092537a160cc4
NLP Dataset/Tamil/Non-depressed/Train_set/ND5_0075.wav,ND5_0075.wav,Tamil,Non-depressed,train,48000,2,PCM_16,1.5725,6ba6122d95f1258eafd604d88b665fb8
NLP Dataset/Tamil/Non-depressed/Train_set/ND5_0076.wav,ND5_0076.wav,Tamil,Non-depressed,train,48000,2,PCM_16,3.5825,e5b80d691659e8f00a78702520745f33
NLP Dataset/Tamil/Non-depressed/Train_set/ND5_0077.wav,ND5_0077.wav,Tamil,Non-depressed,train,48000,2,PCM_16,2.055,e3ab49fda74ed7c71e3d409e4cd267dd
NLP Dataset/Tamil/Non-depressed/Train_set/ND5_0078.wav,ND5_0078.wav,Tamil,Non-depressed,train,48000,2,PCM_16,2.7825,24d79dcabe5657c3bf5771517df8ad0b
NLP Dataset/Tamil/Non-depressed/Train_set/ND5_0079.wav,ND5_0079.wav,Tamil,Non-depressed,train,48000,2,PCM_16,3.415,35b3b47326a5990e9ec3078847ef1215
NLP Dataset/Tamil/Non-depressed/Train_set/ND5_0080.wav,ND5_0080.wav,Tamil,Non-depressed,train,48000,2,PCM_16,4.0775,efe570ecbbb40ec93228f6dce61818af
NLP Dataset/Tamil/Non-depressed/Train_set/ND5_0081.wav,ND5_0081.wav,Tamil,Non-depressed,train,48000,2,PCM_16,2.2625,c2047d9ea8e9f009c6985085e073d4d7
NLP Dataset/Tamil/Non-depressed/Train_set/ND5_0082.wav,ND5_0082.wav,Tamil,Non-depressed,train,48000,2,PCM_16,3.0325,62da27559f621d219665ae2304f0767c
NLP Dataset/Tamil/Non-depressed/Train_set/ND5_0083.wav,ND5_0083.wav,Tamil,Non-depressed,train,48000,2,PCM_16,2.125,1641440eeb33cc6e52a2713d143486cc
NLP Dataset/Tamil/Non-depressed/Train_set/ND5_0084.wav,ND5_0084.wav,Tamil,Non-depressed,train,48000,2,PCM_16,2.6425,c11eb4eec4d3fbbe2e14840d9274eb9e
NLP Dataset/Tamil/Non-depressed/Train_set/ND5_0085.wav,ND5_0085.wav,Tamil,Non-depressed,train,48000,2,PCM_16,2.9125,a8aff26bbb91339bae0e4f604fc36f31
NLP Dataset/Tamil/Non-depressed/Train_set/ND5_0086.wav,ND5_0086.wav,Tamil,Non-depressed,train,48000,2,PCM_16,3.2,1b74c7101994f2b71a05a1b3392ab9b3
NLP Dataset/Tamil/Non-depressed/Train_set/ND5_0087.wav,ND5_0087.wav,Tamil,Non-depressed,train,48000,2,PCM_16,2.4775,3c425e83da8581d95f8afd3f7437184a
NLP Dataset/Tamil/Non-depressed/Train_set/ND5_0088.wav,ND5_0088.wav,Tamil,Non-depressed,train,48000,2,PCM_16,2.155,af8f22bb4b0c7551f5f8baf5469a99b7
NLP Dataset/Tamil/Non-depressed/Train_set/ND5_0089.wav,ND5_0089.wav,Tamil,Non-depressed,train,48000,2,PCM_16,1.4324791666666667,2c0a8077dd05226f71559f8347f9c819
NLP Dataset/Tamil/Non-depressed/Train_set/ND5_0090.wav,ND5_0090.wav,Tamil,Non-depressed,train,48000,2,PCM_16,4.1675,81c2fdaa11e3e3add9708021f69960c6
NLP Dataset/Tamil/Non-depressed/Train_set/ND5_0091.wav,ND5_0091.wav,Tamil,Non-depressed,train,48000,2,PCM_16,2.555,4a04aa0cebfa871571f6e9e8b46407a2
NLP Dataset/Tamil/Non-depressed/Train_set/ND5_0092.wav,ND5_0092.wav,Tamil,Non-depressed,train,48000,2,PCM_16,1.7599791666666667,4c95e46b08c543fc13264b21ee7be3ed
NLP Dataset/Tamil/Non-depressed/Train_set/ND5_0093.wav,ND5_0093.wav,Tamil,Non-depressed,train,48000,2,PCM_16,3.015,5f4b14766b2ee268f2ac57aa0f051a07
NLP Dataset/Tamil/Non-depressed/Train_set/ND5_0094.wav,ND5_0094.wav,Tamil,Non-depressed,train,48000,2,PCM_16,2.0925,8fa13ec5e38d69da600a95478ed90ad4
NLP Dataset/Tamil/Non-depressed/Train_set/ND5_0095.wav,ND5_0095.wav,Tamil,Non-depressed,train,48000,2,PCM_16,2.83,a45928a9d9e6bc2f544a5876737f79d0
NLP Dataset/Tamil/Non-depressed/Train_set/ND5_0096.wav,ND5_0096.wav,Tamil,Non-depressed,train,48000,2,PCM_16,2.38,0cdf4ae27fe457daca823ba471afeca7
NLP Dataset/Tamil/Non-depressed/Train_set/ND5_0097.wav,ND5_0097.wav,Tamil,Non-depressed,train,48000,2,PCM_16,1.54,821b25884c7a2c5cf18b871be758f66d
NLP Dataset/Tamil/Non-depressed/Train_set/ND5_0098.wav,ND5_0098.wav,Tamil,Non-depressed,train,48000,2,PCM_16,2.1425,aacedb4993cd5c43a9b991d3f87b8b54
NLP Dataset/Tamil/Non-depressed/Train_set/ND5_0099.wav,ND5_0099.wav,Tamil,Non-depressed,train,48000,2,PCM_16,2.59,3461920bbc9242968f39ec80d464dd07
NLP Dataset/Tamil/Non-depressed/Train_set/ND5_0100.wav,ND5_0100.wav,Tamil,Non-depressed,train,48000,2,PCM_16,2.69,efcfd469cd4c11c07da080086188eea2
NLP Dataset/Tamil/Non-depressed/Train_set/ND5_0101.wav,ND5_0101.wav,Tamil,Non-depressed,train,48000,2,PCM_16,3.4725,8b0e005cc48acffac5481c7762f14ceb
NLP Dataset/Tamil/Non-depressed/Train_set/ND5_0102.wav,ND5_0102.wav,Tamil,Non-depressed,train,48000,2,PCM_16,2.0975,d19c0c22e93fbcb100ab7e93093f703b
NLP Dataset/Tamil/Non-depressed/Train_set/ND5_0103.wav,ND5_0103.wav,Tamil,Non-depressed,train,48000,2,PCM_16,2.19,1ad73bfa1d87d2cca6fc1211d19c0a3b
NLP Dataset/Tamil/Non-depressed/Train_set/ND5_0104.wav,ND5_0104.wav,Tamil,Non-depressed,train,48000,2,PCM_16,3.095,b74dba866cc7244ee50cdd907090b8b0
NLP Dataset/Tamil/Non-depressed/Train_set/ND5_0105.wav,ND5_0105.wav,Tamil,Non-depressed,train,48000,2,PCM_16,1.8275,466dd7a7c43d84cd99b569693d810e90
NLP Dataset/Tamil/Non-depressed/Train_set/ND5_0106.wav,ND5_0106.wav,Tamil,Non-depressed,train,48000,2,PCM_16,2.01,a4efe53f0a801e0d58c2e646862ee002
NLP Dataset/Tamil/Non-depressed/Train_set/ND5_0107.wav,ND5_0107.wav,Tamil,Non-depressed,train,48000,2,PCM_16,2.9650208333333334,ed9e15d348caa309acdf38f50be1bda5
NLP Dataset/Tamil/Non-depressed/Train_set/ND5_0108.wav,ND5_0108.wav,Tamil,Non-depressed,train,48000,2,PCM_16,1.935,bcebc3e7fdd6cfa4ed2c6807a37eee54
NLP Dataset/Tamil/Non-depressed/Train_set/ND5_0109.wav,ND5_0109.wav,Tamil,Non-depressed,train,48000,2,PCM_16,1.9600208333333333,be826faaf4e39af7ddb256a6198036e8
NLP Dataset/Tamil/Non-depressed/Train_set/ND5_0110.wav,ND5_0110.wav,Tamil,Non-depressed,train,48000,2,PCM_16,2.1425,3821f9ba50902ed4f77a48785b444e44
NLP Dataset/Tamil/Non-depressed/Train_set/ND5_0111.wav,ND5_0111.wav,Tamil,Non-depressed,train,48000,2,PCM_16,2.5324791666666666,ad3b6cfdfc76c820642ad4312038b15d
NLP Dataset/Tamil/Non-depressed/Train_set/ND5_0112.wav,ND5_0112.wav,Tamil,Non-depressed,train,48000,2,PCM_16,2.5775,d820b0936030d377e0831c7573ed584e
NLP Dataset/Tamil/Non-depressed/Train_set/ND5_0113.wav,ND5_0113.wav,Tamil,Non-depressed,train,48000,2,PCM_16,2.365,88bc20f95bb6f5ed1e3585cfeb8ea8ff
NLP Dataset/Tamil/Non-depressed/Train_set/ND5_0114.wav,ND5_0114.wav,Tamil,Non-depressed,train,48000,2,PCM_16,3.105,5019ab8fa76cac346d8ffeead3ee0d4e
NLP Dataset/Tamil/Non-depressed/Train_set/ND5_0115.wav,ND5_0115.wav,Tamil,Non-depressed,train,48000,2,PCM_16,2.07,32920620f860a724dd24e20519e92a21
NLP Dataset/Tamil/Non-depressed/Train_set/ND5_0116.wav,ND5_0116.wav,Tamil,Non-depressed,train,48000,2,PCM_16,2.3675,410b89ef460028532eab6047a142d1eb
NLP Dataset/Tamil/Non-depressed/Train_set/ND5_0117.wav,ND5_0117.wav,Tamil,Non-depressed,train,48000,2,PCM_16,1.71,8da2cc5251ee4b73aac3cb6faf3d0c42
NLP Dataset/Tamil/Non-depressed/Train_set/ND5_0118.wav,ND5_0118.wav,Tamil,Non-depressed,train,48000,2,PCM_16,2.15,093d91235480d76331beab3fe5cb3ae6
NLP Dataset/Tamil/Non-depressed/Train_set/ND5_0119.wav,ND5_0119.wav,Tamil,Non-depressed,train,48000,2,PCM_16,2.115,36f45fa8ad5d47ebc05f58d028b37af5
NLP Dataset/Tamil/Non-depressed/Train_set/ND5_0120.wav,ND5_0120.wav,Tamil,Non-depressed,train,48000,2,PCM_16,2.18,ed8197417715a9c7ab75757707e87940
NLP Dataset/Tamil/Non-depressed/Train_set/ND5_0121.wav,ND5_0121.wav,Tamil,Non-depressed,train,48000,2,PCM_16,2.92,ca55c46b4268c97252cd8ff24e5c54d2
NLP Dataset/Tamil/Non-depressed/Train_set/ND5_0122.wav,ND5_0122.wav,Tamil,Non-depressed,train,48000,2,PCM_16,2.15,05ff2e8153a4d332f0ea4b3d3fe833cf
NLP Dataset/Tamil/Non-depressed/Train_set/ND5_0123.wav,ND5_0123.wav,Tamil,Non-depressed,train,48000,2,PCM_16,2.8325,291ded769213a4b4fc4cbfd14cc1a068
NLP Dataset/Tamil/Non-depressed/Train_set/ND5_0124.wav,ND5_0124.wav,Tamil,Non-depressed,train,48000,2,PCM_16,3.11,efd662a147b403dfd7b21b6e1b5b07f7
NLP Dataset/Tamil/Non-depressed/Train_set/ND5_0125.wav,ND5_0125.wav,Tamil,Non-depressed,train,48000,2,PCM_16,2.2775,1ea89d580d50db955c83af7b13f5f61b
NLP Dataset/Tamil/Non-depressed/Train_set/ND5_0126.wav,ND5_0126.wav,Tamil,Non-depressed,train,48000,2,PCM_16,2.6275,9ab3195e3f0d69390a90c0d645334d8d
NLP Dataset/Tamil/Non-depressed/Train_set/ND5_0127.wav,ND5_0127.wav,Tamil,Non-depressed,train,48000,2,PCM_16,3.5725,e2022ab90ebb1b4e34ff49fff400898e
NLP Dataset/Tamil/Non-depressed/Train_set/ND5_0128.wav,ND5_0128.wav,Tamil,Non-depressed,train,48000,2,PCM_16,2.7075,b98d9229f7b72db134f5632ac1b5a480
NLP Dataset/Tamil/Non-depressed/Train_set/ND5_0129.wav,ND5_0129.wav,Tamil,Non-depressed,train,48000,2,PCM_16,3.09,3a0f8e23653384057d8098f4480e23c6
NLP Dataset/Tamil/Non-depressed/Train_set/ND5_0130.wav,ND5_0130.wav,Tamil,Non-depressed,train,48000,2,PCM_16,2.2325,df74bba2ad2cda421ddc407bff08fa89
NLP Dataset/Tamil/Non-depressed/Train_set/ND5_0131.wav,ND5_0131.wav,Tamil,Non-depressed,train,48000,2,PCM_16,2.4425,6012fcc1790a5eceb235c64556488769
NLP Dataset/Tamil/Non-depressed/Train_set/ND5_0132.wav,ND5_0132.wav,Tamil,Non-depressed,train,48000,2,PCM_16,3.6875,42b95e681865bd03f383c111959949e4
NLP Dataset/Tamil/Non-depressed/Train_set/ND5_0133.wav,ND5_0133.wav,Tamil,Non-depressed,train,48000,2,PCM_16,3.2925,01e6723a6dfffa5fd1214745d4f203ce
NLP Dataset/Tamil/Non-depressed/Train_set/ND5_0134.wav,ND5_0134.wav,Tamil,Non-depressed,train,48000,2,PCM_16,3.81,1825d5e8992e2980afc0f2628fbdfc36
NLP Dataset/Tamil/Non-depressed/Train_set/ND5_0135.wav,ND5_0135.wav,Tamil,Non-depressed,train,48000,2,PCM_16,4.3675,05b6e651e7fd57bbef42049ec4fdcde7
NLP Dataset/Tamil/Non-depressed/Train_set/ND5_0136.wav,ND5_0136.wav,Tamil,Non-depressed,train,48000,2,PCM_16,3.105,6549fcecc2dba3dd746a3dcc0e5b6562
NLP Dataset/Tamil/Non-depressed/Train_set/ND5_0137.wav,ND5_0137.wav,Tamil,Non-depressed,train,48000,2,PCM_16,3.53,46c201f2651219c60d78eea3a9cc552c
NLP Dataset/Tamil/Non-depressed/Train_set/ND5_0138.wav,ND5_0138.wav,Tamil,Non-depressed,train,48000,2,PCM_16,3.555,9e2f0500c78a63367708e8f3e33ec857
NLP Dataset/Tamil/Non-depressed/Train_set/ND5_0139.wav,ND5_0139.wav,Tamil,Non-depressed,train,48000,2,PCM_16,3.435,db3732792eb65a0f16267d447fd2e993
NLP Dataset/Tamil/Non-depressed/Train_set/ND5_0140.wav,ND5_0140.wav,Tamil,Non-depressed,train,48000,2,PCM_16,3.5675,c6b46890f1430191c7306720b666e7c8
NLP Dataset/Tamil/Non-depressed/Train_set/ND5_0141.wav,ND5_0141.wav,Tamil,Non-depressed,train,48000,2,PCM_16,3.2125,a24bac802fd118b2e79315f4cce3a7f1
NLP Dataset/Tamil/Non-depressed/Train_set/ND5_0142.wav,ND5_0142.wav,Tamil,Non-depressed,train,48000,2,PCM_16,2.695,372e21d1d2a93b92219439cc5deed67a
NLP Dataset/Tamil/Non-depressed/Train_set/ND5_0143.wav,ND5_0143.wav,Tamil,Non-depressed,train,48000,2,PCM_16,4.4675,39c64175680411799b79abc2c2f24a4a
NLP Dataset/Tamil/Non-depressed/Train_set/ND5_0144.wav,ND5_0144.wav,Tamil,Non-depressed,train,48000,2,PCM_16,3.5474791666666667,645d48146587cd253a93f8a056eba6aa
NLP Dataset/Tamil/Non-depressed/Train_set/ND5_0145.wav,ND5_0145.wav,Tamil,Non-depressed,train,48000,2,PCM_16,4.36,ee23ab359531612702f739b13daec93e
NLP Dataset/Tamil/Non-depressed/Train_set/ND5_0146.wav,ND5_0146.wav,Tamil,Non-depressed,train,48000,2,PCM_16,4.3125,9779e54f19c8444c35a1c239835f2d5c
NLP Dataset/Tamil/Non-depressed/Train_set/ND5_0147.wav,ND5_0147.wav,Tamil,Non-depressed,train,48000,2,PCM_16,2.6999791666666666,1430b053cd1e3bb199774248bedcafe1
NLP Dataset/Tamil/Non-depressed/Train_set/ND5_0148.wav,ND5_0148.wav,Tamil,Non-depressed,train,48000,2,PCM_16,3.2475,430a7b7a30aa95be94faf003111d710f
NLP Dataset/Tamil/Non-depressed/Train_set/ND5_0149.wav,ND5_0149.wav,Tamil,Non-depressed,train,48000,2,PCM_16,1.9575,5126d6f8fa61afc80c37f37c157d9202
NLP Dataset/Tamil/Non-depressed/Train_set/ND5_0150.wav,ND5_0150.wav,Tamil,Non-depressed,train,48000,2,PCM_16,3.334979166666667,c173e91db2357dfb6d99a1879ce57974
NLP Dataset/Tamil/Non-depressed/Train_set/ND5_0151.wav,ND5_0151.wav,Tamil,Non-depressed,train,48000,2,PCM_16,2.48,8b0aa82a66781d4322c30d9bde30eeac
NLP Dataset/Tamil/Non-depressed/Train_set/ND5_0152.wav,ND5_0152.wav,Tamil,Non-depressed,train,48000,2,PCM_16,2.9875,bb1640221f46b663bfc223e8c2ad7420
NLP Dataset/Tamil/Non-depressed/Train_set/ND5_0153.wav,ND5_0153.wav,Tamil,Non-depressed,train,48000,2,PCM_16,1.7575,e43a64e3df972df473785a9496fb2e65
NLP Dataset/Tamil/Non-depressed/Train_set/ND5_0154.wav,ND5_0154.wav,Tamil,Non-depressed,train,48000,2,PCM_16,2.5,7be364c99605e665385ccaa4f18eaad8
NLP Dataset/Tamil/Non-depressed/Train_set/ND5_0155.wav,ND5_0155.wav,Tamil,Non-depressed,train,48000,2,PCM_16,1.2475,5aca8b486fa5d11274255526581cd796
NLP Dataset/Tamil/Non-depressed/Train_set/ND5_0156.wav,ND5_0156.wav,Tamil,Non-depressed,train,48000,2,PCM_16,2.07,d8c31d3b4e306da584e3dd40c76c4980
NLP Dataset/Tamil/Non-depressed/Train_set/ND5_0157.wav,ND5_0157.wav,Tamil,Non-depressed,train,48000,2,PCM_16,1.88,42abf7e81683a0b1e936187b92db4d97
NLP Dataset/Tamil/Non-depressed/Train_set/ND5_0158.wav,ND5_0158.wav,Tamil,Non-depressed,train,48000,2,PCM_16,3.2375,a8347266d7ee82d788f52827a857e0ad
NLP Dataset/Tamil/Non-depressed/Train_set/ND5_0159.wav,ND5_0159.wav,Tamil,Non-depressed,train,48000,2,PCM_16,2.71,f414727df46fcc1537d7fbb6236714fd
NLP Dataset/Tamil/Non-depressed/Train_set/ND5_0160.wav,ND5_0160.wav,Tamil,Non-depressed,train,48000,2,PCM_16,2.04,3eb273994e37a1eb00cdda96fe0b9ba8
NLP Dataset/Tamil/Non-depressed/Train_set/ND5_0161.wav,ND5_0161.wav,Tamil,Non-depressed,train,48000,2,PCM_16,3.39,3c9343871c5921b5897cf32fa92c397e
NLP Dataset/Tamil/Non-depressed/Train_set/ND5_0162.wav,ND5_0162.wav,Tamil,Non-depressed,train,48000,2,PCM_16,2.7925,6cc9fbf068372d17ffbdaf683abd4a28
NLP Dataset/Tamil/Non-depressed/Train_set/ND5_0163.wav,ND5_0163.wav,Tamil,Non-depressed,train,48000,2,PCM_16,2.535,9d71761616189e5e542e4af45ef3fe32
NLP Dataset/Tamil/Non-depressed/Train_set/ND5_0164.wav,ND5_0164.wav,Tamil,Non-depressed,train,48000,2,PCM_16,1.7975,5909556dbed963cc2eedeadce2af70d1
NLP Dataset/Tamil/Non-depressed/Train_set/ND5_0165.wav,ND5_0165.wav,Tamil,Non-depressed,train,48000,2,PCM_16,2.995,8690e823252f9e4e053f95c29c1f2397
NLP Dataset/Tamil/Non-depressed/Train_set/ND5_0166.wav,ND5_0166.wav,Tamil,Non-depressed,train,48000,2,PCM_16,2.5075208333333334,9de97e923802c8662080a651fd48045c
NLP Dataset/Tamil/Non-depressed/Train_set/ND5_0167.wav,ND5_0167.wav,Tamil,Non-depressed,train,48000,2,PCM_16,1.6625,fd96acbcab2235d141ca3590b6ec396d
NLP Dataset/Tamil/Non-depressed/Train_set/ND5_0168.wav,ND5_0168.wav,Tamil,Non-depressed,train,48000,2,PCM_16,1.7249791666666667,ff984c3168b97ec44e8871d598b5be53
NLP Dataset/Tamil/Non-depressed/Train_set/ND5_0169.wav,ND5_0169.wav,Tamil,Non-depressed,train,48000,2,PCM_16,1.6424791666666667,811dfeb4444a0aa91dd78b082e0fbc29
NLP Dataset/Tamil/Non-depressed/Train_set/ND5_0170.wav,ND5_0170.wav,Tamil,Non-depressed,train,48000,2,PCM_16,2.195,04186f8327bd2bdc8bbfee5ec2656f20
NLP Dataset/Tamil/Non-depressed/Train_set/ND5_0171.wav,ND5_0171.wav,Tamil,Non-depressed,train,48000,2,PCM_16,1.7825,2c5fca0a303efb9ed10ecd7bf7e6bcb8
NLP Dataset/Tamil/Non-depressed/Train_set/ND5_0172.wav,ND5_0172.wav,Tamil,Non-depressed,train,48000,2,PCM_16,2.49,becf2f8e4e41ef263c0aab931c3bd95a
NLP Dataset/Tamil/Non-depressed/Train_set/ND5_0173.wav,ND5_0173.wav,Tamil,Non-depressed,train,48000,2,PCM_16,2.0225,46228e6a97e7bf52592321cca193d1db
NLP Dataset/Tamil/Non-depressed/Train_set/ND5_0174.wav,ND5_0174.wav,Tamil,Non-depressed,train,48000,2,PCM_16,3.44,b878543ad120c1f8b73ac0c603e71aa2
NLP Dataset/Tamil/Non-depressed/Train_set/ND5_0175.wav,ND5_0175.wav,Tamil,Non-depressed,train,48000,2,PCM_16,1.7475,4a31055b6b998d2f74d1242931a2ab6b
NLP Dataset/Tamil/Non-depressed/Train_set/ND5_0176.wav,ND5_0176.wav,Tamil,Non-depressed,train,48000,2,PCM_16,1.6025,b673594f94c3e9c3b8640b3720110806
NLP Dataset/Tamil/Non-depressed/Train_set/ND5_0177.wav,ND5_0177.wav,Tamil,Non-depressed,train,48000,2,PCM_16,3.7275,c41062acddf50e65ac573707588317e4
NLP Dataset/Tamil/Non-depressed/Train_set/ND5_0178.wav,ND5_0178.wav,Tamil,Non-depressed,train,48000,2,PCM_16,3.655,bc59506989fb9056ef974b8fffdeafb7
NLP Dataset/Tamil/Non-depressed/Train_set/ND5_0179.wav,ND5_0179.wav,Tamil,Non-depressed,train,48000,2,PCM_16,2.63,628765edf8e5234c7d812d1151772a66
NLP Dataset/Tamil/Non-depressed/Train_set/ND5_0180.wav,ND5_0180.wav,Tamil,Non-depressed,train,48000,2,PCM_16,3.435,5e0de54905b73c41aded5eda1fb99058
NLP Dataset/Tamil/Non-depressed/Train_set/ND5_0181.wav,ND5_0181.wav,Tamil,Non-depressed,train,48000,2,PCM_16,4.785,ce42cbc83dac7d9546af8b6b17ed2ee9
NLP Dataset/Tamil/Non-depressed/Train_set/ND5_0182.wav,ND5_0182.wav,Tamil,Non-depressed,train,48000,2,PCM_16,3.48,ea424a8499804f72b37c9c29cdec3426
NLP Dataset/Tamil/Non-depressed/Train_set/ND5_0183.wav,ND5_0183.wav,Tamil,Non-depressed,train,48000,2,PCM_16,1.9175,3564d13101dcc03467e4296a33d164bf
NLP Dataset/Tamil/Non-depressed/Train_set/ND5_0184.wav,ND5_0184.wav,Tamil,Non-depressed,train,48000,2,PCM_16,2.56,c6a65402c8278dbfa13be6f46a27d459
NLP Dataset/Malayalam/Depressed/Train_set/D_A001_1.wav,D_A001_1.wav,Malayalam,Depressed,train,16000,2,PCM_16,4.28125,130a6d881f3956e0bf38c37a46c85cda
NLP Dataset/Malayalam/Depressed/Train_set/D_A001_2.wav,D_A001_2.wav,Malayalam,Depressed,train,16000,2,PCM_16,3.53125,24856370ad3575f870961408e7fe5116
NLP Dataset/Malayalam/Depressed/Train_set/D_A001_3.wav,D_A001_3.wav,Malayalam,Depressed,train,16000,2,PCM_16,4.15625,317bdf2206b17a401356def66264632a
NLP Dataset/Malayalam/Depressed/Train_set/D_A001_4.wav,D_A001_4.wav,Malayalam,Depressed,train,16000,2,PCM_16,4.53125,24e507329a6ee4c1e98d9c4d5356e146
NLP Dataset/Malayalam/Depressed/Train_set/D_A002_1.wav,D_A002_1.wav,Malayalam,Depressed,train,16000,2,PCM_16,3.65625,17128fe241d5aaacdcf2e6e284d95f9f
NLP Dataset/Malayalam/Depressed/Train_set/D_A002_2.wav,D_A002_2.wav,Malayalam,Depressed,train,16000,1,PCM_16,4.3125,cd06117bc99d193868f6c54881a0b685
NLP Dataset/Malayalam/Depressed/Train_set/D_A002_3.wav,D_A002_3.wav,Malayalam,Depressed,train,16000,1,PCM_16,4.0,5ccd0b8e832a2a367401059eb464b4c4
NLP Dataset/Malayalam/Depressed/Train_set/D_A002_4.wav,D_A002_4.wav,Malayalam,Depressed,train,16000,1,PCM_16,4.1875,df3f4537ac4f06d21f9239d02db038be
NLP Dataset/Malayalam/Depressed/Train_set/D_A003_1.wav,D_A003_1.wav,Malayalam,Depressed,train,16000,1,PCM_16,4.375,788ab4b93e3f7a0b1b0fb581eaf95a5b
NLP Dataset/Malayalam/Depressed/Train_set/D_A003_2.wav,D_A003_2.wav,Malayalam,Depressed,train,16000,1,PCM_16,4.8125,204b3c53d5bc0e2d422a25fc3492786f
NLP Dataset/Malayalam/Depressed/Train_set/D_A003_3.wav,D_A003_3.wav,Malayalam,Depressed,train,16000,1,PCM_16,4.4375,e665e8c953917e9a4a0ce4893f2a49fd
NLP Dataset/Malayalam/Depressed/Train_set/D_A003_4.wav,D_A003_4.wav,Malayalam,Depressed,train,16000,1,PCM_16,4.375,0666dc822d18e9fe83c2c1cd2b5d81f8
NLP Dataset/Malayalam/Depressed/Train_set/D_A004_1.wav,D_A004_1.wav,Malayalam,Depressed,train,16000,1,PCM_16,4.125,b36608d3a96b8c5c3d9680ef9584cb44
NLP Dataset/Malayalam/Depressed/Train_set/D_A004_2.wav,D_A004_2.wav,Malayalam,Depressed,train,16000,1,PCM_16,4.8125,3a250b28ef0515fdfa0e01745850a90b
NLP Dataset/Malayalam/Depressed/Train_set/D_A004_3.wav,D_A004_3.wav,Malayalam,Depressed,train,16000,1,PCM_16,4.1875,3b02351701e20b0c8d55e0bc729b8b6f
NLP Dataset/Malayalam/Depressed/Train_set/D_A004_4.wav,D_A004_4.wav,Malayalam,Depressed,train,16000,1,PCM_16,3.9375,049407ad014765188ef0425469dd7046
NLP Dataset/Malayalam/Depressed/Train_set/D_A005_1.wav,D_A005_1.wav,Malayalam,Depressed,train,16000,1,PCM_16,4.625,cdf1ff314d5caa2dc32cc2bfa2bfb6a1
NLP Dataset/Malayalam/Depressed/Train_set/D_A005_2.wav,D_A005_2.wav,Malayalam,Depressed,train,16000,1,PCM_16,4.3125,7ca93764a272821f1133413506b03f25
NLP Dataset/Malayalam/Depressed/Train_set/D_A005_3.wav,D_A005_3.wav,Malayalam,Depressed,train,16000,1,PCM_16,4.1875,0119822cf840c23398ecac36cfd2f289
NLP Dataset/Malayalam/Depressed/Train_set/D_A005_4.wav,D_A005_4.wav,Malayalam,Depressed,train,16000,1,PCM_16,4.1875,99f61d243b241b6f10f1dead5dc91b67
NLP Dataset/Malayalam/Depressed/Train_set/D_A006_1.wav,D_A006_1.wav,Malayalam,Depressed,train,16000,1,PCM_16,4.125,e3b91bf4f7ac5dd7b091a7c9712a4ff9
NLP Dataset/Malayalam/Depressed/Train_set/D_A006_2.wav,D_A006_2.wav,Malayalam,Depressed,train,16000,1,PCM_16,3.6875,a063105fc64559a3d95f2bf64f72d006
NLP Dataset/Malayalam/Depressed/Train_set/D_A006_3.wav,D_A006_3.wav,Malayalam,Depressed,train,16000,1,PCM_16,4.0,440927bc70252e2b3aafec7c6af5b698
NLP Dataset/Malayalam/Depressed/Train_set/D_A006_4.wav,D_A006_4.wav,Malayalam,Depressed,train,16000,1,PCM_16,4.625,5ad051635fa4b600ee8b8a73e744b4b9
NLP Dataset/Malayalam/Depressed/Train_set/D_A007_1.wav,D_A007_1.wav,Malayalam,Depressed,train,16000,1,PCM_16,4.125,9b07f2d64102ac34d37cd1c43eb6e1e8
NLP Dataset/Malayalam/Depressed/Train_set/D_A007_2.wav,D_A007_2.wav,Malayalam,Depressed,train,16000,1,PCM_16,4.625,5a561ad92efe037fa5e49a2322d8ba89
NLP Dataset/Malayalam/Depressed/Train_set/D_A007_3.wav,D_A007_3.wav,Malayalam,Depressed,train,16000,1,PCM_16,4.1875,b59ed3883ca0b1e9a0ace32c3c152bf1
NLP Dataset/Malayalam/Depressed/Train_set/D_A007_4.wav,D_A007_4.wav,Malayalam,Depressed,train,16000,1,PCM_16,4.5625,a64639fc42e1eda2b536b5f70317cc44
NLP Dataset/Malayalam/Depressed/Train_set/D_A008_1.wav,D_A008_1.wav,Malayalam,Depressed,train,16000,1,PCM_16,4.0625,b56790d100a936e7ce02832ec8f511fe
NLP Dataset/Malayalam/Depressed/Train_set/D_A008_2.wav,D_A008_2.wav,Malayalam,Depressed,train,16000,1,PCM_16,4.4375,7d8e1340ea5b868a0db11e12a0aab97d
NLP Dataset/Malayalam/Depressed/Train_set/D_A008_3.wav,D_A008_3.wav,Malayalam,Depressed,train,16000,1,PCM_16,3.9375,b9691d799ef4cf38d10ee3aae2b6f667
NLP Dataset/Malayalam/Depressed/Train_set/D_A008_4.wav,D_A008_4.wav,Malayalam,Depressed,train,16000,1,PCM_16,4.25,9af81f1df2a3c6be5cf0b8e0f08e8f60
NLP Dataset/Malayalam/Depressed/Train_set/D_A009_1.wav,D_A009_1.wav,Malayalam,Depressed,train,16000,1,PCM_16,4.25,21aa0325a075473937e6dc32dc2275e5
NLP Dataset/Malayalam/Depressed/Train_set/D_A009_2.wav,D_A009_2.wav,Malayalam,Depressed,train,16000,1,PCM_16,4.375,9343d44d70d00b55b0890df12ec65015
NLP Dataset/Malayalam/Depressed/Train_set/D_A009_3.wav,D_A009_3.wav,Malayalam,Depressed,train,16000,1,PCM_16,5.625,7f2b5e64df5df8444cc1c467bfac073b
NLP Dataset/Malayalam/Depressed/Train_set/D_A009_4.wav,D_A009_4.wav,Malayalam,Depressed,train,16000,1,PCM_16,4.5625,ffc9c0a145de6cb7080f36fe844a3dd9
NLP Dataset/Malayalam/Depressed/Train_set/D_A010_1.wav,D_A010_1.wav,Malayalam,Depressed,train,16000,1,PCM_16,4.125,d92a976d934489e4134062983a9ce5d2
NLP Dataset/Malayalam/Depressed/Train_set/D_A010_2.wav,D_A010_2.wav,Malayalam,Depressed,train,16000,1,PCM_16,4.3125,dad56b938818c247fc43764a5f9e8d64
NLP Dataset/Malayalam/Depressed/Train_set/D_A010_3.wav,D_A010_3.wav,Malayalam,Depressed,train,16000,1,PCM_16,4.5625,d49644306cf2c4249f1b36de5f67b8ea
NLP Dataset/Malayalam/Depressed/Train_set/D_A010_4.wav,D_A010_4.wav,Malayalam,Depressed,train,16000,1,PCM_16,4.375,3a795579054743f4f586ee610837b68d
NLP Dataset/Malayalam/Depressed/Train_set/D_A011_1.wav,D_A011_1.wav,Malayalam,Depressed,train,16000,1,PCM_16,3.875,80933e815df8ca0f081e2f43974eb0d0
NLP Dataset/Malayalam/Depressed/Train_set/D_A011_2.wav,D_A011_2.wav,Malayalam,Depressed,train,16000,1,PCM_16,3.875,8c0e489e5f7db2d16f0a0c0f2a45dcc1
NLP Dataset/Malayalam/Depressed/Train_set/D_A011_3.wav,D_A011_3.wav,Malayalam,Depressed,train,16000,1,PCM_16,4.375,4653029da56e53d75ca156c8531294b3
NLP Dataset/Malayalam/Depressed/Train_set/D_A011_4.wav,D_A011_4.wav,Malayalam,Depressed,train,16000,1,PCM_16,4.3125,5b4de63cdd4043c4ceafe06ae7a6d0c1
NLP Dataset/Malayalam/Depressed/Train_set/D_A012_1.wav,D_A012_1.wav,Malayalam,Depressed,train,16000,1,PCM_16,5.0,058332304d93797082536504e4373e89
NLP Dataset/Malayalam/Depressed/Train_set/D_A012_2.wav,D_A012_2.wav,Malayalam,Depressed,train,16000,1,PCM_16,4.4375,bd2955a163c765a5e70d6606ae9e5618
NLP Dataset/Malayalam/Depressed/Train_set/D_A012_3.wav,D_A012_3.wav,Malayalam,Depressed,train,16000,1,PCM_16,4.75,ea46e67b2dc33ff97325198d629e9f82
NLP Dataset/Malayalam/Depressed/Train_set/D_A012_4.wav,D_A012_4.wav,Malayalam,Depressed,train,16000,1,PCM_16,4.28125,f2cb3bbd5c5c17c6581bee947e182a28
NLP Dataset/Malayalam/Depressed/Train_set/D_A013_1.wav,D_A013_1.wav,Malayalam,Depressed,train,16000,1,PCM_16,4.0625,ea40452d2b03b10529aba754151a6d13
NLP Dataset/Malayalam/Depressed/Train_set/D_A013_2.wav,D_A013_2.wav,Malayalam,Depressed,train,16000,1,PCM_16,3.8125,034afebeb8c8d50cc65c09abe7a4610e
NLP Dataset/Malayalam/Depressed/Train_set/D_A013_3.wav,D_A013_3.wav,Malayalam,Depressed,train,16000,1,PCM_16,4.0,dbc87fd57454bf34506100a0549c0cdc
NLP Dataset/Malayalam/Depressed/Train_set/D_A013_4.wav,D_A013_4.wav,Malayalam,Depressed,train,16000,1,PCM_16,4.5,efe934e8c232f1b5e87732ecc0a9e85c
NLP Dataset/Malayalam/Depressed/Train_set/D_A014_1.wav,D_A014_1.wav,Malayalam,Depressed,train,16000,1,PCM_16,4.8125,4428ac2adba345d22a25bee4d45245f4
NLP Dataset/Malayalam/Depressed/Train_set/D_A014_2.wav,D_A014_2.wav,Malayalam,Depressed,train,16000,1,PCM_16,4.6875,f50b4f54546fe2c18ce178761af589c6
NLP Dataset/Malayalam/Depressed/Train_set/D_A014_3.wav,D_A014_3.wav,Malayalam,Depressed,train,16000,1,PCM_16,5.0625,affe93164f90fb1df9533e9ccc20bc9b
NLP Dataset/Malayalam/Depressed/Train_set/D_A014_4.wav,D_A014_4.wav,Malayalam,Depressed,train,16000,1,PCM_16,4.5625,f7d8d18050efcb6d5a0a67d0493fa62e
NLP Dataset/Malayalam/Depressed/Train_set/D_A015_1.wav,D_A015_1.wav,Malayalam,Depressed,train,16000,1,PCM_16,4.3125,b71231e4eded2ca18f4be232f37f5d72
NLP Dataset/Malayalam/Depressed/Train_set/D_A015_2.wav,D_A015_2.wav,Malayalam,Depressed,train,16000,1,PCM_16,4.875,5a5aa9d17a482dd0188c66dc72b5dcbf
NLP Dataset/Malayalam/Depressed/Train_set/D_A015_3.wav,D_A015_3.wav,Malayalam,Depressed,train,16000,1,PCM_16,5.375,ccf6c0110220349728c34d6afa14a9ee
NLP Dataset/Malayalam/Depressed/Train_set/D_A015_4.wav,D_A015_4.wav,Malayalam,Depressed,train,16000,1,PCM_16,5.0625,74268dde0d88b7fc8aa1717b11a8263d
NLP Dataset/Malayalam/Depressed/Train_set/D_A016_1.wav,D_A016_1.wav,Malayalam,Depressed,train,16000,1,PCM_16,5.1875,1f2dc05370b34ae43d58f2df2bfce802
NLP Dataset/Malayalam/Depressed/Train_set/D_A016_2.wav,D_A016_2.wav,Malayalam,Depressed,train,16000,1,PCM_16,5.4375,8b6863220fdc636789f17e62be848450
NLP Dataset/Malayalam/Depressed/Train_set/D_A016_3.wav,D_A016_3.wav,Malayalam,Depressed,train,16000,1,PCM_16,4.875,f27e526d95d64472ccdbe90ebb0d5b16
NLP Dataset/Malayalam/Depressed/Train_set/D_A016_4.wav,D_A016_4.wav,Malayalam,Depressed,train,16000,1,PCM_16,5.0625,1792dc44106175d8eea97dd7742dad25
NLP Dataset/Malayalam/Depressed/Train_set/D_A017_1.wav,D_A017_1.wav,Malayalam,Depressed,train,16000,1,PCM_16,5.0,babdf1530c5bb119512d4f8daded516c
NLP Dataset/Malayalam/Depressed/Train_set/D_A017_2.wav,D_A017_2.wav,Malayalam,Depressed,train,16000,1,PCM_16,4.9375,6111eb25b0da2db841555ca17dca9d4c
NLP Dataset/Malayalam/Depressed/Train_set/D_A017_3.wav,D_A017_3.wav,Malayalam,Depressed,train,16000,1,PCM_16,4.9375,679db705952b4677278a2bfd308d9d33
NLP Dataset/Malayalam/Depressed/Train_set/D_A017_4.wav,D_A017_4.wav,Malayalam,Depressed,train,16000,1,PCM_16,4.8125,e4ebc0fb6f0e7f962fb9de47a3726f1d
NLP Dataset/Malayalam/Depressed/Train_set/D_A018_1.wav,D_A018_1.wav,Malayalam,Depressed,train,16000,1,PCM_16,4.5625,5fd8708210bc230457861746a6118ed6
NLP Dataset/Malayalam/Depressed/Train_set/D_A018_2.wav,D_A018_2.wav,Malayalam,Depressed,train,16000,1,PCM_16,5.375,df48f747a44b1b118e4f3bf5ac339dbf
NLP Dataset/Malayalam/Depressed/Train_set/D_A018_3.wav,D_A018_3.wav,Malayalam,Depressed,train,16000,1,PCM_16,5.0625,ef4460481b2f5eac24bb1cbfb47f8f42
NLP Dataset/Malayalam/Depressed/Train_set/D_A018_4.wav,D_A018_4.wav,Malayalam,Depressed,train,16000,1,PCM_16,4.8125,5a26b6fce257689103dfce6064e97d65
NLP Dataset/Malayalam/Depressed/Train_set/D_A019_1.wav,D_A019_1.wav,Malayalam,Depressed,train,16000,1,PCM_16,4.375,36afd37811017439468af9518f4975d8
NLP Dataset/Malayalam/Depressed/Train_set/D_A019_2.wav,D_A019_2.wav,Malayalam,Depressed,train,16000,1,PCM_16,4.4375,839e1882865f1d739ca5ef1bab127f10
NLP Dataset/Malayalam/Depressed/Train_set/D_A019_3.wav,D_A019_3.wav,Malayalam,Depressed,train,16000,1,PCM_16,4.75,f202a761e3779421a1805659586979be
NLP Dataset/Malayalam/Depressed/Train_set/D_A019_4.wav,D_A019_4.wav,Malayalam,Depressed,train,16000,1,PCM_16,4.6875,b04a89d3ada5b65229e24e8454dcb936
NLP Dataset/Malayalam/Depressed/Train_set/D_A020_1.wav,D_A020_1.wav,Malayalam,Depressed,train,16000,1,PCM_16,4.375,6b464df49b8a5ac463112ff6f0e18e1c
NLP Dataset/Malayalam/Depressed/Train_set/D_A020_2.wav,D_A020_2.wav,Malayalam,Depressed,train,16000,1,PCM_16,4.9375,2ebd231f52708f743c5afb44b17e547d
NLP Dataset/Malayalam/Depressed/Train_set/D_A020_3.wav,D_A020_3.wav,Malayalam,Depressed,train,16000,1,PCM_16,4.5625,310dc4758905ea0c032849331cd9275e
NLP Dataset/Malayalam/Depressed/Train_set/D_A020_4.wav,D_A020_4.wav,Malayalam,Depressed,train,16000,1,PCM_16,4.75,e1acf5a40f7ebbc7cb6e8d34c2bc90b8
NLP Dataset/Malayalam/Depressed/Train_set/D_A021_1.wav,D_A021_1.wav,Malayalam,Depressed,train,16000,1,PCM_16,4.4375,8578d9adb80a40b831d5d5ed74451ac9
NLP Dataset/Malayalam/Depressed/Train_set/D_A021_2.wav,D_A021_2.wav,Malayalam,Depressed,train,16000,1,PCM_16,4.5625,64de15257d80119a9755076c7b7a43f6
NLP Dataset/Malayalam/Depressed/Train_set/D_A021_3.wav,D_A021_3.wav,Malayalam,Depressed,train,16000,1,PCM_16,4.625,cf0dacb1b1dfee484812744159652b7d
NLP Dataset/Malayalam/Depressed/Train_set/D_A021_4.wav,D_A021_4.wav,Malayalam,Depressed,train,16000,1,PCM_16,4.5,abea66a1c7be6180c01c704504caeb28
NLP Dataset/Malayalam/Depressed/Train_set/D_A022_1.wav,D_A022_1.wav,Malayalam,Depressed,train,16000,1,PCM_16,4.75,b60e195fc1e82a26888736aeb80e4b4f
NLP Dataset/Malayalam/Depressed/Train_set/D_A022_2.wav,D_A022_2.wav,Malayalam,Depressed,train,16000,1,PCM_16,4.8125,e865d64cfbe22fdd5693bad685b17344
NLP Dataset/Malayalam/Depressed/Train_set/D_A022_3.wav,D_A022_3.wav,Malayalam,Depressed,train,16000,1,PCM_16,4.9375,7dd690c57b3e0a18753c7fe37109e2cb
NLP Dataset/Malayalam/Depressed/Train_set/D_A022_4.wav,D_A022_4.wav,Malayalam,Depressed,train,16000,1,PCM_16,5.125,b45ca2fd718e8a11e27bc9e3b4dca8b5
NLP Dataset/Malayalam/Depressed/Train_set/D_A023_1.wav,D_A023_1.wav,Malayalam,Depressed,train,16000,1,PCM_16,3.875,9ea708258bb92fbdd35c5e4558dde565
NLP Dataset/Malayalam/Depressed/Train_set/D_A023_2.wav,D_A023_2.wav,Malayalam,Depressed,train,16000,1,PCM_16,4.25,b7358e164db1d6b2350f889aa461769d
NLP Dataset/Malayalam/Depressed/Train_set/D_A023_3.wav,D_A023_3.wav,Malayalam,Depressed,train,16000,1,PCM_16,4.125,a919edfdf1a7966e744a0669956911e5
NLP Dataset/Malayalam/Depressed/Train_set/D_A023_4.wav,D_A023_4.wav,Malayalam,Depressed,train,16000,1,PCM_16,4.3125,43bb45373f1593d859a62340e66cec7f
NLP Dataset/Malayalam/Depressed/Train_set/D_A024_1.wav,D_A024_1.wav,Malayalam,Depressed,train,16000,1,PCM_16,4.6875,0a93c14c1317abcd2a13dce3a7419002
NLP Dataset/Malayalam/Depressed/Train_set/D_A024_2.wav,D_A024_2.wav,Malayalam,Depressed,train,16000,1,PCM_16,5.1875,d60796a80a4bec22155c92ab2888a1e4
NLP Dataset/Malayalam/Depressed/Train_set/D_A024_3.wav,D_A024_3.wav,Malayalam,Depressed,train,16000,1,PCM_16,3.8125,63884735dee4c35a8a9eec7f28daf008
NLP Dataset/Malayalam/Depressed/Train_set/D_A024_4.wav,D_A024_4.wav,Malayalam,Depressed,train,16000,1,PCM_16,4.625,96106e8ace36d2ef0ce3877de20ac59d
NLP Dataset/Malayalam/Depressed/Train_set/D_A025_1.wav,D_A025_1.wav,Malayalam,Depressed,train,16000,1,PCM_16,4.375,3e72a0fb970d2f05a608e0b9c2c38eb2
NLP Dataset/Malayalam/Depressed/Train_set/D_A025_2.wav,D_A025_2.wav,Malayalam,Depressed,train,16000,1,PCM_16,4.25,d222932de4f814a90af494d801df5b75
NLP Dataset/Malayalam/Depressed/Train_set/D_A025_3.wav,D_A025_3.wav,Malayalam,Depressed,train,16000,1,PCM_16,4.6875,d18c599d204a3795c9e94f10739aad86
NLP Dataset/Malayalam/Depressed/Train_set/D_A025_4.wav,D_A025_4.wav,Malayalam,Depressed,train,16000,1,PCM_16,4.1875,51f067f994cac82de5c14f8042af4aa8
NLP Dataset/Malayalam/Depressed/Train_set/D_A026_1.wav,D_A026_1.wav,Malayalam,Depressed,train,16000,1,PCM_16,4.6875,2ca6206d274c857a7eae2ddb7fff7975
NLP Dataset/Malayalam/Depressed/Train_set/D_A026_2.wav,D_A026_2.wav,Malayalam,Depressed,train,16000,1,PCM_16,5.4375,aa69e29422862c175e850b49167c3325
NLP Dataset/Malayalam/Depressed/Train_set/D_A026_3.wav,D_A026_3.wav,Malayalam,Depressed,train,16000,1,PCM_16,5.1875,b8c34ef93e6480ecfe7835176bc80361
NLP Dataset/Malayalam/Depressed/Train_set/D_A026_4.wav,D_A026_4.wav,Malayalam,Depressed,train,16000,1,PCM_16,4.0625,e3b4458d144ebe6dfd62ea2a347dabdc
NLP Dataset/Malayalam/Depressed/Train_set/D_A027_1.wav,D_A027_1.wav,Malayalam,Depressed,train,16000,1,PCM_16,5.6875,d52b05401b33a914d546169d7e092965
NLP Dataset/Malayalam/Depressed/Train_set/D_A027_2.wav,D_A027_2.wav,Malayalam,Depressed,train,16000,1,PCM_16,5.375,abffe9ba4044e241d535e271256746d6
NLP Dataset/Malayalam/Depressed/Train_set/D_A027_3.wav,D_A027_3.wav,Malayalam,Depressed,train,16000,1,PCM_16,5.9375,cf63f6ae6c96a67d3b08cd6754cb7d61
NLP Dataset/Malayalam/Depressed/Train_set/D_A027_4.wav,D_A027_4.wav,Malayalam,Depressed,train,16000,1,PCM_16,5.875,9e233011360a9f7a35bfd62324c1f7dc
NLP Dataset/Malayalam/Depressed/Train_set/D_A028_1.wav,D_A028_1.wav,Malayalam,Depressed,train,16000,1,PCM_16,5.1875,19163247574da836ef09bfa7663b66f3
NLP Dataset/Malayalam/Depressed/Train_set/D_A028_2.wav,D_A028_2.wav,Malayalam,Depressed,train,16000,1,PCM_16,5.625,ace6c00b23bc59ee2be90cf0eaf6a585
NLP Dataset/Malayalam/Depressed/Train_set/D_A028_3.wav,D_A028_3.wav,Malayalam,Depressed,train,16000,1,PCM_16,4.9375,6d62251a205fec83a7d3d7664a788208
NLP Dataset/Malayalam/Depressed/Train_set/D_A028_4.wav,D_A028_4.wav,Malayalam,Depressed,train,16000,1,PCM_16,5.3125,91ddf5f3b32fbd7d230c7576ce019baa
NLP Dataset/Malayalam/Depressed/Train_set/D_A029_1.wav,D_A029_1.wav,Malayalam,Depressed,train,16000,1,PCM_16,5.0625,7d0ab8ab518431dad3923085f7b8bbe8
NLP Dataset/Malayalam/Depressed/Train_set/D_A029_2.wav,D_A029_2.wav,Malayalam,Depressed,train,16000,1,PCM_16,4.9375,11724549d3c8648ffeecd81f871e2e1e
NLP Dataset/Malayalam/Depressed/Train_set/D_A029_3.wav,D_A029_3.wav,Malayalam,Depressed,train,16000,1,PCM_16,4.9375,99a87cdedbdcc813d2eb838aad69f374
NLP Dataset/Malayalam/Depressed/Train_set/D_A029_4.wav,D_A029_4.wav,Malayalam,Depressed,train,16000,1,PCM_16,5.125,b250062aa592e7f47a291a671f679e25
NLP Dataset/Malayalam/Depressed/Train_set/D_A030_1.wav,D_A030_1.wav,Malayalam,Depressed,train,16000,1,PCM_16,5.0,9401a6c472ac93635fd568a6dbddedb0
NLP Dataset/Malayalam/Depressed/Train_set/D_A030_2.wav,D_A030_2.wav,Malayalam,Depressed,train,16000,1,PCM_16,4.1875,2dcf904c58cba0415111fd0ec7db62c5
NLP Dataset/Malayalam/Depressed/Train_set/D_A030_3.wav,D_A030_3.wav,Malayalam,Depressed,train,16000,1,PCM_16,4.4375,5d6fe159e37a5706a78fd465b33a6357
NLP Dataset/Malayalam/Depressed/Train_set/D_A030_4.wav,D_A030_4.wav,Malayalam,Depressed,train,16000,1,PCM_16,4.9375,93ffd1f445d7056264e61c67cfa445ca
NLP Dataset/Malayalam/Depressed/Train_set/D_A031_1.wav,D_A031_1.wav,Malayalam,Depressed,train,16000,1,PCM_16,4.8125,a07bd6b80918802b6005b861bc2faf6d
NLP Dataset/Malayalam/Depressed/Train_set/D_A031_2.wav,D_A031_2.wav,Malayalam,Depressed,train,16000,1,PCM_16,5.375,2328822c60130c1ca4ae1e2a28c0bc29
NLP Dataset/Malayalam/Depressed/Train_set/D_A031_3.wav,D_A031_3.wav,Malayalam,Depressed,train,16000,1,PCM_16,4.9375,b6d0878236cf2485e471dfe20923e6ff
NLP Dataset/Malayalam/Depressed/Train_set/D_A031_4.wav,D_A031_4.wav,Malayalam,Depressed,train,16000,1,PCM_16,4.875,f112b6138911fc1dba44281df6060fd7
NLP Dataset/Malayalam/Depressed/Train_set/D_A032_1.wav,D_A032_1.wav,Malayalam,Depressed,train,16000,1,PCM_16,5.25,0fac48cd617b00c146f1f9b14ab58aa1
NLP Dataset/Malayalam/Depressed/Train_set/D_A032_2.wav,D_A032_2.wav,Malayalam,Depressed,train,16000,1,PCM_16,4.6875,b195f9f5ef08485484f2945436d8a133
NLP Dataset/Malayalam/Depressed/Train_set/D_A032_3.wav,D_A032_3.wav,Malayalam,Depressed,train,16000,1,PCM_16,3.9375,b44b2487140e3f61af287163e7fd5b59
NLP Dataset/Malayalam/Depressed/Train_set/D_A032_4.wav,D_A032_4.wav,Malayalam,Depressed,train,16000,1,PCM_16,4.125,f4072335e87903b0b322cf11ad50dec1
NLP Dataset/Malayalam/Depressed/Train_set/D_A033_1.wav,D_A033_1.wav,Malayalam,Depressed,train,16000,1,PCM_16,4.625,530ee770592e4f870e525900d6519511
NLP Dataset/Malayalam/Depressed/Train_set/D_A033_2.wav,D_A033_2.wav,Malayalam,Depressed,train,16000,1,PCM_16,4.0625,92193ba69f66c3267660b13ad80003cd
NLP Dataset/Malayalam/Depressed/Train_set/D_A033_3.wav,D_A033_3.wav,Malayalam,Depressed,train,16000,1,PCM_16,4.4375,e28ef7e9b889fb49c74cf3c075922717
NLP Dataset/Malayalam/Depressed/Train_set/D_A033_4.wav,D_A033_4.wav,Malayalam,Depressed,train,16000,1,PCM_16,4.9375,c3bbd37d3d9c8994f29a8774c925e5ae
NLP Dataset/Malayalam/Depressed/Train_set/D_A034_1.wav,D_A034_1.wav,Malayalam,Depressed,train,16000,1,PCM_16,5.375,3e768c91d8e82722cb53d8a8386155c3
NLP Dataset/Malayalam/Depressed/Train_set/D_A034_2.wav,D_A034_2.wav,Malayalam,Depressed,train,16000,1,PCM_16,5.1875,6c848cb1af9fb47d4e2a2b7f3b0e3371
NLP Dataset/Malayalam/Depressed/Train_set/D_A034_3.wav,D_A034_3.wav,Malayalam,Depressed,train,16000,1,PCM_16,5.5,7174a7370b806242deef21f9a741d600
NLP Dataset/Malayalam/Depressed/Train_set/D_A034_4.wav,D_A034_4.wav,Malayalam,Depressed,train,16000,1,PCM_16,5.25,712778db48cf7765ec4943ecb60d3b77
NLP Dataset/Malayalam/Depressed/Train_set/D_A035_1.wav,D_A035_1.wav,Malayalam,Depressed,train,16000,1,PCM_16,4.0625,4389cc11acae5c1ccee7eb9e6330e899
NLP Dataset/Malayalam/Depressed/Train_set/D_A035_2.wav,D_A035_2.wav,Malayalam,Depressed,train,16000,1,PCM_16,4.0,bcc7a28eca6c99ce09193301f90fc2ca
NLP Dataset/Malayalam/Depressed/Train_set/D_A035_3.wav,D_A035_3.wav,Malayalam,Depressed,train,16000,1,PCM_16,4.375,eef2b1daa9c046c567733db9eaed5015
NLP Dataset/Malayalam/Depressed/Train_set/D_A035_4.wav,D_A035_4.wav,Malayalam,Depressed,train,16000,1,PCM_16,4.3125,df203c42c3a7198bdca2a885e9925b83
NLP Dataset/Malayalam/Depressed/Train_set/D_A036_1.wav,D_A036_1.wav,Malayalam,Depressed,train,16000,1,PCM_16,4.0625,9b2b2caa6128e6c31d17cffc54853b6f
NLP Dataset/Malayalam/Depressed/Train_set/D_A036_2.wav,D_A036_2.wav,Malayalam,Depressed,train,16000,1,PCM_16,4.375,8ed3780c309dbf9e8034c7ec0ce22630
NLP Dataset/Malayalam/Depressed/Train_set/D_A036_3.wav,D_A036_3.wav,Malayalam,Depressed,train,16000,1,PCM_16,4.125,a5923c8f6d11c37971975a5651355b84
NLP Dataset/Malayalam/Depressed/Train_set/D_A036_4.wav,D_A036_4.wav,Malayalam,Depressed,train,16000,1,PCM_16,4.3125,0a87f197e51245641e6dc60efdfdcb2d
NLP Dataset/Malayalam/Depressed/Train_set/D_A037_1.wav,D_A037_1.wav,Malayalam,Depressed,train,16000,1,PCM_16,5.9375,bdee041ce11d4d46d0b3b374e11ab14d
NLP Dataset/Malayalam/Depressed/Train_set/D_A037_2.wav,D_A037_2.wav,Malayalam,Depressed,train,16000,1,PCM_16,5.375,ff5b624f14e3c5e41459005a54c5bb71
NLP Dataset/Malayalam/Depressed/Train_set/D_A037_3.wav,D_A037_3.wav,Malayalam,Depressed,train,16000,1,PCM_16,5.375,76b1a0c043d36a66d60732bf476965c3
NLP Dataset/Malayalam/Depressed/Train_set/D_A037_4.wav,D_A037_4.wav,Malayalam,Depressed,train,16000,1,PCM_16,5.25,395136c17949ccb09bc9de7a75606726
NLP Dataset/Malayalam/Depressed/Train_set/D_A038_1.wav,D_A038_1.wav,Malayalam,Depressed,train,16000,1,PCM_16,5.5,eb13d16e32abfb7b160e164867633a17
NLP Dataset/Malayalam/Depressed/Train_set/D_A038_2.wav,D_A038_2.wav,Malayalam,Depressed,train,16000,1,PCM_16,5.75,e3e27239b82d56cdbab50cd8480fd42e
NLP Dataset/Malayalam/Depressed/Train_set/D_A038_3.wav,D_A038_3.wav,Malayalam,Depressed,train,16000,1,PCM_16,6.0625,dec139c2dffe1e2bde9483c98dae983c
NLP Dataset/Malayalam/Depressed/Train_set/D_A038_4.wav,D_A038_4.wav,Malayalam,Depressed,train,16000,1,PCM_16,5.625,cac71fbbb54294bf61c5c40e6a914d8e
NLP Dataset/Malayalam/Depressed/Train_set/D_A039_1.wav,D_A039_1.wav,Malayalam,Depressed,train,16000,1,PCM_16,4.25,8d240b76a507036c9a7714e669271824
NLP Dataset/Malayalam/Depressed/Train_set/D_A039_2.wav,D_A039_2.wav,Malayalam,Depressed,train,16000,1,PCM_16,4.5625,a4c149ed1e283d7a78ec712acc40d65a
NLP Dataset/Malayalam/Depressed/Train_set/D_A039_3.wav,D_A039_3.wav,Malayalam,Depressed,train,16000,1,PCM_16,4.3125,d46d175bdb68c2c25958cd2ea5ff4533
NLP Dataset/Malayalam/Depressed/Train_set/D_A039_4.wav,D_A039_4.wav,Malayalam,Depressed,train,16000,1,PCM_16,3.9375,1bbe15c07636397826bddf98ec90d4df
NLP Dataset/Malayalam/Depressed/Train_set/D_A040_1.wav,D_A040_1.wav,Malayalam,Depressed,train,16000,1,PCM_16,4.9375,481a41e292467091a1e76b7e3608a12d
NLP Dataset/Malayalam/Depressed/Train_set/D_A040_2.wav,D_A040_2.wav,Malayalam,Depressed,train,16000,1,PCM_16,4.6875,de4d287735205290fc65e2192205b937
NLP Dataset/Malayalam/Depressed/Train_set/D_A040_3.wav,D_A040_3.wav,Malayalam,Depressed,train,16000,1,PCM_16,5.5,5fefc4c11099c1987bc0a0415e2be806
NLP Dataset/Malayalam/Depressed/Train_set/D_A040_4.wav,D_A040_4.wav,Malayalam,Depressed,train,16000,1,PCM_16,5.0625,85347abeaef70e5a7093330f5db5d8cf
NLP Dataset/Malayalam/Depressed/Train_set/D_A041_1.wav,D_A041_1.wav,Malayalam,Depressed,train,16000,1,PCM_16,5.0,778b435584c1ef79278d533679c4047f
NLP Dataset/Malayalam/Depressed/Train_set/D_A041_2.wav,D_A041_2.wav,Malayalam,Depressed,train,16000,1,PCM_16,4.3125,b8be2333606022870f002662e3afff5e
NLP Dataset/Malayalam/Depressed/Train_set/D_A041_3.wav,D_A041_3.wav,Malayalam,Depressed,train,16000,1,PCM_16,4.9375,685ef710f22af4d6d4bd4637e38314a8
NLP Dataset/Malayalam/Depressed/Train_set/D_A041_4.wav,D_A041_4.wav,Malayalam,Depressed,train,16000,1,PCM_16,4.625,ff73d48d8b0fb8cc480798dd42584d4f
NLP Dataset/Malayalam/Depressed/Train_set/D_A042_1.wav,D_A042_1.wav,Malayalam,Depressed,train,16000,1,PCM_16,4.5,5e3789521eb2adce29630661155dfc6a
NLP Dataset/Malayalam/Depressed/Train_set/D_A042_2.wav,D_A042_2.wav,Malayalam,Depressed,train,16000,1,PCM_16,5.1875,50392a4515137225f2eb9309b41061ad
NLP Dataset/Malayalam/Depressed/Train_set/D_A042_3.wav,D_A042_3.wav,Malayalam,Depressed,train,16000,1,PCM_16,4.625,1ff1b20e5a29a551f99adf3691b60419
NLP Dataset/Malayalam/Depressed/Train_set/D_A042_4.wav,D_A042_4.wav,Malayalam,Depressed,train,16000,1,PCM_16,4.9375,3bdbedc7e7153e0d8822ed89fc8fda7c
NLP Dataset/Malayalam/Depressed/Train_set/D_A043_1.wav,D_A043_1.wav,Malayalam,Depressed,train,16000,1,PCM_16,4.9375,84141c74114ffdbd133ff5b29ccc026a
NLP Dataset/Malayalam/Depressed/Train_set/D_A043_2.wav,D_A043_2.wav,Malayalam,Depressed,train,16000,1,PCM_16,4.625,f3723a2995101087ac9b4e96c7b8798a
NLP Dataset/Malayalam/Depressed/Train_set/D_A043_3.wav,D_A043_3.wav,Malayalam,Depressed,train,16000,1,PCM_16,4.25,fbdc911dee5874b4143e83a10d4b712c
NLP Dataset/Malayalam/Depressed/Train_set/D_A043_4.wav,D_A043_4.wav,Malayalam,Depressed,train,16000,1,PCM_16,4.375,24491ae17441cf6704a92d15733a229d
NLP Dataset/Malayalam/Depressed/Train_set/D_A044_1.wav,D_A044_1.wav,Malayalam,Depressed,train,16000,1,PCM_16,5.5,ac39e7dedb3aea9d063b5817d2ce2f77
NLP Dataset/Malayalam/Depressed/Train_set/D_A044_2.wav,D_A044_2.wav,Malayalam,Depressed,train,16000,1,PCM_16,5.625,e4419cc917c9b51acdb05459b6b32a37
NLP Dataset/Malayalam/Depressed/Train_set/D_A044_3.wav,D_A044_3.wav,Malayalam,Depressed,train,16000,1,PCM_16,5.4375,64657de741ffb76b9f423b46bc4265b4
NLP Dataset/Malayalam/Depressed/Train_set/D_A044_4.wav,D_A044_4.wav,Malayalam,Depressed,train,16000,1,PCM_16,5.8125,aa3fd1bcd743f08932d4996710b162ed
NLP Dataset/Malayalam/Depressed/Train_set/D_A045_1.wav,D_A045_1.wav,Malayalam,Depressed,train,16000,1,PCM_16,4.5,d5c8f32df737251fa75679902dbe0493
NLP Dataset/Malayalam/Depressed/Train_set/D_A045_2.wav,D_A045_2.wav,Malayalam,Depressed,train,16000,1,PCM_16,4.5625,3f7c366dea97980c67da30aec427ce3c
NLP Dataset/Malayalam/Depressed/Train_set/D_A045_3.wav,D_A045_3.wav,Malayalam,Depressed,train,16000,1,PCM_16,4.6875,8213dbd12cc426b90f3e933cbb337e10
NLP Dataset/Malayalam/Depressed/Train_set/D_A045_4.wav,D_A045_4.wav,Malayalam,Depressed,train,16000,1,PCM_16,4.5,5afbb8477e528b07ae3981dbe2f96242
NLP Dataset/Malayalam/Depressed/Train_set/D_A046_1.wav,D_A046_1.wav,Malayalam,Depressed,train,16000,1,PCM_16,3.625,e2515206762f6e722b9e17e02e703bf9
NLP Dataset/Malayalam/Depressed/Train_set/D_A046_2.wav,D_A046_2.wav,Malayalam,Depressed,train,16000,1,PCM_16,4.25,c7aae432d5cab2e3c7e5f38588f6f5bd
NLP Dataset/Malayalam/Depressed/Train_set/D_A046_3.wav,D_A046_3.wav,Malayalam,Depressed,train,16000,1,PCM_16,4.4375,271b8a4fc49492b17948c76e3304cdbe
NLP Dataset/Malayalam/Depressed/Train_set/D_A046_4.wav,D_A046_4.wav,Malayalam,Depressed,train,16000,1,PCM_16,4.25,27df2155004befba65ab8acd987a5881
NLP Dataset/Malayalam/Depressed/Train_set/D_A047_1.wav,D_A047_1.wav,Malayalam,Depressed,train,16000,1,PCM_16,5.125,a3710fd2229ec9f78d0cb97aea2cebc1
NLP Dataset/Malayalam/Depressed/Train_set/D_A047_2.wav,D_A047_2.wav,Malayalam,Depressed,train,16000,1,PCM_16,5.9375,8fb8ecb15ccb596210ed49ffb7974429
NLP Dataset/Malayalam/Depressed/Train_set/D_A047_3.wav,D_A047_3.wav,Malayalam,Depressed,train,16000,1,PCM_16,5.625,0be53eb62dfca1a3ac1d72afb9bff18c
NLP Dataset/Malayalam/Depressed/Train_set/D_A047_4.wav,D_A047_4.wav,Malayalam,Depressed,train,16000,1,PCM_16,5.8125,784ae2a8d42453efeda00b08e85059f2
NLP Dataset/Malayalam/Depressed/Train_set/D_A048_1.wav,D_A048_1.wav,Malayalam,Depressed,train,16000,1,PCM_16,4.3125,76a75bf8bb80eeee39e5131fa6b33713
NLP Dataset/Malayalam/Depressed/Train_set/D_A048_2.wav,D_A048_2.wav,Malayalam,Depressed,train,16000,1,PCM_16,4.0625,cf437301962d36859f71f0c18b5f5916
NLP Dataset/Malayalam/Depressed/Train_set/D_A048_3.wav,D_A048_3.wav,Malayalam,Depressed,train,16000,1,PCM_16,4.4375,d3a8e5c484afec186f4702a1fd1a257d
NLP Dataset/Malayalam/Depressed/Train_set/D_A048_4.wav,D_A048_4.wav,Malayalam,Depressed,train,16000,1,PCM_16,4.4375,bc990502e3a5ef9734220b90fa6bf190
NLP Dataset/Malayalam/Depressed/Train_set/D_A049_1.wav,D_A049_1.wav,Malayalam,Depressed,train,16000,1,PCM_16,4.625,0905f201b1958f35653cba2619c0ef68
NLP Dataset/Malayalam/Depressed/Train_set/D_A049_2.wav,D_A049_2.wav,Malayalam,Depressed,train,16000,1,PCM_16,4.375,8d07ebe68269a4cb18e5e24a64360f99
NLP Dataset/Malayalam/Depressed/Train_set/D_A049_3.wav,D_A049_3.wav,Malayalam,Depressed,train,16000,1,PCM_16,4.625,a4134caee863d23bd8df60b30b0728ff
NLP Dataset/Malayalam/Depressed/Train_set/D_A049_4.wav,D_A049_4.wav,Malayalam,Depressed,train,16000,1,PCM_16,4.875,60bc9e64e9d8c254bb17d67bae7308e7
NLP Dataset/Malayalam/Depressed/Train_set/D_A050_1.wav,D_A050_1.wav,Malayalam,Depressed,train,16000,1,PCM_16,4.375,20ae4c497c6a91e3d9c5ba717d88ecf9
NLP Dataset/Malayalam/Depressed/Train_set/D_A050_2.wav,D_A050_2.wav,Malayalam,Depressed,train,16000,1,PCM_16,4.1875,b57a185880dc011bc997b6c364cec664
NLP Dataset/Malayalam/Depressed/Train_set/D_A050_3.wav,D_A050_3.wav,Malayalam,Depressed,train,16000,1,PCM_16,4.125,2da6da78796537f93ccb74c3be74d502
NLP Dataset/Malayalam/Depressed/Train_set/D_A050_4.wav,D_A050_4.wav,Malayalam,Depressed,train,16000,1,PCM_16,4.125,82b651de541392dc49891ed119fb4601
NLP Dataset/Malayalam/Depressed/Train_set/D_A051_1.wav,D_A051_1.wav,Malayalam,Depressed,train,16000,1,PCM_16,5.6875,868d0604a56d57213ff7b6a2c05721db
NLP Dataset/Malayalam/Depressed/Train_set/D_A051_2.wav,D_A051_2.wav,Malayalam,Depressed,train,16000,1,PCM_16,4.875,c9b41beb69f641d0664d463bc787d81d
NLP Dataset/Malayalam/Depressed/Train_set/D_A051_3.wav,D_A051_3.wav,Malayalam,Depressed,train,16000,1,PCM_16,5.9375,51c0bc51b78e7514edbca1f2bc16a36e
NLP Dataset/Malayalam/Depressed/Train_set/D_A051_4.wav,D_A051_4.wav,Malayalam,Depressed,train,16000,1,PCM_16,5.9375,983b1c7a5d7cc68b1e17b9ff86ec7f19
NLP Dataset/Malayalam/Depressed/Train_set/D_A052_1.wav,D_A052_1.wav,Malayalam,Depressed,train,16000,1,PCM_16,6.1875,db7c3a22ca1def60bcfe93f0ac156808
NLP Dataset/Malayalam/Depressed/Train_set/D_A052_2.wav,D_A052_2.wav,Malayalam,Depressed,train,16000,1,PCM_16,6.125,34461ffeab388fc19ea98a9f5ed5aa51
NLP Dataset/Malayalam/Depressed/Train_set/D_A052_3.wav,D_A052_3.wav,Malayalam,Depressed,train,16000,1,PCM_16,6.5,ee7b2752b36256d4f1a20983c9dbc664
NLP Dataset/Malayalam/Depressed/Train_set/D_A052_4.wav,D_A052_4.wav,Malayalam,Depressed,train,16000,1,PCM_16,6.4375,64838c44b437b80649351a2de8a2848d
NLP Dataset/Malayalam/Depressed/Train_set/D_A053_1.wav,D_A053_1.wav,Malayalam,Depressed,train,16000,1,PCM_16,4.84375,1966f945cb590d4865e7872bd2eccea1
NLP Dataset/Malayalam/Depressed/Train_set/D_A053_2.wav,D_A053_2.wav,Malayalam,Depressed,train,16000,1,PCM_16,5.1875,9411f7ac1372f158726e61553836a69a
NLP Dataset/Malayalam/Depressed/Train_set/D_A053_3.wav,D_A053_3.wav,Malayalam,Depressed,train,16000,1,PCM_16,5.5,648ff08bd5db32d88727d6c9f768cd99
NLP Dataset/Malayalam/Depressed/Train_set/D_A053_4.wav,D_A053_4.wav,Malayalam,Depressed,train,16000,1,PCM_16,5.5,8218a5ac09020e74dca132e37745bcca
NLP Dataset/Malayalam/Depressed/Train_set/D_A054_1.wav,D_A054_1.wav,Malayalam,Depressed,train,16000,1,PCM_16,5.25,1c4664e780df99ccb5218de70325ca97
NLP Dataset/Malayalam/Depressed/Train_set/D_A054_2.wav,D_A054_2.wav,Malayalam,Depressed,train,16000,1,PCM_16,5.1875,17376b7a2f678b862a651f244e756893
NLP Dataset/Malayalam/Depressed/Train_set/D_A054_3.wav,D_A054_3.wav,Malayalam,Depressed,train,16000,1,PCM_16,5.1875,a8db938f2436dbaa30e7f8082b8f4122
NLP Dataset/Malayalam/Depressed/Train_set/D_A054_4.wav,D_A054_4.wav,Malayalam,Depressed,train,16000,1,PCM_16,5.625,3e9d5495c4be8b65dc8f72cadc924d24
NLP Dataset/Malayalam/Depressed/Train_set/D_A055_1.wav,D_A055_1.wav,Malayalam,Depressed,train,16000,1,PCM_16,4.625,38fce9ff74635099476fad0a935bf0bb
NLP Dataset/Malayalam/Depressed/Train_set/D_A055_2.wav,D_A055_2.wav,Malayalam,Depressed,train,16000,1,PCM_16,5.25,ded08434a75329048a547487e4ba79cb
NLP Dataset/Malayalam/Depressed/Train_set/D_A055_3.wav,D_A055_3.wav,Malayalam,Depressed,train,16000,1,PCM_16,5.5,fd26105f7fa104afd29bee932a544f5e
NLP Dataset/Malayalam/Depressed/Train_set/D_A055_4.wav,D_A055_4.wav,Malayalam,Depressed,train,16000,1,PCM_16,4.5625,0ab3ff20072e87b5e531113a2330ea7e
NLP Dataset/Malayalam/Depressed/Train_set/D_A056_1.wav,D_A056_1.wav,Malayalam,Depressed,train,16000,1,PCM_16,5.25,fc00bc52569051369c4223c38f66198c
NLP Dataset/Malayalam/Depressed/Train_set/D_A056_2.wav,D_A056_2.wav,Malayalam,Depressed,train,16000,1,PCM_16,4.75,b38b9f567db1a70c84b0ff84867a3d2f
NLP Dataset/Malayalam/Depressed/Train_set/D_A056_3.wav,D_A056_3.wav,Malayalam,Depressed,train,16000,1,PCM_16,4.8125,30f001e40856cffea20805bbf07f0348
NLP Dataset/Malayalam/Depressed/Train_set/D_A056_4.wav,D_A056_4.wav,Malayalam,Depressed,train,16000,1,PCM_16,5.1875,823c1fca1e7c65fecd020ee0f6fa1c99
NLP Dataset/Malayalam/Depressed/Train_set/D_A057_1.wav,D_A057_1.wav,Malayalam,Depressed,train,16000,1,PCM_16,5.875,3fe43fc7a2a4cac23bbcdbf5226e30d1
NLP Dataset/Malayalam/Depressed/Train_set/D_A057_2.wav,D_A057_2.wav,Malayalam,Depressed,train,16000,1,PCM_16,4.9375,172a1f11d9efdbedd7002afde80a18b7
NLP Dataset/Malayalam/Depressed/Train_set/D_A057_3.wav,D_A057_3.wav,Malayalam,Depressed,train,16000,1,PCM_16,5.0625,53b0993e53a4b223dd32c5a325df85e5
NLP Dataset/Malayalam/Depressed/Train_set/D_A057_4.wav,D_A057_4.wav,Malayalam,Depressed,train,16000,1,PCM_16,5.0,d3833573e68a697de594acc9f333815a
NLP Dataset/Malayalam/Depressed/Train_set/D_A058_1.wav,D_A058_1.wav,Malayalam,Depressed,train,16000,1,PCM_16,5.4375,07dd38ecc663481755c37d0d0beb6427
NLP Dataset/Malayalam/Depressed/Train_set/D_A058_2.wav,D_A058_2.wav,Malayalam,Depressed,train,16000,1,PCM_16,4.9375,a4ac14ed6ad14d0201de693d52043b0c
NLP Dataset/Malayalam/Depressed/Train_set/D_A058_3.wav,D_A058_3.wav,Malayalam,Depressed,train,16000,1,PCM_16,4.875,e50f190362e79135f356c1fe971f90ad
NLP Dataset/Malayalam/Depressed/Train_set/D_A058_4.wav,D_A058_4.wav,Malayalam,Depressed,train,16000,1,PCM_16,5.0625,3a8fb29780e69418a561dec365ebc0fc
NLP Dataset/Malayalam/Depressed/Train_set/D_A059_1.wav,D_A059_1.wav,Malayalam,Depressed,train,16000,1,PCM_16,4.4375,29f4c5e3562467f6282c8d7366dfe8d1
NLP Dataset/Malayalam/Depressed/Train_set/D_A059_2.wav,D_A059_2.wav,Malayalam,Depressed,train,16000,1,PCM_16,4.8125,c8ead76d15456695ca87585a6755b2fb
NLP Dataset/Malayalam/Depressed/Train_set/D_A059_3.wav,D_A059_3.wav,Malayalam,Depressed,train,16000,1,PCM_16,4.0625,1e4e82dc37b5d65ed70c736ae519a374
NLP Dataset/Malayalam/Depressed/Train_set/D_A059_4.wav,D_A059_4.wav,Malayalam,Depressed,train,16000,1,PCM_16,4.125,aeecff92226e5ce4657c7a765a0c33d5
NLP Dataset/Malayalam/Depressed/Train_set/D_A060_1.wav,D_A060_1.wav,Malayalam,Depressed,train,16000,1,PCM_16,4.9375,85e42569d55ed46ba6aa8c5366f7b142
NLP Dataset/Malayalam/Depressed/Train_set/D_A060_2.wav,D_A060_2.wav,Malayalam,Depressed,train,16000,1,PCM_16,4.875,187ae71e1feb93e5abbb1c6d6ba2c24a
NLP Dataset/Malayalam/Depressed/Train_set/D_A060_3.wav,D_A060_3.wav,Malayalam,Depressed,train,16000,1,PCM_16,4.5,a5298c5162a2b38a95872a5030c73dfd
NLP Dataset/Malayalam/Depressed/Train_set/D_A060_4.wav,D_A060_4.wav,Malayalam,Depressed,train,16000,1,PCM_16,4.5625,b79d517058b932ab3b9044bbab9062e2
NLP Dataset/Malayalam/Depressed/Train_set/D_A061_1.wav,D_A061_1.wav,Malayalam,Depressed,train,16000,1,PCM_16,4.9375,c3ac98dcffa482bb9b71b032512a2988
NLP Dataset/Malayalam/Depressed/Train_set/D_A061_2.wav,D_A061_2.wav,Malayalam,Depressed,train,16000,1,PCM_16,5.0,f9b9829890f6dbc30c0a3e692b860edf
NLP Dataset/Malayalam/Depressed/Train_set/D_A061_3.wav,D_A061_3.wav,Malayalam,Depressed,train,16000,1,PCM_16,5.5,b9ba0a811c4042e994a032b067bf2fdf
NLP Dataset/Malayalam/Depressed/Train_set/D_A061_4.wav,D_A061_4.wav,Malayalam,Depressed,train,16000,1,PCM_16,5.6875,4b5f0271affd0d26e32542973eb6ffae
NLP Dataset/Malayalam/Depressed/Train_set/D_A062_1.wav,D_A062_1.wav,Malayalam,Depressed,train,16000,1,PCM_16,5.65625,543fcccb2a19090745d96cc82a50ba9d
NLP Dataset/Malayalam/Depressed/Train_set/D_A062_2.wav,D_A062_2.wav,Malayalam,Depressed,train,16000,1,PCM_16,6.0625,11044525dac8544622b1d7ae0b9ed831
NLP Dataset/Malayalam/Depressed/Train_set/D_A062_3.wav,D_A062_3.wav,Malayalam,Depressed,train,16000,1,PCM_16,5.625,729c8789dbb079f23e349ae5a7976f36
NLP Dataset/Malayalam/Depressed/Train_set/D_A062_4.wav,D_A062_4.wav,Malayalam,Depressed,train,16000,1,PCM_16,5.9375,1faf6bb6419e910e9f0f7fdbd0a3a963
NLP Dataset/Malayalam/Depressed/Train_set/D_F001_10_1.wav,D_F001_10_1.wav,Malayalam,Depressed,train,48000,2,PCM_16,5.208,965d83fdb095efa027f441a5405cb5a8
NLP Dataset/Malayalam/Depressed/Train_set/D_F001_10_2.wav,D_F001_10_2.wav,Malayalam,Depressed,train,48000,2,PCM_16,4.704,4dad84200ae1e558de71430c0f3da529
NLP Dataset/Malayalam/Depressed/Train_set/D_F001_10_3.wav,D_F001_10_3.wav,Malayalam,Depressed,train,48000,2,PCM_16,5.112,7221241ddf956aa76d0a8570101ada6d
NLP Dataset/Malayalam/Depressed/Train_set/D_F001_10_4.wav,D_F001_10_4.wav,Malayalam,Depressed,train,48000,2,PCM_16,5.232,6b5056fa27ba15bda6e88924de13787c
NLP Dataset/Malayalam/Depressed/Train_set/D_F001_11_1.wav,D_F001_11_1.wav,Malayalam,Depressed,train,48000,2,PCM_16,6.216,32f2e1f07dc1b70efdf807873c7380ca
NLP Dataset/Malayalam/Depressed/Train_set/D_F001_11_2.wav,D_F001_11_2.wav,Malayalam,Depressed,train,48000,2,PCM_16,6.432,fefaf3d0a21f0dd1e6bbe58131558acf
NLP Dataset/Malayalam/Depressed/Train_set/D_F001_11_3.wav,D_F001_11_3.wav,Malayalam,Depressed,train,48000,2,PCM_16,6.096,eca610e92f562af2c82c9d52428a59a7
NLP Dataset/Malayalam/Depressed/Train_set/D_F001_11_4.wav,D_F001_11_4.wav,Malayalam,Depressed,train,48000,2,PCM_16,6.888,f02663753757b71e19af6a88c0dfc602
NLP Dataset/Malayalam/Depressed/Train_set/D_F001_12_1.wav,D_F001_12_1.wav,Malayalam,Depressed,train,48000,2,PCM_16,6.024,b692290e1ae61cf36cace10951a8fe20
NLP Dataset/Malayalam/Depressed/Train_set/D_F001_12_2.wav,D_F001_12_2.wav,Malayalam,Depressed,train,48000,2,PCM_16,5.832,c780b49dfa74b54fcce99d9b20066a70
NLP Dataset/Malayalam/Depressed/Train_set/D_F001_12_3.wav,D_F001_12_3.wav,Malayalam,Depressed,train,48000,2,PCM_16,5.568,7c17ef66610166a5b670a01b57d0bbc8
NLP Dataset/Malayalam/Depressed/Train_set/D_F001_12_4.wav,D_F001_12_4.wav,Malayalam,Depressed,train,48000,2,PCM_16,5.448,0b8388b2bac80d13e33b306127a602da
NLP Dataset/Malayalam/Depressed/Train_set/D_F001_13_1.wav,D_F001_13_1.wav,Malayalam,Depressed,train,48000,2,PCM_16,5.904,bb9e00d74ccd26ac1e301417e6f53668
NLP Dataset/Malayalam/Depressed/Train_set/D_F001_13_2.wav,D_F001_13_2.wav,Malayalam,Depressed,train,48000,2,PCM_16,5.856,66989cf6e1fa29fa2788b998fb2d816d
NLP Dataset/Malayalam/Depressed/Train_set/D_F001_13_3.wav,D_F001_13_3.wav,Malayalam,Depressed,train,48000,2,PCM_16,6.216,1b138e033d4e94bfe4e8a396319ebf3b
NLP Dataset/Malayalam/Depressed/Train_set/D_F001_13_4.wav,D_F001_13_4.wav,Malayalam,Depressed,train,48000,2,PCM_16,6.672,e10d7a147da5c8e0a59431374ac1d4c6
NLP Dataset/Malayalam/Depressed/Train_set/D_F001_14_1.wav,D_F001_14_1.wav,Malayalam,Depressed,train,48000,2,PCM_16,6.504,986174bd550906f08d3ea2fcc656f8b6
NLP Dataset/Malayalam/Depressed/Train_set/D_F001_14_2.wav,D_F001_14_2.wav,Malayalam,Depressed,train,48000,2,PCM_16,5.448,8a813eddb260572a2cc12debb76441a0
NLP Dataset/Malayalam/Depressed/Train_set/D_F001_14_3.wav,D_F001_14_3.wav,Malayalam,Depressed,train,48000,2,PCM_16,5.616,775d00c05de79fee82f895155abbd4bf
NLP Dataset/Malayalam/Depressed/Train_set/D_F001_14_4.wav,D_F001_14_4.wav,Malayalam,Depressed,train,48000,2,PCM_16,5.904,b75fcc8f331a28a5cc99b6d329626829
NLP Dataset/Malayalam/Depressed/Train_set/D_F001_15_1.wav,D_F001_15_1.wav,Malayalam,Depressed,train,48000,2,PCM_16,6.744,96d34bfd4ce8a11bb0f8f22179ddc433
NLP Dataset/Malayalam/Depressed/Train_set/D_F001_15_2.wav,D_F001_15_2.wav,Malayalam,Depressed,train,48000,2,PCM_16,6.744,2c594a804f21ce86b4334d1d72ecaa54
NLP Dataset/Malayalam/Depressed/Train_set/D_F001_15_3.wav,D_F001_15_3.wav,Malayalam,Depressed,train,48000,2,PCM_16,6.336,e0bf10da60a2e5483317bbe8fff7a00c
NLP Dataset/Malayalam/Depressed/Train_set/D_F001_15_4.wav,D_F001_15_4.wav,Malayalam,Depressed,train,48000,2,PCM_16,6.288,68c9984c8c32c7918ea024402cf76375
NLP Dataset/Malayalam/Depressed/Train_set/D_F001_16_1.wav,D_F001_16_1.wav,Malayalam,Depressed,train,48000,2,PCM_16,8.376,d65206345a7335d827fcd9ce9b362dc4
NLP Dataset/Malayalam/Depressed/Train_set/D_F001_16_2.wav,D_F001_16_2.wav,Malayalam,Depressed,train,48000,2,PCM_16,7.104,db1f28a4c3ad40c9047f168e4f5c486b
NLP Dataset/Malayalam/Depressed/Train_set/D_F001_16_3.wav,D_F001_16_3.wav,Malayalam,Depressed,train,48000,2,PCM_16,6.624,1f051bc97172c49584be3629a7cce9e8
NLP Dataset/Malayalam/Depressed/Train_set/D_F001_16_4.wav,D_F001_16_4.wav,Malayalam,Depressed,train,48000,2,PCM_16,6.696,2a2781da4db27d703111856822a0421b
NLP Dataset/Malayalam/Depressed/Train_set/D_F001_17_1.wav,D_F001_17_1.wav,Malayalam,Depressed,train,48000,2,PCM_16,6.36,e369e0bf08a3d397d6a4305c447ff7b3
NLP Dataset/Malayalam/Depressed/Train_set/D_F001_17_2.wav,D_F001_17_2.wav,Malayalam,Depressed,train,48000,2,PCM_16,6.144,83a2e8a334ffedd7914c511c954e14cb
NLP Dataset/Malayalam/Depressed/Train_set/D_F001_17_3.wav,D_F001_17_3.wav,Malayalam,Depressed,train,48000,2,PCM_16,6.576,2564a23d1f5c8930c4175fe40c9fc04b
NLP Dataset/Malayalam/Depressed/Train_set/D_F001_17_4.wav,D_F001_17_4.wav,Malayalam,Depressed,train,48000,2,PCM_16,6.024,d74297858e6e3fe0a7070e046621e090
NLP Dataset/Malayalam/Depressed/Train_set/D_F001_18_1.wav,D_F001_18_1.wav,Malayalam,Depressed,train,48000,2,PCM_16,4.992,0d14b5feda66186124541262c1067240
NLP Dataset/Malayalam/Depressed/Train_set/D_F001_18_2.wav,D_F001_18_2.wav,Malayalam,Depressed,train,48000,2,PCM_16,4.152,f47a2ba4bd0af013210cf34d67ffc437
NLP Dataset/Malayalam/Depressed/Train_set/D_F001_18_3.wav,D_F001_18_3.wav,Malayalam,Depressed,train,48000,2,PCM_16,4.248,e40c6a1f3d25caa57f7589fdcf878dae
NLP Dataset/Malayalam/Depressed/Train_set/D_F001_18_4.wav,D_F001_18_4.wav,Malayalam,Depressed,train,48000,2,PCM_16,3.672,540ee250133070f87e951071a3a34139
NLP Dataset/Malayalam/Depressed/Train_set/D_F001_19_1.wav,D_F001_19_1.wav,Malayalam,Depressed,train,48000,2,PCM_16,5.736,088e37d7805bbfb11747ca683a9d70bc
NLP Dataset/Malayalam/Depressed/Train_set/D_F001_19_2.wav,D_F001_19_2.wav,Malayalam,Depressed,train,48000,2,PCM_16,6.072,b96e9df3ea48e812dae2d2aa1cafbc9a
NLP Dataset/Malayalam/Depressed/Train_set/D_F001_19_3.wav,D_F001_19_3.wav,Malayalam,Depressed,train,48000,2,PCM_16,6.0,f52776059ab59d885877466853346a23
NLP Dataset/Malayalam/Depressed/Train_set/D_F001_19_4.wav,D_F001_19_4.wav,Malayalam,Depressed,train,48000,2,PCM_16,6.096,952e274ef360f86cf88fd62664136550
NLP Dataset/Malayalam/Depressed/Train_set/D_F001_1_1.wav,D_F001_1_1.wav,Malayalam,Depressed,train,48000,2,PCM_16,5.866666666666666,313cb08725c7d713b9acb170276ee8ed
NLP Dataset/Malayalam/Depressed/Train_set/D_F001_1_2.wav,D_F001_1_2.wav,Malayalam,Depressed,train,48000,2,PCM_16,5.67,87a99b1ac4c8cae8c3a66776f46e06c3
NLP Dataset/Malayalam/Depressed/Train_set/D_F001_1_3.wav,D_F001_1_3.wav,Malayalam,Depressed,train,48000,2,PCM_16,6.28,5e9cbbffa530e905db0b49eb831e90da
NLP Dataset/Malayalam/Depressed/Train_set/D_F001_1_4.wav,D_F001_1_4.wav,Malayalam,Depressed,train,48000,2,PCM_16,6.33,fd131ff0973c784f3f140d2036716e3e
NLP Dataset/Malayalam/Depressed/Train_set/D_F001_20_1.wav,D_F001_20_1.wav,Malayalam,Depressed,train,48000,2,PCM_16,4.896,d9bfd55f669d4ca2544c336fd937c39a
NLP Dataset/Malayalam/Depressed/Train_set/D_F001_20_2.wav,D_F001_20_2.wav,Malayalam,Depressed,train,48000,2,PCM_16,4.416,f66672795feff5843ba088847584129a
NLP Dataset/Malayalam/Depressed/Train_set/D_F001_20_3.wav,D_F001_20_3.wav,Malayalam,Depressed,train,48000,2,PCM_16,4.896,53093465fe25a6ea29c469b954cf9b89
NLP Dataset/Malayalam/Depressed/Train_set/D_F001_20_4.wav,D_F001_20_4.wav,Malayalam,Depressed,train,48000,2,PCM_16,4.368,43180d4ee97c6cf61927030f3c3922f7
NLP Dataset/Malayalam/Depressed/Train_set/D_F001_21_1.wav,D_F001_21_1.wav,Malayalam,Depressed,train,48000,2,PCM_16,5.016,58472a93c893de95ef0c1a195b42dea2
NLP Dataset/Malayalam/Depressed/Train_set/D_F001_21_2.wav,D_F001_21_2.wav,Malayalam,Depressed,train,48000,2,PCM_16,4.656,93fd567296a8b45dfbb3dc25c5572b01
NLP Dataset/Malayalam/Depressed/Train_set/D_F001_21_3.wav,D_F001_21_3.wav,Malayalam,Depressed,train,48000,2,PCM_16,4.512,c37524cdefa505e6b3f975e32c022807
NLP Dataset/Malayalam/Depressed/Train_set/D_F001_21_4.wav,D_F001_21_4.wav,Malayalam,Depressed,train,48000,2,PCM_16,5.544,f01de32bc6f3e8341f3f0df745ae8f3f
NLP Dataset/Malayalam/Depressed/Train_set/D_F001_22_1.wav,D_F001_22_1.wav,Malayalam,Depressed,train,48000,2,PCM_16,4.056,c730774dd8016d52c37dd32b8b8de103
NLP Dataset/Malayalam/Depressed/Train_set/D_F001_22_2.wav,D_F001_22_2.wav,Malayalam,Depressed,train,48000,2,PCM_16,4.464,da866e524647bab8393b053e16292b75
NLP Dataset/Malayalam/Depressed/Train_set/D_F001_22_3.wav,D_F001_22_3.wav,Malayalam,Depressed,train,48000,2,PCM_16,4.224,7510d4dce1894cd3396119a04292a9f1
NLP Dataset/Malayalam/Depressed/Train_set/D_F001_22_4.wav,D_F001_22_4.wav,Malayalam,Depressed,train,48000,2,PCM_16,4.752,e4919f9b75258b2fc0eca46c2d6ed7e5
NLP Dataset/Malayalam/Depressed/Train_set/D_F001_23_1.wav,D_F001_23_1.wav,Malayalam,Depressed,train,48000,2,PCM_16,5.616,fa883483aa6310a243e6957946a67d01
NLP Dataset/Malayalam/Depressed/Train_set/D_F001_23_2.wav,D_F001_23_2.wav,Malayalam,Depressed,train,48000,2,PCM_16,4.656,394dc366993b4be1de9975c8f388f30b
NLP Dataset/Malayalam/Depressed/Train_set/D_F001_23_3.wav,D_F001_23_3.wav,Malayalam,Depressed,train,48000,2,PCM_16,4.8,3c51d23948068cd52b54ea439057d0ca
NLP Dataset/Malayalam/Depressed/Train_set/D_F001_23_4.wav,D_F001_23_4.wav,Malayalam,Depressed,train,48000,2,PCM_16,4.464,f99d1992e44324e08de2abf828628800
NLP Dataset/Malayalam/Depressed/Train_set/D_F001_24_1.wav,D_F001_24_1.wav,Malayalam,Depressed,train,48000,2,PCM_16,4.152,e3789ddc373579dcf3da576ee53606c6
NLP Dataset/Malayalam/Depressed/Train_set/D_F001_24_2.wav,D_F001_24_2.wav,Malayalam,Depressed,train,48000,2,PCM_16,3.768,1c7996b5b56efac6d89e34cb8e6a5e64
NLP Dataset/Malayalam/Depressed/Train_set/D_F001_24_3.wav,D_F001_24_3.wav,Malayalam,Depressed,train,48000,2,PCM_16,4.56,59a64ece702f5b33b488385f7f663916
NLP Dataset/Malayalam/Depressed/Train_set/D_F001_24_4.wav,D_F001_24_4.wav,Malayalam,Depressed,train,48000,2,PCM_16,4.224,a74538d43bb9505280b2ca90964ca365
NLP Dataset/Malayalam/Depressed/Train_set/D_F001_25_1.wav,D_F001_25_1.wav,Malayalam,Depressed,train,48000,2,PCM_16,3.504,846b2ec7f644c7a726ca358f8ff58dca
NLP Dataset/Malayalam/Depressed/Train_set/D_F001_25_2.wav,D_F001_25_2.wav,Malayalam,Depressed,train,48000,2,PCM_16,3.168,6b3e34b0790578b0800250b26ad341c8
NLP Dataset/Malayalam/Depressed/Train_set/D_F001_25_3.wav,D_F001_25_3.wav,Malayalam,Depressed,train,48000,2,PCM_16,3.48,b4ed6cf2d381fa017941b4ff5c75385d
NLP Dataset/Malayalam/Depressed/Train_set/D_F001_25_4.wav,D_F001_25_4.wav,Malayalam,Depressed,train,48000,2,PCM_16,3.6,346257053da1ccdef1942f26239c9c79
NLP Dataset/Malayalam/Depressed/Train_set/D_F001_26_1.wav,D_F001_26_1.wav,Malayalam,Depressed,train,48000,2,PCM_16,4.872,16d1cbe15fa12f08b3d119229dc83f1d
NLP Dataset/Malayalam/Depressed/Train_set/D_F001_26_2.wav,D_F001_26_2.wav,Malayalam,Depressed,train,48000,2,PCM_16,4.32,5c9665a7302a1041718452555cd9654f
NLP Dataset/Malayalam/Depressed/Train_set/D_F001_26_3.wav,D_F001_26_3.wav,Malayalam,Depressed,train,48000,2,PCM_16,4.416,3e10d5956d71f5b57e94ed48e07bf0bf
NLP Dataset/Malayalam/Depressed/Train_set/D_F001_26_4.wav,D_F001_26_4.wav,Malayalam,Depressed,train,48000,2,PCM_16,3.936,77f802d9b7b61e65d9f5bd4bbfbba489
NLP Dataset/Malayalam/Depressed/Train_set/D_F001_27_1.wav,D_F001_27_1.wav,Malayalam,Depressed,train,48000,2,PCM_16,4.272,b4466f8e65bbb8924dc1c84fd002d1c3
NLP Dataset/Malayalam/Depressed/Train_set/D_F001_27_2.wav,D_F001_27_2.wav,Malayalam,Depressed,train,48000,2,PCM_16,5.616,f90e2615d601bd2c99d3af0e582552d0
NLP Dataset/Malayalam/Depressed/Train_set/D_F001_27_3.wav,D_F001_27_3.wav,Malayalam,Depressed,train,48000,2,PCM_16,4.896,caec16e24f33feefebebc2dd26ab6042
NLP Dataset/Malayalam/Depressed/Train_set/D_F001_27_4.wav,D_F001_27_4.wav,Malayalam,Depressed,train,48000,2,PCM_16,4.536,830a5916325511f4305ce222077aa12f
NLP Dataset/Malayalam/Depressed/Train_set/D_F001_28_1.wav,D_F001_28_1.wav,Malayalam,Depressed,train,48000,2,PCM_16,3.96,3e37c45a81d2295040ba5c9671bbf9f4
NLP Dataset/Malayalam/Depressed/Train_set/D_F001_28_2.wav,D_F001_28_2.wav,Malayalam,Depressed,train,48000,2,PCM_16,3.912,774979a314ae6c253ee2c68cff3e9cb1
NLP Dataset/Malayalam/Depressed/Train_set/D_F001_28_3.wav,D_F001_28_3.wav,Malayalam,Depressed,train,48000,2,PCM_16,3.696,d670f101ec226496b6006d94dc91d0be
NLP Dataset/Malayalam/Depressed/Train_set/D_F001_28_4.wav,D_F001_28_4.wav,Malayalam,Depressed,train,48000,2,PCM_16,4.032,22ce8842370c885c1675cc0986193bce
NLP Dataset/Malayalam/Depressed/Train_set/D_F001_29_1.wav,D_F001_29_1.wav,Malayalam,Depressed,train,48000,2,PCM_16,3.48,0d5a019530793c5a20002087116406c1
NLP Dataset/Malayalam/Depressed/Train_set/D_F001_29_2.wav,D_F001_29_2.wav,Malayalam,Depressed,train,48000,2,PCM_16,3.864,0b95acace44f43927b4a3524e3492c1f
NLP Dataset/Malayalam/Depressed/Train_set/D_F001_29_3.wav,D_F001_29_3.wav,Malayalam,Depressed,train,48000,2,PCM_16,3.816,f7ff9421c174c71b4f18ccc76ea6d5aa
NLP Dataset/Malayalam/Depressed/Train_set/D_F001_29_4.wav,D_F001_29_4.wav,Malayalam,Depressed,train,48000,2,PCM_16,5.232,e5485c1507d9728711d6482fae3399be
NLP Dataset/Malayalam/Depressed/Train_set/D_F001_2_1.wav,D_F001_2_1.wav,Malayalam,Depressed,train,48000,2,PCM_16,5.38,9c39a584afa802670e2882296e4bfaa4
NLP Dataset/Malayalam/Depressed/Train_set/D_F001_2_2.wav,D_F001_2_2.wav,Malayalam,Depressed,train,48000,2,PCM_16,5.4,9990794b2fdbf101c6ac12d37c206522
NLP Dataset/Malayalam/Depressed/Train_set/D_F001_2_3.wav,D_F001_2_3.wav,Malayalam,Depressed,train,48000,2,PCM_16,4.968,60e1a62f79d28118ecadbc13f79da2f7
NLP Dataset/Malayalam/Depressed/Train_set/D_F001_2_4.wav,D_F001_2_4.wav,Malayalam,Depressed,train,48000,2,PCM_16,3.984,9662e928d840567c766be525a89b4227
NLP Dataset/Malayalam/Depressed/Train_set/D_F001_30_1.wav,D_F001_30_1.wav,Malayalam,Depressed,train,48000,2,PCM_16,6.336,6d9ac2c6f16cbbd1c67a3c86020001c2
NLP Dataset/Malayalam/Depressed/Train_set/D_F001_30_2.wav,D_F001_30_2.wav,Malayalam,Depressed,train,48000,2,PCM_16,5.496,9881613762138978db0f04f5b7d26175
NLP Dataset/Malayalam/Depressed/Train_set/D_F001_30_3.wav,D_F001_30_3.wav,Malayalam,Depressed,train,48000,2,PCM_16,5.856,db7d8351939b792cc6257de37d9150aa
NLP Dataset/Malayalam/Depressed/Train_set/D_F001_30_4.wav,D_F001_30_4.wav,Malayalam,Depressed,train,48000,2,PCM_16,4.968,92d47d9ceeb570ac65d89af4beb4bbd9
NLP Dataset/Malayalam/Depressed/Train_set/D_F001_31_1.wav,D_F001_31_1.wav,Malayalam,Depressed,train,48000,2,PCM_16,4.968,5682628ad1a25e3886e5f4b85f54e31d
NLP Dataset/Malayalam/Depressed/Train_set/D_F001_31_2.wav,D_F001_31_2.wav,Malayalam,Depressed,train,48000,2,PCM_16,4.176,bab02b6f688e63d8959ee218d2910de1
NLP Dataset/Malayalam/Depressed/Train_set/D_F001_31_3.wav,D_F001_31_3.wav,Malayalam,Depressed,train,48000,2,PCM_16,4.224,6308134a9a23c3e6de49c0a2814a145e
NLP Dataset/Malayalam/Depressed/Train_set/D_F001_31_4.wav,D_F001_31_4.wav,Malayalam,Depressed,train,48000,2,PCM_16,4.08,e9225f2d8168b240d8d74d82230a17ba
NLP Dataset/Malayalam/Depressed/Train_set/D_F001_32_1.wav,D_F001_32_1.wav,Malayalam,Depressed,train,48000,2,PCM_16,5.304,b3bec6eea324bbc6058c2d918b6dee26
NLP Dataset/Malayalam/Depressed/Train_set/D_F001_32_2.wav,D_F001_32_2.wav,Malayalam,Depressed,train,48000,2,PCM_16,5.016,3e1a982ca3e794242b1cce87dea6e907
NLP Dataset/Malayalam/Depressed/Train_set/D_F001_32_3.wav,D_F001_32_3.wav,Malayalam,Depressed,train,48000,2,PCM_16,4.92,5101a328f163eec39f9703398967404a
NLP Dataset/Malayalam/Depressed/Train_set/D_F001_32_4.wav,D_F001_32_4.wav,Malayalam,Depressed,train,48000,2,PCM_16,5.544,28a201ee35f452f3028f7d256dfc9b1c
NLP Dataset/Malayalam/Depressed/Train_set/D_F001_33_1.wav,D_F001_33_1.wav,Malayalam,Depressed,train,48000,2,PCM_16,3.768,a33c01ec2e7fdafe84dd79d9c279b66f
NLP Dataset/Malayalam/Depressed/Train_set/D_F001_33_2.wav,D_F001_33_2.wav,Malayalam,Depressed,train,48000,2,PCM_16,5.016,196fada33d8cbe861e0f792f0ff4313a
NLP Dataset/Malayalam/Depressed/Train_set/D_F001_33_3.wav,D_F001_33_3.wav,Malayalam,Depressed,train,48000,2,PCM_16,4.296,35497a0df69f9c3d43b846a8a9b34780
NLP Dataset/Malayalam/Depressed/Train_set/D_F001_33_4.wav,D_F001_33_4.wav,Malayalam,Depressed,train,48000,2,PCM_16,4.464,32003705666f2657361bf8a9d78991e0
NLP Dataset/Malayalam/Depressed/Train_set/D_F001_34_1.wav,D_F001_34_1.wav,Malayalam,Depressed,train,48000,2,PCM_16,6.48,18925f239fda1fe596e5f2be578c08d7
NLP Dataset/Malayalam/Depressed/Train_set/D_F001_34_2.wav,D_F001_34_2.wav,Malayalam,Depressed,train,48000,2,PCM_16,5.184,1dd13714dd85f68cf362cc64942d46ff
NLP Dataset/Malayalam/Depressed/Train_set/D_F001_34_3.wav,D_F001_34_3.wav,Malayalam,Depressed,train,48000,2,PCM_16,5.448,0ff51fe1bea1dc160d78f47d2677864b
NLP Dataset/Malayalam/Depressed/Train_set/D_F001_34_4.wav,D_F001_34_4.wav,Malayalam,Depressed,train,48000,2,PCM_16,5.376,f30b163e03a54147f6bb91ef90e64156
NLP Dataset/Malayalam/Depressed/Train_set/D_F001_35_1.wav,D_F001_35_1.wav,Malayalam,Depressed,train,48000,2,PCM_16,5.064,56d957bc346d973edb1632a0497db252
NLP Dataset/Malayalam/Depressed/Train_set/D_F001_35_2.wav,D_F001_35_2.wav,Malayalam,Depressed,train,48000,2,PCM_16,4.176,fec215255630f2d14e53d1b664a562bf
NLP Dataset/Malayalam/Depressed/Train_set/D_F001_35_3.wav,D_F001_35_3.wav,Malayalam,Depressed,train,48000,2,PCM_16,3.888,63ef94a95295a217edbf78daa4f17467
NLP Dataset/Malayalam/Depressed/Train_set/D_F001_35_4.wav,D_F001_35_4.wav,Malayalam,Depressed,train,48000,2,PCM_16,4.416,a374c44f5051c1048954d7990c19ac29
NLP Dataset/Malayalam/Depressed/Train_set/D_F001_36_1.wav,D_F001_36_1.wav,Malayalam,Depressed,train,48000,2,PCM_16,5.28,75b40f402c34d6dae1ddce9762dd2a96
NLP Dataset/Malayalam/Depressed/Train_set/D_F001_36_2.wav,D_F001_36_2.wav,Malayalam,Depressed,train,48000,2,PCM_16,4.536,c6b762823ae7122c775563570bd05a0c
NLP Dataset/Malayalam/Depressed/Train_set/D_F001_36_3.wav,D_F001_36_3.wav,Malayalam,Depressed,train,48000,2,PCM_16,4.8,96b4c79c75ae830f25fa3fc917fd0426
NLP Dataset/Malayalam/Depressed/Train_set/D_F001_36_4.wav,D_F001_36_4.wav,Malayalam,Depressed,train,48000,2,PCM_16,4.944,48c099d626a0866916f4b70fb975a55a
NLP Dataset/Malayalam/Depressed/Train_set/D_F001_37_1.wav,D_F001_37_1.wav,Malayalam,Depressed,train,48000,2,PCM_16,3.96,9c8aecb19c12a644b59ba617c32e226c
NLP Dataset/Malayalam/Depressed/Train_set/D_F001_37_2.wav,D_F001_37_2.wav,Malayalam,Depressed,train,48000,2,PCM_16,4.056,ef832fc8909291470add8cfcd303cf89
NLP Dataset/Malayalam/Depressed/Train_set/D_F001_37_3.wav,D_F001_37_3.wav,Malayalam,Depressed,train,48000,2,PCM_16,4.2,a4ed028750ff26c7ac7cd3ac93cca3bc
NLP Dataset/Malayalam/Depressed/Train_set/D_F001_37_4.wav,D_F001_37_4.wav,Malayalam,Depressed,train,48000,2,PCM_16,4.152,56d64b3c5e0eaf1b8a3cc22f163dfe5c
NLP Dataset/Malayalam/Depressed/Train_set/D_F001_38_1.wav,D_F001_38_1.wav,Malayalam,Depressed,train,48000,2,PCM_16,5.304,ae007b6c9ed32b7f75cddf855eb73315
NLP Dataset/Malayalam/Depressed/Train_set/D_F001_38_2.wav,D_F001_38_2.wav,Malayalam,Depressed,train,48000,2,PCM_16,4.56,ff71237ef42502a9e98c54cd5e189cdb
NLP Dataset/Malayalam/Depressed/Train_set/D_F001_38_3.wav,D_F001_38_3.wav,Malayalam,Depressed,train,48000,2,PCM_16,4.896,31fd309b97e2bba6022d3c7955fb0482
NLP Dataset/Malayalam/Depressed/Train_set/D_F001_38_4.wav,D_F001_38_4.wav,Malayalam,Depressed,train,48000,2,PCM_16,5.592,0dbdabc0afcf6b69fe5b431c86ff84cb
NLP Dataset/Malayalam/Depressed/Train_set/D_F001_39_1.wav,D_F001_39_1.wav,Malayalam,Depressed,train,48000,2,PCM_16,4.464,178176a63639579bc6a87fac1c865bad
NLP Dataset/Malayalam/Depressed/Train_set/D_F001_39_2.wav,D_F001_39_2.wav,Malayalam,Depressed,train,48000,2,PCM_16,4.032,c8947d7e8964d5e1ea54de84e63017f3
NLP Dataset/Malayalam/Depressed/Train_set/D_F001_39_3.wav,D_F001_39_3.wav,Malayalam,Depressed,train,48000,2,PCM_16,4.728,d9f10ff830fc53c980fa1478b06a2685
NLP Dataset/Malayalam/Depressed/Train_set/D_F001_39_4.wav,D_F001_39_4.wav,Malayalam,Depressed,train,48000,2,PCM_16,4.368,ede4f306608c31c6069f945f3c9af6f9
NLP Dataset/Malayalam/Depressed/Train_set/D_F001_3_1.wav,D_F001_3_1.wav,Malayalam,Depressed,train,48000,2,PCM_16,6.456,8111e450eb008a113c33b97943414cb3
NLP Dataset/Malayalam/Depressed/Train_set/D_F001_3_2.wav,D_F001_3_2.wav,Malayalam,Depressed,train,48000,2,PCM_16,5.976,987c1f0ed4b3bee086750d0eeadcf3c2
NLP Dataset/Malayalam/Depressed/Train_set/D_F001_3_3.wav,D_F001_3_3.wav,Malayalam,Depressed,train,48000,2,PCM_16,5.88,96a3d8bcc31ace2ab4e51b1ff40e8980
NLP Dataset/Malayalam/Depressed/Train_set/D_F001_3_4.wav,D_F001_3_4.wav,Malayalam,Depressed,train,48000,2,PCM_16,7.224,f0bab6bf6d1fa0b2818d66af51dc340d
NLP Dataset/Malayalam/Depressed/Train_set/D_F001_40_1.wav,D_F001_40_1.wav,Malayalam,Depressed,train,48000,2,PCM_16,3.48,81c5d5a45dbf45a0286fffca83cec4f3
NLP Dataset/Malayalam/Depressed/Train_set/D_F001_40_2.wav,D_F001_40_2.wav,Malayalam,Depressed,train,48000,2,PCM_16,3.864,f15c4dca04c0040bbbd3b4ddd84d6caa
NLP Dataset/Malayalam/Depressed/Train_set/D_F001_40_3.wav,D_F001_40_3.wav,Malayalam,Depressed,train,48000,2,PCM_16,3.624,8b1add8f9080bda7e8660839fd025143
NLP Dataset/Malayalam/Depressed/Train_set/D_F001_40_4.wav,D_F001_40_4.wav,Malayalam,Depressed,train,48000,2,PCM_16,3.6,95d500bc313032faa62eb64209bffcf3
NLP Dataset/Malayalam/Depressed/Train_set/D_F001_41_1.wav,D_F001_41_1.wav,Malayalam,Depressed,train,48000,2,PCM_16,4.056,df399b91519e48ab7384f2582c720f09
NLP Dataset/Malayalam/Depressed/Train_set/D_F001_41_2.wav,D_F001_41_2.wav,Malayalam,Depressed,train,48000,2,PCM_16,4.2,60c8daa3728817bb5d0b1eeaaf9b2e28
NLP Dataset/Malayalam/Depressed/Train_set/D_F001_41_3.wav,D_F001_41_3.wav,Malayalam,Depressed,train,48000,2,PCM_16,4.344,0b02860c46f71feac1caaa5712d6c148
NLP Dataset/Malayalam/Depressed/Train_set/D_F001_41_4.wav,D_F001_41_4.wav,Malayalam,Depressed,train,48000,2,PCM_16,3.792,74e25092274095e9b018e8d05cbdb4c7
NLP Dataset/Malayalam/Depressed/Train_set/D_F001_42_1.wav,D_F001_42_1.wav,Malayalam,Depressed,train,48000,2,PCM_16,4.608,543d532e8726f902b0111063e6d54950
NLP Dataset/Malayalam/Depressed/Train_set/D_F001_42_2.wav,D_F001_42_2.wav,Malayalam,Depressed,train,48000,2,PCM_16,4.08,0a98f5af298372d47975c8dd0242ef74
NLP Dataset/Malayalam/Depressed/Train_set/D_F001_42_3.wav,D_F001_42_3.wav,Malayalam,Depressed,train,48000,2,PCM_16,4.656,ae9261ca50ee07b49d92fb0006565e16
NLP Dataset/Malayalam/Depressed/Train_set/D_F001_42_4.wav,D_F001_42_4.wav,Malayalam,Depressed,train,48000,2,PCM_16,3.96,d50b2a1c861fbe1fb4a21e17f158db60
NLP Dataset/Malayalam/Depressed/Train_set/D_F001_43_1.wav,D_F001_43_1.wav,Malayalam,Depressed,train,48000,2,PCM_16,3.576,2d74ee16f074a1998e5df6d60c13325e
NLP Dataset/Malayalam/Depressed/Train_set/D_F001_43_2.wav,D_F001_43_2.wav,Malayalam,Depressed,train,48000,2,PCM_16,4.2,270f62f319e5a141dc5fcf3bfbb08fce
NLP Dataset/Malayalam/Depressed/Train_set/D_F001_43_3.wav,D_F001_43_3.wav,Malayalam,Depressed,train,48000,2,PCM_16,3.936,248be42d970c3a9f5bef7e3a976dcb42
NLP Dataset/Malayalam/Depressed/Train_set/D_F001_43_4.wav,D_F001_43_4.wav,Malayalam,Depressed,train,48000,2,PCM_16,4.008,80169fd56e01ecf5879e414aedb6358a
NLP Dataset/Malayalam/Depressed/Train_set/D_F001_44_1.wav,D_F001_44_1.wav,Malayalam,Depressed,train,48000,2,PCM_16,4.44,cb96a849e82d1c9ef8cea2951bba87e5
NLP Dataset/Malayalam/Depressed/Train_set/D_F001_44_2.wav,D_F001_44_2.wav,Malayalam,Depressed,train,48000,2,PCM_16,3.48,5049086d230f130645623cdecf9fa1d0
NLP Dataset/Malayalam/Depressed/Train_set/D_F001_44_3.wav,D_F001_44_3.wav,Malayalam,Depressed,train,48000,2,PCM_16,3.384,45a05364ecd96ab72693911e1b68c248
NLP Dataset/Malayalam/Depressed/Train_set/D_F001_44_4.wav,D_F001_44_4.wav,Malayalam,Depressed,train,48000,2,PCM_16,3.48,92401d6c89a133e0f3c7e8031ce176d0
NLP Dataset/Malayalam/Depressed/Train_set/D_F001_45_1.wav,D_F001_45_1.wav,Malayalam,Depressed,train,48000,2,PCM_16,4.56,36aaeb3c191941d20c3f2ee12b968cee
NLP Dataset/Malayalam/Depressed/Train_set/D_F001_45_2.wav,D_F001_45_2.wav,Malayalam,Depressed,train,48000,2,PCM_16,3.816,4e9a0d544e8e9cfbcdadba37c6b8269c
NLP Dataset/Malayalam/Depressed/Train_set/D_F001_45_3.wav,D_F001_45_3.wav,Malayalam,Depressed,train,48000,2,PCM_16,4.464,ca434622e69df4dddbf26e96b8f943b3
NLP Dataset/Malayalam/Depressed/Train_set/D_F001_45_4.wav,D_F001_45_4.wav,Malayalam,Depressed,train,48000,2,PCM_16,4.224,21ec69713138a3b6e4c7178bc696a922
NLP Dataset/Malayalam/Depressed/Train_set/D_F001_46_1.wav,D_F001_46_1.wav,Malayalam,Depressed,train,48000,2,PCM_16,4.056,0588a69e7f3f44a94f32016de725b136
NLP Dataset/Malayalam/Depressed/Train_set/D_F001_46_2.wav,D_F001_46_2.wav,Malayalam,Depressed,train,48000,2,PCM_16,3.72,14a51d8015028d2d2b17a131803b8fe0
NLP Dataset/Malayalam/Depressed/Train_set/D_F001_46_3.wav,D_F001_46_3.wav,Malayalam,Depressed,train,48000,2,PCM_16,4.056,592e441e29f07dc051f5232d12a3e7f7
NLP Dataset/Malayalam/Depressed/Train_set/D_F001_46_4.wav,D_F001_46_4.wav,Malayalam,Depressed,train,48000,2,PCM_16,4.992,89a7e34792bff93fb446f1ebec3fde71
NLP Dataset/Malayalam/Depressed/Train_set/D_F001_47_1.wav,D_F001_47_1.wav,Malayalam,Depressed,train,48000,2,PCM_16,4.464,cd39cc452b153121f8cca6e96b3d59a8
NLP Dataset/Malayalam/Depressed/Train_set/D_F001_47_2.wav,D_F001_47_2.wav,Malayalam,Depressed,train,48000,2,PCM_16,3.816,8b20d23183b5632271644b928b8f83aa
NLP Dataset/Malayalam/Depressed/Train_set/D_F001_47_3.wav,D_F001_47_3.wav,Malayalam,Depressed,train,48000,2,PCM_16,3.912,3f335b5a659db5ec2d1e9b09b2e8a281
NLP Dataset/Malayalam/Depressed/Train_set/D_F001_47_4.wav,D_F001_47_4.wav,Malayalam,Depressed,train,48000,2,PCM_16,4.344,31f69ec0f4b60d70225e1aaadad2533d
NLP Dataset/Malayalam/Depressed/Train_set/D_F001_48_1.wav,D_F001_48_1.wav,Malayalam,Depressed,train,48000,2,PCM_16,3.696,b81fd1abedc4fad259c48ec4b59d53a4
NLP Dataset/Malayalam/Depressed/Train_set/D_F001_48_2.wav,D_F001_48_2.wav,Malayalam,Depressed,train,48000,2,PCM_16,4.368,7b791eb6cbfb49320c23027e669a498e
NLP Dataset/Malayalam/Depressed/Train_set/D_F001_48_3.wav,D_F001_48_3.wav,Malayalam,Depressed,train,48000,2,PCM_16,3.816,c3ff0fdcebe5005d26e8c0cab8ee8b3f
NLP Dataset/Malayalam/Depressed/Train_set/D_F001_48_4.wav,D_F001_48_4.wav,Malayalam,Depressed,train,48000,2,PCM_16,3.768,41ae28e9aae936668cc3bf1d4f91017d
NLP Dataset/Malayalam/Depressed/Train_set/D_F001_49_1.wav,D_F001_49_1.wav,Malayalam,Depressed,train,48000,2,PCM_16,3.96,96fd2e5321f66405df50229f5e5e0427
NLP Dataset/Malayalam/Depressed/Train_set/D_F001_49_2.wav,D_F001_49_2.wav,Malayalam,Depressed,train,48000,2,PCM_16,3.864,2f60f912a01ab7bdbcf0c7a6631e0517
NLP Dataset/Malayalam/Depressed/Train_set/D_F001_49_3.wav,D_F001_49_3.wav,Malayalam,Depressed,train,48000,2,PCM_16,3.96,52d76bdc7fb2431754f4ebbb7ce0d50e
NLP Dataset/Malayalam/Depressed/Train_set/D_F001_49_4.wav,D_F001_49_4.wav,Malayalam,Depressed,train,48000,2,PCM_16,4.104,d21b5f5dcb7680ee2be4a77e5f822255
NLP Dataset/Malayalam/Depressed/Train_set/D_F001_4_1.wav,D_F001_4_1.wav,Malayalam,Depressed,train,48000,2,PCM_16,5.76,3ff9b2abd8a50ab8eefb7f7a474512d9
NLP Dataset/Malayalam/Depressed/Train_set/D_F001_4_2.wav,D_F001_4_2.wav,Malayalam,Depressed,train,48000,2,PCM_16,5.016,d6a8c890daf6d105776f1cffc5d99229
NLP Dataset/Malayalam/Depressed/Train_set/D_F001_4_3.wav,D_F001_4_3.wav,Malayalam,Depressed,train,48000,2,PCM_16,6.192,6aa5c8d472f486b346f17cbf3db56b75
NLP Dataset/Malayalam/Depressed/Train_set/D_F001_4_4.wav,D_F001_4_4.wav,Malayalam,Depressed,train,48000,2,PCM_16,6.48,eea3021a06735f03b1e227c81d979412
NLP Dataset/Malayalam/Depressed/Train_set/D_F001_50_1.wav,D_F001_50_1.wav,Malayalam,Depressed,train,48000,2,PCM_16,5.976,1b7630f0333bcf64dda3e9ce558939e8
NLP Dataset/Malayalam/Depressed/Train_set/D_F001_50_2.wav,D_F001_50_2.wav,Malayalam,Depressed,train,48000,2,PCM_16,6.0,6ab5894b666d6ca3bd354d460e44c0a7
NLP Dataset/Malayalam/Depressed/Train_set/D_F001_50_3.wav,D_F001_50_3.wav,Malayalam,Depressed,train,48000,2,PCM_16,6.648,6dc71b47189b1dd24a97470b458940b3
NLP Dataset/Malayalam/Depressed/Train_set/D_F001_50_4.wav,D_F001_50_4.wav,Malayalam,Depressed,train,48000,2,PCM_16,4.776,513799e9756b3c64df11c5842c6303c7
NLP Dataset/Malayalam/Depressed/Train_set/D_F001_51_1.wav,D_F001_51_1.wav,Malayalam,Depressed,train,48000,2,PCM_16,3.864,6b85e786b6460793c442bbc8230b0fdc
NLP Dataset/Malayalam/Depressed/Train_set/D_F001_51_2.wav,D_F001_51_2.wav,Malayalam,Depressed,train,48000,2,PCM_16,3.096,5a882571dfb0246a5a1715e7bc4b1b69
NLP Dataset/Malayalam/Depressed/Train_set/D_F001_51_3.wav,D_F001_51_3.wav,Malayalam,Depressed,train,48000,2,PCM_16,3.48,8ef0a7bdbfbccae2600d26a801133dad
NLP Dataset/Malayalam/Depressed/Train_set/D_F001_51_4.wav,D_F001_51_4.wav,Malayalam,Depressed,train,48000,2,PCM_16,3.696,0b49c49c84b6d3f12a41a7a750ecb976
NLP Dataset/Malayalam/Depressed/Train_set/D_F001_52_1.wav,D_F001_52_1.wav,Malayalam,Depressed,train,48000,2,PCM_16,5.064,c31a4d60784ca3b32c3dbaf0c9d337cf
NLP Dataset/Malayalam/Depressed/Train_set/D_F001_52_2.wav,D_F001_52_2.wav,Malayalam,Depressed,train,48000,2,PCM_16,4.152,960d165c6f6005a09f18bbbe8abadc8b
NLP Dataset/Malayalam/Depressed/Train_set/D_F001_52_3.wav,D_F001_52_3.wav,Malayalam,Depressed,train,48000,2,PCM_16,4.2,eb61d15f8c1c8b461c91fdb927f350ec
NLP Dataset/Malayalam/Depressed/Train_set/D_F001_52_4.wav,D_F001_52_4.wav,Malayalam,Depressed,train,48000,2,PCM_16,4.752,4089b1f10a214fbbeb2a179b0bcc6f0f
NLP Dataset/Malayalam/Depressed/Train_set/D_F001_53_1.wav,D_F001_53_1.wav,Malayalam,Depressed,train,48000,2,PCM_16,6.048,cf7aa843f71a22de572bd49d1c2f3af7
NLP Dataset/Malayalam/Depressed/Train_set/D_F001_53_2.wav,D_F001_53_2.wav,Malayalam,Depressed,train,48000,2,PCM_16,6.288,809603be06b5961af88a619c2628a6c2
NLP Dataset/Malayalam/Depressed/Train_set/D_F001_53_3.wav,D_F001_53_3.wav,Malayalam,Depressed,train,48000,2,PCM_16,6.048,922a92e93b12e032a8207f0669f513c3
NLP Dataset/Malayalam/Depressed/Train_set/D_F001_53_4.wav,D_F001_53_4.wav,Malayalam,Depressed,train,48000,2,PCM_16,5.688,f03fa689afcb300455d45b2a7e35b84e
NLP Dataset/Malayalam/Depressed/Train_set/D_F001_54_1.wav,D_F001_54_1.wav,Malayalam,Depressed,train,48000,2,PCM_16,4.992,ad6688de4c657fa6ce33f2b16ea19ec3
NLP Dataset/Malayalam/Depressed/Train_set/D_F001_54_2.wav,D_F001_54_2.wav,Malayalam,Depressed,train,48000,2,PCM_16,4.776,9148057c1cf59c6c9b39b724e633b65c
NLP Dataset/Malayalam/Depressed/Train_set/D_F001_54_3.wav,D_F001_54_3.wav,Malayalam,Depressed,train,48000,2,PCM_16,5.544,855235338368fa158097f3cfd9ccf361
NLP Dataset/Malayalam/Depressed/Train_set/D_F001_54_4.wav,D_F001_54_4.wav,Malayalam,Depressed,train,48000,2,PCM_16,4.992,4910d6bc96f88fb02cafb61cdadf034e
NLP Dataset/Malayalam/Depressed/Train_set/D_F001_55_1.wav,D_F001_55_1.wav,Malayalam,Depressed,train,48000,2,PCM_16,5.424,2dc59b09f6902655467a01df5b639903
NLP Dataset/Malayalam/Depressed/Train_set/D_F001_55_2.wav,D_F001_55_2.wav,Malayalam,Depressed,train,48000,2,PCM_16,5.832,82fe4bf02dd81828ea2a84049a50a54d
NLP Dataset/Malayalam/Depressed/Train_set/D_F001_55_3.wav,D_F001_55_3.wav,Malayalam,Depressed,train,48000,2,PCM_16,4.848,6a184a873da2416517c613e9b78f4f94
NLP Dataset/Malayalam/Depressed/Train_set/D_F001_55_4.wav,D_F001_55_4.wav,Malayalam,Depressed,train,48000,2,PCM_16,4.656,1893816f506443972e5b2cb80236441e
NLP Dataset/Malayalam/Depressed/Train_set/D_F001_56_1.wav,D_F001_56_1.wav,Malayalam,Depressed,train,48000,2,PCM_16,3.912,de2dac6ac89fd3cc6894c7502c9450a2
NLP Dataset/Malayalam/Depressed/Train_set/D_F001_56_2.wav,D_F001_56_2.wav,Malayalam,Depressed,train,48000,2,PCM_16,3.624,94e97d199b083efd0a541aac9516e685
NLP Dataset/Malayalam/Depressed/Train_set/D_F001_56_3.wav,D_F001_56_3.wav,Malayalam,Depressed,train,48000,2,PCM_16,3.624,6a86cc7c2d017efae7ab0a9969856b86
NLP Dataset/Malayalam/Depressed/Train_set/D_F001_56_4.wav,D_F001_56_4.wav,Malayalam,Depressed,train,48000,2,PCM_16,3.48,2a419468130a26ed68c1f03cb5263a1b
NLP Dataset/Malayalam/Depressed/Train_set/D_F001_57_1.wav,D_F001_57_1.wav,Malayalam,Depressed,train,48000,2,PCM_16,4.776,e7a60d176197d76802094f494923d00c
NLP Dataset/Malayalam/Depressed/Train_set/D_F001_57_2.wav,D_F001_57_2.wav,Malayalam,Depressed,train,48000,2,PCM_16,4.224,eab1998d7958bfb0f78893657484faef
NLP Dataset/Malayalam/Depressed/Train_set/D_F001_57_3.wav,D_F001_57_3.wav,Malayalam,Depressed,train,48000,2,PCM_16,4.392,57c46e72201e86175f79b63f63f4d162
NLP Dataset/Malayalam/Depressed/Train_set/D_F001_57_4.wav,D_F001_57_4.wav,Malayalam,Depressed,train,48000,2,PCM_16,4.152,cdf7f7cd5895c28b429bdc1889d48579
NLP Dataset/Malayalam/Depressed/Train_set/D_F001_58_1.wav,D_F001_58_1.wav,Malayalam,Depressed,train,48000,2,PCM_16,3.576,aea13bc5aa597e502b074c7304ef436c
NLP Dataset/Malayalam/Depressed/Train_set/D_F001_58_2.wav,D_F001_58_2.wav,Malayalam,Depressed,train,48000,2,PCM_16,4.608,f749db14038826e1683cf40ce4ee4023
NLP Dataset/Malayalam/Depressed/Train_set/D_F001_58_3.wav,D_F001_58_3.wav,Malayalam,Depressed,train,48000,2,PCM_16,3.36,535c399bc453b580b3560d2585038671
NLP Dataset/Malayalam/Depressed/Train_set/D_F001_58_4.wav,D_F001_58_4.wav,Malayalam,Depressed,train,48000,2,PCM_16,3.456,14dd6f6a0eedd1524f823f647ceb1bb8
NLP Dataset/Malayalam/Depressed/Train_set/D_F001_59_1.wav,D_F001_59_1.wav,Malayalam,Depressed,train,48000,2,PCM_16,4.392,36a0700e6c9e87faac6a57c51f112565
NLP Dataset/Malayalam/Depressed/Train_set/D_F001_59_2.wav,D_F001_59_2.wav,Malayalam,Depressed,train,48000,2,PCM_16,4.248,b57b8858fce60b02289f4bfba0040f21
NLP Dataset/Malayalam/Depressed/Train_set/D_F001_59_3.wav,D_F001_59_3.wav,Malayalam,Depressed,train,48000,2,PCM_16,4.344,0e92710c56c9fd6efb72ed2656616c6c
NLP Dataset/Malayalam/Depressed/Train_set/D_F001_59_4.wav,D_F001_59_4.wav,Malayalam,Depressed,train,48000,2,PCM_16,3.84,183e3b865c9f195159b64cc43f763ef4
NLP Dataset/Malayalam/Depressed/Train_set/D_F001_5_1.wav,D_F001_5_1.wav,Malayalam,Depressed,train,48000,2,PCM_16,6.984,0bce942fb8c587a72fd5ba1c7ad03710
NLP Dataset/Malayalam/Depressed/Train_set/D_F001_5_2.wav,D_F001_5_2.wav,Malayalam,Depressed,train,48000,2,PCM_16,7.128,21967c6bd676a43b95b0d7ec71d7ae6c
NLP Dataset/Malayalam/Depressed/Train_set/D_F001_5_3.wav,D_F001_5_3.wav,Malayalam,Depressed,train,48000,2,PCM_16,6.936,7207fd54cbc42f35bb5e373daac3d1e7
NLP Dataset/Malayalam/Depressed/Train_set/D_F001_5_4.wav,D_F001_5_4.wav,Malayalam,Depressed,train,48000,2,PCM_16,6.504,5c0737db49b8ab6f8a8845a0a05cc323
NLP Dataset/Malayalam/Depressed/Train_set/D_F001_60_1.wav,D_F001_60_1.wav,Malayalam,Depressed,train,48000,2,PCM_16,6.672,3f63ffdead64a3ec1e427a8072789ee3
NLP Dataset/Malayalam/Depressed/Train_set/D_F001_60_2.wav,D_F001_60_2.wav,Malayalam,Depressed,train,48000,2,PCM_16,4.704,9056cb5edc8f140c18a003c20c4394aa
NLP Dataset/Malayalam/Depressed/Train_set/D_F001_60_3.wav,D_F001_60_3.wav,Malayalam,Depressed,train,48000,2,PCM_16,4.944,3744b3eaa4933493e1bfe33efaa616a7
NLP Dataset/Malayalam/Depressed/Train_set/D_F001_60_4.wav,D_F001_60_4.wav,Malayalam,Depressed,train,48000,2,PCM_16,5.64,0dfa4c302f6a03dfbe1c88316263e9fd
NLP Dataset/Malayalam/Depressed/Train_set/D_F001_61_1.wav,D_F001_61_1.wav,Malayalam,Depressed,train,48000,2,PCM_16,4.056,af3b0d1a011858c3409ef860b4450c4b
NLP Dataset/Malayalam/Depressed/Train_set/D_F001_61_2.wav,D_F001_61_2.wav,Malayalam,Depressed,train,48000,2,PCM_16,3.432,c09212a02e6f5445c38d0f9dff6b83c9
NLP Dataset/Malayalam/Depressed/Train_set/D_F001_61_3.wav,D_F001_61_3.wav,Malayalam,Depressed,train,48000,2,PCM_16,3.576,c955f8a8e786794773be662ecb57a339
NLP Dataset/Malayalam/Depressed/Train_set/D_F001_61_4.wav,D_F001_61_4.wav,Malayalam,Depressed,train,48000,2,PCM_16,4.128,95b7805429042c02fcbb771a6771f98d
NLP Dataset/Malayalam/Depressed/Train_set/D_F001_62_1.wav,D_F001_62_1.wav,Malayalam,Depressed,train,48000,2,PCM_16,4.152,964eebc7510d082d39e4734fa26053b7
NLP Dataset/Malayalam/Depressed/Train_set/D_F001_62_2.wav,D_F001_62_2.wav,Malayalam,Depressed,train,48000,2,PCM_16,4.296,d14cadbb0346d31adaa58ea415bfa553
NLP Dataset/Malayalam/Depressed/Train_set/D_F001_62_3.wav,D_F001_62_3.wav,Malayalam,Depressed,train,48000,2,PCM_16,3.864,f1cf66f82d86bfc625349fdaa7495d9b
NLP Dataset/Malayalam/Depressed/Train_set/D_F001_62_4.wav,D_F001_62_4.wav,Malayalam,Depressed,train,48000,2,PCM_16,3.216,d05670de5b0aa5c36cb3e332f482f303
NLP Dataset/Malayalam/Depressed/Train_set/D_F001_63_1.wav,D_F001_63_1.wav,Malayalam,Depressed,train,48000,2,PCM_16,3.864,1312f3f70654b4d2ad97147fb5dc6db7
NLP Dataset/Malayalam/Depressed/Train_set/D_F001_63_2.wav,D_F001_63_2.wav,Malayalam,Depressed,train,48000,2,PCM_16,3.696,e45ec1c05f28b470fb548e7b0385b8e8
NLP Dataset/Malayalam/Depressed/Train_set/D_F001_63_3.wav,D_F001_63_3.wav,Malayalam,Depressed,train,48000,2,PCM_16,4.056,b51473aa3c0f25d24bf25d38f30c5b4d
NLP Dataset/Malayalam/Depressed/Train_set/D_F001_63_4.wav,D_F001_63_4.wav,Malayalam,Depressed,train,48000,2,PCM_16,3.816,96b224c62767223add34c3fdba070b2d
NLP Dataset/Malayalam/Depressed/Train_set/D_F001_64_1.wav,D_F001_64_1.wav,Malayalam,Depressed,train,48000,2,PCM_16,3.768,4021d2b7295e65c0933053957f85fd06
NLP Dataset/Malayalam/Depressed/Train_set/D_F001_64_2.wav,D_F001_64_2.wav,Malayalam,Depressed,train,48000,2,PCM_16,3.912,1e6d77543c136fc61de01664d2886bc0
NLP Dataset/Malayalam/Depressed/Train_set/D_F001_64_3.wav,D_F001_64_3.wav,Malayalam,Depressed,train,48000,2,PCM_16,4.152,59ae069b0832f090c9265c4d3fcbbba1
NLP Dataset/Malayalam/Depressed/Train_set/D_F001_64_4.wav,D_F001_64_4.wav,Malayalam,Depressed,train,48000,2,PCM_16,4.464,b0d1170fa6395b6a0a406a1edbce955b
NLP Dataset/Malayalam/Depressed/Train_set/D_F001_65_1.wav,D_F001_65_1.wav,Malayalam,Depressed,train,48000,2,PCM_16,4.464,743a89e25c35dfb94c581e8b4943eb42
NLP Dataset/Malayalam/Depressed/Train_set/D_F001_65_2.wav,D_F001_65_2.wav,Malayalam,Depressed,train,48000,2,PCM_16,4.512,2827bad204c2dbf1eaa67ba9b8d68fd1
NLP Dataset/Malayalam/Depressed/Train_set/D_F001_65_3.wav,D_F001_65_3.wav,Malayalam,Depressed,train,48000,2,PCM_16,3.984,58a528922a449770b466b468cb6ba581
NLP Dataset/Malayalam/Depressed/Train_set/D_F001_65_4.wav,D_F001_65_4.wav,Malayalam,Depressed,train,48000,2,PCM_16,4.128,e88c2103e07a5983243bcf930e571b80
NLP Dataset/Malayalam/Depressed/Train_set/D_F001_66_1.wav,D_F001_66_1.wav,Malayalam,Depressed,train,48000,2,PCM_16,4.248,e69eab50d76d7578e82187424042efc3
NLP Dataset/Malayalam/Depressed/Train_set/D_F001_66_2.wav,D_F001_66_2.wav,Malayalam,Depressed,train,48000,2,PCM_16,3.984,6a2b9c216db03e18f0a2c9d7eff4a3ef
NLP Dataset/Malayalam/Depressed/Train_set/D_F001_66_3.wav,D_F001_66_3.wav,Malayalam,Depressed,train,48000,2,PCM_16,3.624,1f78c90cc46793ae98f55088b00d875b
NLP Dataset/Malayalam/Depressed/Train_set/D_F001_66_4.wav,D_F001_66_4.wav,Malayalam,Depressed,train,48000,2,PCM_16,4.032,82c3b64190e8b9e9cae87e503f223536
NLP Dataset/Malayalam/Depressed/Train_set/D_F001_67_1.wav,D_F001_67_1.wav,Malayalam,Depressed,train,48000,2,PCM_16,3.72,c88af57e07672508238fe917bd3efdb3
NLP Dataset/Malayalam/Depressed/Train_set/D_F001_67_2.wav,D_F001_67_2.wav,Malayalam,Depressed,train,48000,2,PCM_16,3.624,63f7ead4fb846229546a0f7cfe5d52ff
NLP Dataset/Malayalam/Depressed/Train_set/D_F001_67_3.wav,D_F001_67_3.wav,Malayalam,Depressed,train,48000,2,PCM_16,4.008,01bbb28c7f7f49abf68890aa41702234
NLP Dataset/Malayalam/Depressed/Train_set/D_F001_67_4.wav,D_F001_67_4.wav,Malayalam,Depressed,train,48000,2,PCM_16,3.96,21b634a1988e8bdaaeb3f58960565d19
NLP Dataset/Malayalam/Depressed/Train_set/D_F001_68_1.wav,D_F001_68_1.wav,Malayalam,Depressed,train,48000,2,PCM_16,5.688,761f06ced6dc6fb7946e76060ebe5bb6
NLP Dataset/Malayalam/Depressed/Train_set/D_F001_68_2.wav,D_F001_68_2.wav,Malayalam,Depressed,train,48000,2,PCM_16,5.448,3c78a7db6549c096e05c3faeb0e111fc
NLP Dataset/Malayalam/Depressed/Train_set/D_F001_68_3.wav,D_F001_68_3.wav,Malayalam,Depressed,train,48000,2,PCM_16,6.384,02e7e18650f113d08a2b4ac522125332
NLP Dataset/Malayalam/Depressed/Train_set/D_F001_68_4.wav,D_F001_68_4.wav,Malayalam,Depressed,train,48000,2,PCM_16,6.48,3505027133e1597b82aca03c2d195774
NLP Dataset/Malayalam/Depressed/Train_set/D_F001_69_1.wav,D_F001_69_1.wav,Malayalam,Depressed,train,48000,2,PCM_16,3.264,e9dc0c424016dc6c69105e57b2ce448f
NLP Dataset/Malayalam/Depressed/Train_set/D_F001_69_2.wav,D_F001_69_2.wav,Malayalam,Depressed,train,48000,2,PCM_16,3.504,3046b998c1763f610466cb5d68a6e1dc
NLP Dataset/Malayalam/Depressed/Train_set/D_F001_69_3.wav,D_F001_69_3.wav,Malayalam,Depressed,train,48000,2,PCM_16,4.32,afb87f698d423339d448818aa0b0c0ad
NLP Dataset/Malayalam/Depressed/Train_set/D_F001_69_4.wav,D_F001_69_4.wav,Malayalam,Depressed,train,48000,2,PCM_16,3.408,8db6c95410e4200f5ca746578fe8af3f
NLP Dataset/Malayalam/Depressed/Train_set/D_F001_6_1.wav,D_F001_6_1.wav,Malayalam,Depressed,train,48000,2,PCM_16,6.24,3f25751d6136c8db478ef2f6ad19736f
NLP Dataset/Malayalam/Depressed/Train_set/D_F001_6_2.wav,D_F001_6_2.wav,Malayalam,Depressed,train,48000,2,PCM_16,5.808,d9b6624ce3eccbd779ff1591a943f36f
NLP Dataset/Malayalam/Depressed/Train_set/D_F001_6_3.wav,D_F001_6_3.wav,Malayalam,Depressed,train,48000,2,PCM_16,5.832,5e0dab81f439e06e8d4f22e89c5070af
NLP Dataset/Malayalam/Depressed/Train_set/D_F001_6_4.wav,D_F001_6_4.wav,Malayalam,Depressed,train,48000,2,PCM_16,6.768,056ba7390162cbd4160bd1a3e401b526
NLP Dataset/Malayalam/Depressed/Train_set/D_F001_70_1.wav,D_F001_70_1.wav,Malayalam,Depressed,train,48000,2,PCM_16,3.528,163bcd950ce461bcacf5f94698b7b8b4
NLP Dataset/Malayalam/Depressed/Train_set/D_F001_70_2.wav,D_F001_70_2.wav,Malayalam,Depressed,train,48000,2,PCM_16,4.056,4f66e5769e2cd35bbdb25ca694c9b6e0
NLP Dataset/Malayalam/Depressed/Train_set/D_F001_70_3.wav,D_F001_70_3.wav,Malayalam,Depressed,train,48000,2,PCM_16,3.768,d9504a01a87c164a2cda7d5ae910f830
NLP Dataset/Malayalam/Depressed/Train_set/D_F001_70_4.wav,D_F001_70_4.wav,Malayalam,Depressed,train,48000,2,PCM_16,3.096,8217cc4cc59f60574bc60a6982107d78
NLP Dataset/Malayalam/Depressed/Train_set/D_F001_71_1.wav,D_F001_71_1.wav,Malayalam,Depressed,train,48000,2,PCM_16,5.832,bfb1fdb7595af12fc5db41e7a0fe1dea
NLP Dataset/Malayalam/Depressed/Train_set/D_F001_71_2.wav,D_F001_71_2.wav,Malayalam,Depressed,train,48000,2,PCM_16,5.784,477a53d4834b1c585417119fc465665a
NLP Dataset/Malayalam/Depressed/Train_set/D_F001_71_3.wav,D_F001_71_3.wav,Malayalam,Depressed,train,48000,2,PCM_16,5.592,0a1134d2db3cc92dfbc2e84accd39943
NLP Dataset/Malayalam/Depressed/Train_set/D_F001_71_4.wav,D_F001_71_4.wav,Malayalam,Depressed,train,48000,2,PCM_16,5.304,f63cc4fec10c89249f0f8d1318e58819
NLP Dataset/Malayalam/Depressed/Train_set/D_F001_7_1.wav,D_F001_7_1.wav,Malayalam,Depressed,train,48000,2,PCM_16,5.832,270f6feffb1b02f3f0c4df18ada47c34
NLP Dataset/Malayalam/Depressed/Train_set/D_F001_7_2.wav,D_F001_7_2.wav,Malayalam,Depressed,train,48000,2,PCM_16,5.904,c89d16bc41b69c7a329be998055702fc
NLP Dataset/Malayalam/Depressed/Train_set/D_F001_7_3.wav,D_F001_7_3.wav,Malayalam,Depressed,train,48000,2,PCM_16,7.008,c1f2a98fb8d757a48e4f16162bdaec18
NLP Dataset/Malayalam/Depressed/Train_set/D_F001_7_4.wav,D_F001_7_4.wav,Malayalam,Depressed,train,48000,2,PCM_16,6.672,7a5e9243b1fac19cffbbcebe2880195f
NLP Dataset/Malayalam/Depressed/Train_set/D_F001_8_1.wav,D_F001_8_1.wav,Malayalam,Depressed,train,48000,2,PCM_16,6.72,39be8275505fbe3d403daf6e9df0469d
NLP Dataset/Malayalam/Depressed/Train_set/D_F001_8_2.wav,D_F001_8_2.wav,Malayalam,Depressed,train,48000,2,PCM_16,6.984,d54f21f448798d1565e0f06cdfa949f2
NLP Dataset/Malayalam/Depressed/Train_set/D_F001_8_3.wav,D_F001_8_3.wav,Malayalam,Depressed,train,48000,2,PCM_16,6.048,c191f2e8274ecc462de75628d4f37b5e
NLP Dataset/Malayalam/Depressed/Train_set/D_F001_8_4.wav,D_F001_8_4.wav,Malayalam,Depressed,train,48000,2,PCM_16,6.048,3503c74c591527e3dff713a45d42738b
NLP Dataset/Malayalam/Depressed/Train_set/D_F001_9_1.wav,D_F001_9_1.wav,Malayalam,Depressed,train,48000,2,PCM_16,4.728,f8cfd16a7f149e320a2af8e888aa2a68
NLP Dataset/Malayalam/Depressed/Train_set/D_F001_9_2.wav,D_F001_9_2.wav,Malayalam,Depressed,train,48000,2,PCM_16,4.464,a6664fc0c5f2e4e924374e794e4b6c9e
NLP Dataset/Malayalam/Depressed/Train_set/D_F001_9_3.wav,D_F001_9_3.wav,Malayalam,Depressed,train,48000,2,PCM_16,5.304,1ecdcfef245c5e2549b2f831f4c54616
NLP Dataset/Malayalam/Depressed/Train_set/D_F001_9_4.wav,D_F001_9_4.wav,Malayalam,Depressed,train,48000,2,PCM_16,5.472,afbe19f197832399ce6eeb38b63de534
NLP Dataset/Malayalam/Depressed/Train_set/D_S001.wav,D_S001.wav,Malayalam,Depressed,train,16000,1,PCM_16,5.301875,2aa87447a5d5d8d57bcf42d9452b6c2a
NLP Dataset/Malayalam/Depressed/Train_set/D_S0010.wav,D_S0010.wav,Malayalam,Depressed,train,16000,1,PCM_16,9.080875,7f6c56adc12ed4202d6084eaf6b2f344
NLP Dataset/Malayalam/Depressed/Train_set/D_S0010_a.wav,D_S0010_a.wav,Malayalam,Depressed,train,16000,1,PCM_16,6.4193125,ca39c2ddaf1f122ade10f9739256b498
NLP Dataset/Malayalam/Depressed/Train_set/D_S0010_b.wav,D_S0010_b.wav,Malayalam,Depressed,train,16000,1,PCM_16,7.5,4463e8eaaac8428b4ff0dfdebc6a4719
NLP Dataset/Malayalam/Depressed/Train_set/D_S0010_c.wav,D_S0010_c.wav,Malayalam,Depressed,train,16000,1,PCM_16,6.3786875,3ca285da7d34ad275030f5dd879257fa
NLP Dataset/Malayalam/Depressed/Train_set/D_S0011.wav,D_S0011.wav,Malayalam,Depressed,train,16000,1,PCM_16,6.6225,92494acd9b4c8440d74dfef77ebaef2d
NLP Dataset/Malayalam/Depressed/Train_set/D_S0011_a.wav,D_S0011_a.wav,Malayalam,Depressed,train,16000,1,PCM_16,8.166625,2c2eec7c3586f8ddca4ff1507ab660b6
NLP Dataset/Malayalam/Depressed/Train_set/D_S0011_b.wav,D_S0011_b.wav,Malayalam,Depressed,train,16000,1,PCM_16,9.527875,32b066ffe5930df9554a06f0e29513d3
NLP Dataset/Malayalam/Depressed/Train_set/D_S0011_c.wav,D_S0011_c.wav,Malayalam,Depressed,train,16000,1,PCM_16,10.09675,6a6cf2f8a0a4b93f8c725d1d63e30fd3
NLP Dataset/Malayalam/Depressed/Train_set/D_S0012.wav,D_S0012.wav,Malayalam,Depressed,train,16000,1,PCM_16,7.272625,88fa03e54642f0c81fc4615e096b2206
NLP Dataset/Malayalam/Depressed/Train_set/D_S0012_a.wav,D_S0012_a.wav,Malayalam,Depressed,train,16000,1,PCM_16,7.9228125,79312b1fb3d3fbfc3bf14cbe8bfa85c1
NLP Dataset/Malayalam/Depressed/Train_set/D_S0012_b.wav,D_S0012_b.wav,Malayalam,Depressed,train,16000,1,PCM_16,7.496125,72ff4644c826b2b979bbfa25f35c083d
NLP Dataset/Malayalam/Depressed/Train_set/D_S0012_c.wav,D_S0012_c.wav,Malayalam,Depressed,train,16000,1,PCM_16,6.9069375,e74de1b9bfb8911c519fc6c942179986
NLP Dataset/Malayalam/Depressed/Train_set/D_S0013.wav,D_S0013.wav,Malayalam,Depressed,train,16000,1,PCM_16,6.6225,c3a280ce667fb3e2b91b1c281e8721ea
NLP Dataset/Malayalam/Depressed/Train_set/D_S0013_a.wav,D_S0013_a.wav,Malayalam,Depressed,train,16000,1,PCM_16,5.6269375,96942c488fb9d5b1a7206cf47b0acd75
NLP Dataset/Malayalam/Depressed/Train_set/D_S0013_b.wav,D_S0013_b.wav,Malayalam,Depressed,train,16000,1,PCM_16,5.0580625,30bb7591da72cd674453a6ebd82af72b
NLP Dataset/Malayalam/Depressed/Train_set/D_S0013_c.wav,D_S0013_c.wav,Malayalam,Depressed,train,16000,1,PCM_16,6.1958125,c7066c853904d4f7899ad73f3bd16cff
NLP Dataset/Malayalam/Depressed/Train_set/D_S0014.wav,D_S0014.wav,Malayalam,Depressed,train,16000,1,PCM_16,5.159625,00e6fb1d8326fdf409599e2aabb51505
NLP Dataset/Malayalam/Depressed/Train_set/D_S0014_a.wav,D_S0014_a.wav,Malayalam,Depressed,train,16000,1,PCM_16,5.240875,a28212cc1f8b9c73dfd66b6acf1dc044
NLP Dataset/Malayalam/Depressed/Train_set/D_S0014_b.wav,D_S0014_b.wav,Malayalam,Depressed,train,16000,1,PCM_16,6.1551875,bd75833cbc6215a61672ba843e9ec8ae
NLP Dataset/Malayalam/Depressed/Train_set/D_S0014_c.wav,D_S0014_c.wav,Malayalam,Depressed,train,16000,1,PCM_16,5.625,b0f742cb295abc23c90c932e438b2e0b
NLP Dataset/Malayalam/Depressed/Train_set/D_S0015.wav,D_S0015.wav,Malayalam,Depressed,train,16000,1,PCM_16,6.25,345de4a3e395d11f7ca7c81347baa413
NLP Dataset/Malayalam/Depressed/Train_set/D_S0015_a.wav,D_S0015_a.wav,Malayalam,Depressed,train,16000,1,PCM_16,6.0739375,4d365f365e2c99d7664b19b0a6b8fb5b
NLP Dataset/Malayalam/Depressed/Train_set/D_S0015_b.wav,D_S0015_b.wav,Malayalam,Depressed,train,16000,1,PCM_16,6.3786875,edd1f5a9b2fd9cf9621435fbe7a5b697
NLP Dataset/Malayalam/Depressed/Train_set/D_S0015_c.wav,D_S0015_c.wav,Malayalam,Depressed,train,16000,1,PCM_16,6.4599375,909b32bb0a51ca7abcd053a8b31974d9
NLP Dataset/Malayalam/Depressed/Train_set/D_S0016.wav,D_S0016.wav,Malayalam,Depressed,train,16000,1,PCM_16,9.3246875,039c0144d2387fa4aff186d111885e45
NLP Dataset/Malayalam/Depressed/Train_set/D_S0016_a.wav,D_S0016_a.wav,Malayalam,Depressed,train,16000,1,PCM_16,9.375,73050bc82850075be19c086cabeb0a55
NLP Dataset/Malayalam/Depressed/Train_set/D_S0016_b.wav,D_S0016_b.wav,Malayalam,Depressed,train,16000,1,PCM_16,9.974875,3279376f6f11c6492c7939285d28ebe9
NLP Dataset/Malayalam/Depressed/Train_set/D_S0016_c.wav,D_S0016_c.wav,Malayalam,Depressed,train,16000,1,PCM_16,10.360875,0d5e9512334ea6679de29f03249addb9
NLP Dataset/Malayalam/Depressed/Train_set/D_S0017.wav,D_S0017.wav,Malayalam,Depressed,train,16000,1,PCM_16,6.134875,830a199fcb2161909a3e77225711312c
NLP Dataset/Malayalam/Depressed/Train_set/D_S0017_a.wav,D_S0017_a.wav,Malayalam,Depressed,train,16000,1,PCM_16,5.0,151eed7fd6ab9a8e054cb1bb95b42d96
NLP Dataset/Malayalam/Depressed/Train_set/D_S0017_b.wav,D_S0017_b.wav,Malayalam,Depressed,train,16000,1,PCM_16,6.48025,e4a96271d35d87302c65e9f03da6865a
NLP Dataset/Malayalam/Depressed/Train_set/D_S0017_c.wav,D_S0017_c.wav,Malayalam,Depressed,train,16000,1,PCM_16,6.4193125,72810d7a75a976322590bcecb5518b68
NLP Dataset/Malayalam/Depressed/Train_set/D_S0018.wav,D_S0018.wav,Malayalam,Depressed,train,16000,1,PCM_16,6.70375,f859b2f4def8116d819301a891a42754
NLP Dataset/Malayalam/Depressed/Train_set/D_S0018_a.wav,D_S0018_a.wav,Malayalam,Depressed,train,16000,1,PCM_16,8.065,31fdea224fd876c1768aa72fbac9f26c
NLP Dataset/Malayalam/Depressed/Train_set/D_S0018_b.wav,D_S0018_b.wav,Malayalam,Depressed,train,16000,1,PCM_16,8.7964375,b37125d4cc6a89f3e73b9e71aff1faa8
NLP Dataset/Malayalam/Depressed/Train_set/D_S0018_c.wav,D_S0018_c.wav,Malayalam,Depressed,train,16000,1,PCM_16,7.4555,a2e464d29dd1681681af6e0d7e31fbb7
NLP Dataset/Malayalam/Depressed/Train_set/D_S0019.wav,D_S0019.wav,Malayalam,Depressed,train,16000,1,PCM_16,6.875,ff0189b7935377527a33140dcc64cb18
NLP Dataset/Malayalam/Depressed/Train_set/D_S0019_a.wav,D_S0019_a.wav,Malayalam,Depressed,train,16000,1,PCM_16,6.846,ebce6e8a271a797b0e319f6457a5b8ee
NLP Dataset/Malayalam/Depressed/Train_set/D_S0019_b.wav,D_S0019_b.wav,Malayalam,Depressed,train,16000,1,PCM_16,6.1551875,7d8bde5ecc2e0a40bdca2cb613ac150b
NLP Dataset/Malayalam/Depressed/Train_set/D_S0019_c.wav,D_S0019_c.wav,Malayalam,Depressed,train,16000,1,PCM_16,7.8821875,8e949f61c13383cb237ee082b13318f6
NLP Dataset/Malayalam/Depressed/Train_set/D_S001_a.wav,D_S001_a.wav,Malayalam,Depressed,train,16000,1,PCM_16,5.64725,855b1d28dbb317611f0377984f1a0981
NLP Dataset/Malayalam/Depressed/Train_set/D_S001_b.wav,D_S001_b.wav,Malayalam,Depressed,train,16000,1,PCM_16,5.64725,795fbe66c52759260b4b4c860e045c60
NLP Dataset/Malayalam/Depressed/Train_set/D_S001_c.wav,D_S001_c.wav,Malayalam,Depressed,train,16000,1,PCM_16,5.1393125,11283ef4b1b665207537a3daf0e02f9a
NLP Dataset/Malayalam/Depressed/Train_set/D_S002.wav,D_S002.wav,Malayalam,Depressed,train,16000,1,PCM_16,5.7285,bb11886cf85db06bea97b7539c017d8f
NLP Dataset/Malayalam/Depressed/Train_set/D_S0020.wav,D_S0020.wav,Malayalam,Depressed,train,16000,1,PCM_16,6.1145625,27f277429647623ac3df766e9eca15e3
NLP Dataset/Malayalam/Depressed/Train_set/D_S0020_a.wav,D_S0020_a.wav,Malayalam,Depressed,train,16000,1,PCM_16,5.64725,eded8c7dd36267c32e65fbd596b4eec7
NLP Dataset/Malayalam/Depressed/Train_set/D_S0020_b.wav,D_S0020_b.wav,Malayalam,Depressed,train,16000,1,PCM_16,5.9723125,80d38fbb76e7a61e1acc8894e510eaba
NLP Dataset/Malayalam/Depressed/Train_set/D_S0020_c.wav,D_S0020_c.wav,Malayalam,Depressed,train,16000,1,PCM_16,6.134875,66e5a2e9128847d72b1d3236128e6806
NLP Dataset/Malayalam/Depressed/Train_set/D_S0021.wav,D_S0021.wav,Malayalam,Depressed,train,16000,1,PCM_16,7.049125,fe64d59c9c44e6acd626ecd8a3791596
NLP Dataset/Malayalam/Depressed/Train_set/D_S0021_a.wav,D_S0021_a.wav,Malayalam,Depressed,train,16000,1,PCM_16,6.520875,cf1fbc74b770312f746bc66fb1de11d8
NLP Dataset/Malayalam/Depressed/Train_set/D_S0021_b.wav,D_S0021_b.wav,Malayalam,Depressed,train,16000,1,PCM_16,7.861875,e390cd67c3ead1074eec1609fd3088f6
NLP Dataset/Malayalam/Depressed/Train_set/D_S0021_c.wav,D_S0021_c.wav,Malayalam,Depressed,train,16000,1,PCM_16,6.25,99886790461df85094606d38a2f9833e
NLP Dataset/Malayalam/Depressed/Train_set/D_S0022.wav,D_S0022.wav,Malayalam,Depressed,train,16000,1,PCM_16,5.952,7c2f00f7cc9877105a45c41cce37e07e
NLP Dataset/Malayalam/Depressed/Train_set/D_S0022_a.wav,D_S0022_a.wav,Malayalam,Depressed,train,16000,1,PCM_16,5.830125,c78f24e8825ccb02ec7aa0d359fd51a7
NLP Dataset/Malayalam/Depressed/Train_set/D_S0022_b.wav,D_S0022_b.wav,Malayalam,Depressed,train,16000,1,PCM_16,5.625,80fac402123888dc95feead56fcc7286
NLP Dataset/Malayalam/Depressed/Train_set/D_S0022_c.wav,D_S0022_c.wav,Malayalam,Depressed,train,16000,1,PCM_16,6.6225,106288c2eb45a79b5654a0773fb10bef
NLP Dataset/Malayalam/Depressed/Train_set/D_S0023.wav,D_S0023.wav,Malayalam,Depressed,train,16000,1,PCM_16,6.9475625,cc5fb2d4ccf2f7a1b07aa37a6f931794
NLP Dataset/Malayalam/Depressed/Train_set/D_S0023_a.wav,D_S0023_a.wav,Malayalam,Depressed,train,16000,1,PCM_16,6.439625,4494ab9b4e257f8b6f91bd61bbfc8c22
NLP Dataset/Malayalam/Depressed/Train_set/D_S0023_b.wav,D_S0023_b.wav,Malayalam,Depressed,train,16000,1,PCM_16,7.1304375,aee802f9f573abd276de6d23675ac2c0
NLP Dataset/Malayalam/Depressed/Train_set/D_S0023_c.wav,D_S0023_c.wav,Malayalam,Depressed,train,16000,1,PCM_16,8.7151875,c4f4eebe25124622222132258115f318
NLP Dataset/Malayalam/Depressed/Train_set/D_S0024.wav,D_S0024.wav,Malayalam,Depressed,train,16000,1,PCM_16,7.98375,a166a0f8ac32c461a8ec56b30de2257c
NLP Dataset/Malayalam/Depressed/Train_set/D_S0024_a.wav,D_S0024_a.wav,Malayalam,Depressed,train,16000,1,PCM_16,6.216125,f55bc47328cb94833419e5fe2f883723
NLP Dataset/Malayalam/Depressed/Train_set/D_S0024_b.wav,D_S0024_b.wav,Malayalam,Depressed,train,16000,1,PCM_16,8.43075,e11cbb88f27ce713d6d1800b1cf2170a
NLP Dataset/Malayalam/Depressed/Train_set/D_S0024_c.wav,D_S0024_c.wav,Malayalam,Depressed,train,16000,1,PCM_16,6.297375,16e31636d00bcf8e63cfac82329a3d79
NLP Dataset/Malayalam/Depressed/Train_set/D_S0025.wav,D_S0025.wav,Malayalam,Depressed,train,16000,1,PCM_16,8.105625,97dc70da74a5321eaf94a93713977b1f
NLP Dataset/Malayalam/Depressed/Train_set/D_S0025_a.wav,D_S0025_a.wav,Malayalam,Depressed,train,16000,1,PCM_16,8.20725,0d6cd5647b453823bf8db3e830d6be49
NLP Dataset/Malayalam/Depressed/Train_set/D_S0025_b.wav,D_S0025_b.wav,Malayalam,Depressed,train,16000,1,PCM_16,7.414875,d7d435b591308b3a6798b0f2f0e19757
NLP Dataset/Malayalam/Depressed/Train_set/D_S0025_c.wav,D_S0025_c.wav,Malayalam,Depressed,train,16000,1,PCM_16,8.0040625,75a83c15c4d709d15546417af5d64d57
NLP Dataset/Malayalam/Depressed/Train_set/D_S0026.wav,D_S0026.wav,Malayalam,Depressed,train,16000,1,PCM_16,6.520875,a21935c0e70f9c18bd96b332aea00084
NLP Dataset/Malayalam/Depressed/Train_set/D_S0026_a.wav,D_S0026_a.wav,Malayalam,Depressed,train,16000,1,PCM_16,6.70375,9e42868086af006230bef3cd0a520380
NLP Dataset/Malayalam/Depressed/Train_set/D_S0026_b.wav,D_S0026_b.wav,Malayalam,Depressed,train,16000,1,PCM_16,5.625,613b9819703f55d3dfae743ce0040af3
NLP Dataset/Malayalam/Depressed/Train_set/D_S0026_c.wav,D_S0026_c.wav,Malayalam,Depressed,train,16000,1,PCM_16,5.545625,0ef97b0c98dd852fc7aef29dedc75c80
NLP Dataset/Malayalam/Depressed/Train_set/D_S0027.wav,D_S0027.wav,Malayalam,Depressed,train,16000,1,PCM_16,6.0739375,459f1246e13b942e0527c43079e2a281
NLP Dataset/Malayalam/Depressed/Train_set/D_S0027_a.wav,D_S0027_a.wav,Malayalam,Depressed,train,16000,1,PCM_16,7.1304375,d75bf51f9a96d7e2dafa818adcf63f39
NLP Dataset/Malayalam/Depressed/Train_set/D_S0027_b.wav,D_S0027_b.wav,Malayalam,Depressed,train,16000,1,PCM_16,6.216125,bc54cb240be674cd987dd68258beb37a
NLP Dataset/Malayalam/Depressed/Train_set/D_S0027_c.wav,D_S0027_c.wav,Malayalam,Depressed,train,16000,1,PCM_16,6.358375,1cb43fe0e10b2f239ab12db781c140da
NLP Dataset/Malayalam/Depressed/Train_set/D_S0028.wav,D_S0028.wav,Malayalam,Depressed,train,16000,1,PCM_16,5.505,6e5944ab56435a5eab968c71c16d3971
NLP Dataset/Malayalam/Depressed/Train_set/D_S0028_a.wav,D_S0028_a.wav,Malayalam,Depressed,train,16000,1,PCM_16,5.625,ca85e1bfbc542c963ca1a95255adc225
NLP Dataset/Malayalam/Depressed/Train_set/D_S0028_b.wav,D_S0028_b.wav,Malayalam,Depressed,train,16000,1,PCM_16,6.4193125,cf5926da3f163fe3c30885337f879487
NLP Dataset/Malayalam/Depressed/Train_set/D_S0028_c.wav,D_S0028_c.wav,Malayalam,Depressed,train,16000,1,PCM_16,5.8098125,c9f01fc23fc2704f1705ab95dcbfbd0e
NLP Dataset/Malayalam/Depressed/Train_set/D_S0029.wav,D_S0029.wav,Malayalam,Depressed,train,16000,1,PCM_16,5.42375,e8cfbe37e15fc046769d4e18b5424b9c
NLP Dataset/Malayalam/Depressed/Train_set/D_S0029_a.wav,D_S0029_a.wav,Malayalam,Depressed,train,16000,1,PCM_16,5.4440625,6b30d9f0a4efbcc7fa4bab5590855588
NLP Dataset/Malayalam/Depressed/Train_set/D_S0029_b.wav,D_S0029_b.wav,Malayalam,Depressed,train,16000,1,PCM_16,5.6269375,8ab65e6c926cf0b44ad79f660456eb7b
NLP Dataset/Malayalam/Depressed/Train_set/D_S0029_c.wav,D_S0029_c.wav,Malayalam,Depressed,train,16000,1,PCM_16,5.505,182e2569e4ebe5edb75622fa238b83d8
NLP Dataset/Malayalam/Depressed/Train_set/D_S002_a.wav,D_S002_a.wav,Malayalam,Depressed,train,16000,1,PCM_16,6.03325,54272f70ccae795ad1b7c2eb6ae3210e
NLP Dataset/Malayalam/Depressed/Train_set/D_S002_b.wav,D_S002_b.wav,Malayalam,Depressed,train,16000,1,PCM_16,4.8955,7a63c72a4848e513152b58aae2266eac
NLP Dataset/Malayalam/Depressed/Train_set/D_S002_c.wav,D_S002_c.wav,Malayalam,Depressed,train,16000,1,PCM_16,5.383125,1deb9f540a39bdad0f26775f693d1d3d
NLP Dataset/Malayalam/Depressed/Train_set/D_S003.wav,D_S003.wav,Malayalam,Depressed,train,16000,1,PCM_16,5.4440625,520db0c6faf463daffc5d8478bf69b18
NLP Dataset/Malayalam/Depressed/Train_set/D_S0030.wav,D_S0030.wav,Malayalam,Depressed,train,16000,1,PCM_16,6.6428125,fac7fff4cf029f7f6462f98e32fd7352
NLP Dataset/Malayalam/Depressed/Train_set/D_S0030_a.wav,D_S0030_a.wav,Malayalam,Depressed,train,16000,1,PCM_16,5.992625,fd64f083c0aad932889c411a54278ec8
NLP Dataset/Malayalam/Depressed/Train_set/D_S0030_b.wav,D_S0030_b.wav,Malayalam,Depressed,train,16000,1,PCM_16,6.5411875,d2ae44eec9f41ede1cfe152b616ca721
NLP Dataset/Malayalam/Depressed/Train_set/D_S0030_c.wav,D_S0030_c.wav,Malayalam,Depressed,train,16000,1,PCM_16,6.6021875,4aa8f4d26d6f43d801c93e3b069109e8
NLP Dataset/Malayalam/Depressed/Train_set/D_S0031.wav,D_S0031.wav,Malayalam,Depressed,train,16000,1,PCM_16,7.53675,88acde08f80ed43dd1ec1c3db3f738b2
NLP Dataset/Malayalam/Depressed/Train_set/D_S0031_a.wav,D_S0031_a.wav,Malayalam,Depressed,train,16000,1,PCM_16,7.0898125,852e1ed843444f286f4247c4aacd1a86
NLP Dataset/Malayalam/Depressed/Train_set/D_S0031_b.wav,D_S0031_b.wav,Malayalam,Depressed,train,16000,1,PCM_16,8.7355,7b883bb80743767478d4f083b9c4f314
NLP Dataset/Malayalam/Depressed/Train_set/D_S0031_c.wav,D_S0031_c.wav,Malayalam,Depressed,train,16000,1,PCM_16,9.375,b79bf31822ab20a2aff417ed3dd661a6
NLP Dataset/Malayalam/Depressed/Train_set/D_S0032.wav,D_S0032.wav,Malayalam,Depressed,train,16000,1,PCM_16,6.216125,e02310439786df61e458223e420c2353
NLP Dataset/Malayalam/Depressed/Train_set/D_S0032_a.wav,D_S0032_a.wav,Malayalam,Depressed,train,16000,1,PCM_16,6.3176875,1f5e1d9dffa7266b6ef445c1c7e23e82
NLP Dataset/Malayalam/Depressed/Train_set/D_S0032_b.wav,D_S0032_b.wav,Malayalam,Depressed,train,16000,1,PCM_16,7.110125,33db1f995447c6214e78a5e5c3d5ad05
NLP Dataset/Malayalam/Depressed/Train_set/D_S0032_c.wav,D_S0032_c.wav,Malayalam,Depressed,train,16000,1,PCM_16,6.5411875,3b82cdb312e702f582bb9e490f161950
NLP Dataset/Malayalam/Depressed/Train_set/D_S0033.wav,D_S0033.wav,Malayalam,Depressed,train,16000,1,PCM_16,5.6675625,e1784e195d07c39dcb8b3a39b395a947
NLP Dataset/Malayalam/Depressed/Train_set/D_S0033_a.wav,D_S0033_a.wav,Malayalam,Depressed,train,16000,1,PCM_16,5.6675625,4cb0db79fffc718cf1eca6f4c24d6867
NLP Dataset/Malayalam/Depressed/Train_set/D_S0033_b.wav,D_S0033_b.wav,Malayalam,Depressed,train,16000,1,PCM_16,5.87075,1aad0deb7239c5dc52ca5bc00a2db302
NLP Dataset/Malayalam/Depressed/Train_set/D_S0033_c.wav,D_S0033_c.wav,Malayalam,Depressed,train,16000,1,PCM_16,6.134875,a5a34df12bb71cfa0c14512aea1e5dc7
NLP Dataset/Malayalam/Depressed/Train_set/D_S0034.wav,D_S0034.wav,Malayalam,Depressed,train,16000,1,PCM_16,7.5,204af63790fac564d4c9a0badedb6928
NLP Dataset/Malayalam/Depressed/Train_set/D_S0034_a.wav,D_S0034_a.wav,Malayalam,Depressed,train,16000,1,PCM_16,7.8211875,b134bbe4282e5ae2db513141d49b4797
NLP Dataset/Malayalam/Depressed/Train_set/D_S0034_b.wav,D_S0034_b.wav,Malayalam,Depressed,train,16000,1,PCM_16,7.8415,8ce8be2993772f8cfcdd17d0deabf230
NLP Dataset/Malayalam/Depressed/Train_set/D_S0034_c.wav,D_S0034_c.wav,Malayalam,Depressed,train,16000,1,PCM_16,7.861875,4f055c05cfb2156162f0bfd629486f88
NLP Dataset/Malayalam/Depressed/Train_set/D_S0035.wav,D_S0035.wav,Malayalam,Depressed,train,16000,1,PCM_16,6.6225,3576c9878929074b9b076c203a468411
NLP Dataset/Malayalam/Depressed/Train_set/D_S0035_a.wav,D_S0035_a.wav,Malayalam,Depressed,train,16000,1,PCM_16,6.134875,ed81186c0cf0dd825cdc2f00ecc4e668
NLP Dataset/Malayalam/Depressed/Train_set/D_S0035_b.wav,D_S0035_b.wav,Malayalam,Depressed,train,16000,1,PCM_16,7.0898125,c1543eadc06e7196b3818a40208d0e19
NLP Dataset/Malayalam/Depressed/Train_set/D_S0035_c.wav,D_S0035_c.wav,Malayalam,Depressed,train,16000,1,PCM_16,5.6675625,1086a81c852cf0c072e47748738c8211
NLP Dataset/Malayalam/Depressed/Train_set/D_S0036.wav,D_S0036.wav,Malayalam,Depressed,train,16000,1,PCM_16,7.6180625,7764c05875b11f1e99cc9a632c8ecaaa
NLP Dataset/Malayalam/Depressed/Train_set/D_S0036_a.wav,D_S0036_a.wav,Malayalam,Depressed,train,16000,1,PCM_16,6.5411875,75d74609a537569ccc681d2ed3a5ba40
NLP Dataset/Malayalam/Depressed/Train_set/D_S0036_b.wav,D_S0036_b.wav,Malayalam,Depressed,train,16000,1,PCM_16,6.886625,90d72067f91fbf92730f2faee84a19d8
NLP Dataset/Malayalam/Depressed/Train_set/D_S0036_c.wav,D_S0036_c.wav,Malayalam,Depressed,train,16000,1,PCM_16,7.2523125,896c9120c43c8833472a111cbe524292
NLP Dataset/Malayalam/Depressed/Train_set/D_S0037.wav,D_S0037.wav,Malayalam,Depressed,train,16000,1,PCM_16,6.6428125,f33fa2b327fd743e92ecfda84cc49cc8
NLP Dataset/Malayalam/Depressed/Train_set/D_S0037_a.wav,D_S0037_a.wav,Malayalam,Depressed,train,16000,1,PCM_16,7.4351875,8175cca1f1c6b57b2f01b69bed07b62f
NLP Dataset/Malayalam/Depressed/Train_set/D_S0037_b.wav,D_S0037_b.wav,Malayalam,Depressed,train,16000,1,PCM_16,8.7558125,7531fb8812e44053f009e566fafac666
NLP Dataset/Malayalam/Depressed/Train_set/D_S0037_c.wav,D_S0037_c.wav,Malayalam,Depressed,train,16000,1,PCM_16,8.390125,e32decad37db7492ea17908962657ba7
NLP Dataset/Malayalam/Depressed/Train_set/D_S0038.wav,D_S0038.wav,Malayalam,Depressed,train,16000,1,PCM_16,5.625,6511abd2e318a9a1bc572c58fb004cb2
NLP Dataset/Malayalam/Depressed/Train_set/D_S0038_a.wav,D_S0038_a.wav,Malayalam,Depressed,train,16000,1,PCM_16,5.830125,aa3374e0952351274125eaf036470481
NLP Dataset/Malayalam/Depressed/Train_set/D_S0038_b.wav,D_S0038_b.wav,Malayalam,Depressed,train,16000,1,PCM_16,5.9316875,93405eeecbd7ac6fb9f3ee50dbe8c9f7
NLP Dataset/Malayalam/Depressed/Train_set/D_S0038_c.wav,D_S0038_c.wav,Malayalam,Depressed,train,16000,1,PCM_16,6.439625,cf9ca00f2118f0cbf977663b8f702792
NLP Dataset/Malayalam/Depressed/Train_set/D_S0039.wav,D_S0039.wav,Malayalam,Depressed,train,16000,1,PCM_16,6.6834375,7eaa995bb9fc6548db744f61f58aaa32
NLP Dataset/Malayalam/Depressed/Train_set/D_S0039_a.wav,D_S0039_a.wav,Malayalam,Depressed,train,16000,1,PCM_16,5.830125,c80df2be35a471cd8df65a3b3e39021b
NLP Dataset/Malayalam/Depressed/Train_set/D_S0039_b.wav,D_S0039_b.wav,Malayalam,Depressed,train,16000,1,PCM_16,5.625,99b17c4e9e0b176a7b62c0abd89c78f2
NLP Dataset/Malayalam/Depressed/Train_set/D_S0039_c.wav,D_S0039_c.wav,Malayalam,Depressed,train,16000,1,PCM_16,5.7488125,60fbdde0edca790906294fd27ff8e666
NLP Dataset/Malayalam/Depressed/Train_set/D_S003_a.wav,D_S003_a.wav,Malayalam,Depressed,train,16000,1,PCM_16,5.769125,feffc5eeac97ff234d8430feeff934db
NLP Dataset/Malayalam/Depressed/Train_set/D_S003_b.wav,D_S003_b.wav,Malayalam,Depressed,train,16000,1,PCM_16,6.134875,e61cd26551b79853ed4e97eb88c818f0
NLP Dataset/Malayalam/Depressed/Train_set/D_S003_c.wav,D_S003_c.wav,Malayalam,Depressed,train,16000,1,PCM_16,5.3425,faef7d92a7e0bedbd4fcab8a8c58ae05
NLP Dataset/Malayalam/Depressed/Train_set/D_S004.wav,D_S004.wav,Malayalam,Depressed,train,16000,1,PCM_16,5.5863125,ed178055398a020bc37183f716420768
NLP Dataset/Malayalam/Depressed/Train_set/D_S0040.wav,D_S0040.wav,Malayalam,Depressed,train,16000,1,PCM_16,5.7894375,cb43657b21edf0f9513eaad76d245b93
NLP Dataset/Malayalam/Depressed/Train_set/D_S0040_a.wav,D_S0040_a.wav,Malayalam,Depressed,train,16000,1,PCM_16,5.6269375,ac7c4470e7098c71f955c02c89a3af94
NLP Dataset/Malayalam/Depressed/Train_set/D_S0040_b.wav,D_S0040_b.wav,Malayalam,Depressed,train,16000,1,PCM_16,5.625,f9daa54e324dbb8bb5c67e7abefbbf2a
NLP Dataset/Malayalam/Depressed/Train_set/D_S0040_c.wav,D_S0040_c.wav,Malayalam,Depressed,train,16000,1,PCM_16,5.911375,9188ab104a77215545fce43dda08abcb
NLP Dataset/Malayalam/Depressed/Train_set/D_S0041.wav,D_S0041.wav,Malayalam,Depressed,train,16000,1,PCM_16,6.6834375,e4bcec6a4d1919ddac615cef8d7a55f1
NLP Dataset/Malayalam/Depressed/Train_set/D_S0041_a.wav,D_S0041_a.wav,Malayalam,Depressed,train,16000,1,PCM_16,7.1304375,5a5c6a2f725e442a8078bd264bb525ed
NLP Dataset/Malayalam/Depressed/Train_set/D_S0041_b.wav,D_S0041_b.wav,Malayalam,Depressed,train,16000,1,PCM_16,7.2523125,3c6ab58dfff3441af5c7d3b03e237647
NLP Dataset/Malayalam/Depressed/Train_set/D_S0041_c.wav,D_S0041_c.wav,Malayalam,Depressed,train,16000,1,PCM_16,5.992625,8129bbc67dcb0df5357ca1c53aace7f5
NLP Dataset/Malayalam/Depressed/Train_set/D_S0042.wav,D_S0042.wav,Malayalam,Depressed,train,16000,1,PCM_16,6.1958125,0a5ce0a2587f02f5796f6f0f7b67798f
NLP Dataset/Malayalam/Depressed/Train_set/D_S0042_a.wav,D_S0042_a.wav,Malayalam,Depressed,train,16000,1,PCM_16,5.0,f5daf8ddd9cda8c0faa6107f50e67fc8
NLP Dataset/Malayalam/Depressed/Train_set/D_S0042_b.wav,D_S0042_b.wav,Malayalam,Depressed,train,16000,1,PCM_16,5.42375,abeed296e1ce6e407156410661f45501
NLP Dataset/Malayalam/Depressed/Train_set/D_S0042_c.wav,D_S0042_c.wav,Malayalam,Depressed,train,16000,1,PCM_16,5.769125,63e8ff141d0302d1d9f08698dbeceb5f
NLP Dataset/Malayalam/Depressed/Train_set/D_S0043.wav,D_S0043.wav,Malayalam,Depressed,train,16000,1,PCM_16,5.7894375,ea9444344895d1418b312d4188963451
NLP Dataset/Malayalam/Depressed/Train_set/D_S0043_a.wav,D_S0043_a.wav,Malayalam,Depressed,train,16000,1,PCM_16,5.545625,b1e893c03e5c8693c32571685745ebc1
NLP Dataset/Malayalam/Depressed/Train_set/D_S0043_b.wav,D_S0043_b.wav,Malayalam,Depressed,train,16000,1,PCM_16,5.0,760e8aac5f74c15463a2ca30e6afd1fb
NLP Dataset/Malayalam/Depressed/Train_set/D_S0043_c.wav,D_S0043_c.wav,Malayalam,Depressed,train,16000,1,PCM_16,5.0,105988e538a098101e918825a6aa5a2a
NLP Dataset/Malayalam/Depressed/Train_set/D_S0044.wav,D_S0044.wav,Malayalam,Depressed,train,16000,1,PCM_16,5.1393125,3873df95893115b28acc4ca5dd4c1999
NLP Dataset/Malayalam/Depressed/Train_set/D_S0044_a.wav,D_S0044_a.wav,Malayalam,Depressed,train,16000,1,PCM_16,5.0,b10791c414e5a0345593eed879eb8d2c
NLP Dataset/Malayalam/Depressed/Train_set/D_S0044_b.wav,D_S0044_b.wav,Malayalam,Depressed,train,16000,1,PCM_16,5.383125,492794f95e7a20e85e2dbae5aa0c049e
NLP Dataset/Malayalam/Depressed/Train_set/D_S0044_c.wav,D_S0044_c.wav,Malayalam,Depressed,train,16000,1,PCM_16,5.505,35add471d4e59dbff637968f43e4cb5d
NLP Dataset/Malayalam/Depressed/Train_set/D_S0045.wav,D_S0045.wav,Malayalam,Depressed,train,16000,1,PCM_16,6.134875,07544f8a67f57c9019d4acf066439e93
NLP Dataset/Malayalam/Depressed/Train_set/D_S0045_a.wav,D_S0045_a.wav,Malayalam,Depressed,train,16000,1,PCM_16,5.6269375,0ab0f53df81f0c56fff60e10e128841e
NLP Dataset/Malayalam/Depressed/Train_set/D_S0045_b.wav,D_S0045_b.wav,Malayalam,Depressed,train,16000,1,PCM_16,5.566,27368ccf6016cea0d1f58b4f96e5cece
NLP Dataset/Malayalam/Depressed/Train_set/D_S0045_c.wav,D_S0045_c.wav,Malayalam,Depressed,train,16000,1,PCM_16,5.6269375,43681131e2217e1de2debbd012687027
NLP Dataset/Malayalam/Depressed/Train_set/D_S0046.wav,D_S0046.wav,Malayalam,Depressed,train,16000,1,PCM_16,5.625,b4f5baf1945e3456045c842a0791876f
NLP Dataset/Malayalam/Depressed/Train_set/D_S0046_a.wav,D_S0046_a.wav,Malayalam,Depressed,train,16000,1,PCM_16,5.625,95eeedfda0bbdb8244ab803f0b39c795
NLP Dataset/Malayalam/Depressed/Train_set/D_S0046_b.wav,D_S0046_b.wav,Malayalam,Depressed,train,16000,1,PCM_16,8.3494375,483bc5ef8fb3470f19850bc182b2b0fd
NLP Dataset/Malayalam/Depressed/Train_set/D_S0046_c.wav,D_S0046_c.wav,Malayalam,Depressed,train,16000,1,PCM_16,6.70375,4e40ff636c4d9bd6fe366d3b09ed8562
NLP Dataset/Malayalam/Depressed/Train_set/D_S0047.wav,D_S0047.wav,Malayalam,Depressed,train,16000,1,PCM_16,6.03325,7dd53951b317bd7afe7ff5d2090bdfd3
NLP Dataset/Malayalam/Depressed/Train_set/D_S0047_a.wav,D_S0047_a.wav,Malayalam,Depressed,train,16000,1,PCM_16,6.1145625,1cb053cefec8c612d8180c474333a1be
NLP Dataset/Malayalam/Depressed/Train_set/D_S0047_b.wav,D_S0047_b.wav,Malayalam,Depressed,train,16000,1,PCM_16,5.87075,723b936f839513331deb1c35861b33cd
NLP Dataset/Malayalam/Depressed/Train_set/D_S0047_c.wav,D_S0047_c.wav,Malayalam,Depressed,train,16000,1,PCM_16,6.7240625,a6a4a3060687657ff174bf1318c15486
NLP Dataset/Malayalam/Depressed/Train_set/D_S0048.wav,D_S0048.wav,Malayalam,Depressed,train,16000,1,PCM_16,7.0898125,09606956be9fba1e36fbd10aa0977183
NLP Dataset/Malayalam/Depressed/Train_set/D_S0048_a.wav,D_S0048_a.wav,Malayalam,Depressed,train,16000,1,PCM_16,6.1145625,0ed9e1102223be2d772ca2d053451a14
NLP Dataset/Malayalam/Depressed/Train_set/D_S0048_b.wav,D_S0048_b.wav,Malayalam,Depressed,train,16000,1,PCM_16,6.25,340dbd71af70311dee216ca889888b8d
NLP Dataset/Malayalam/Depressed/Train_set/D_S0048_c.wav,D_S0048_c.wav,Malayalam,Depressed,train,16000,1,PCM_16,6.2364375,9ab95b7dcf49dc3fd2ac6e6cd965b8d3
NLP Dataset/Malayalam/Depressed/Train_set/D_S0049.wav,D_S0049.wav,Malayalam,Depressed,train,16000,1,PCM_16,5.1799375,c631b681ddc285ac2192fa235c75313d
NLP Dataset/Malayalam/Depressed/Train_set/D_S0049_a.wav,D_S0049_a.wav,Malayalam,Depressed,train,16000,1,PCM_16,5.911375,b562a3aa791bd21ebf24e797b1f841da
NLP Dataset/Malayalam/Depressed/Train_set/D_S0049_b.wav,D_S0049_b.wav,Malayalam,Depressed,train,16000,1,PCM_16,5.0,a966d778ffdfc4d76523f71bddc15430
NLP Dataset/Malayalam/Depressed/Train_set/D_S0049_c.wav,D_S0049_c.wav,Malayalam,Depressed,train,16000,1,PCM_16,5.545625,5b806b161f5372b273b89c93778a4ca4
NLP Dataset/Malayalam/Depressed/Train_set/D_S004_a.wav,D_S004_a.wav,Malayalam,Depressed,train,16000,1,PCM_16,5.6675625,95e607c613357dd82566cbbf3cfa2be5
NLP Dataset/Malayalam/Depressed/Train_set/D_S004_b.wav,D_S004_b.wav,Malayalam,Depressed,train,16000,1,PCM_16,5.7488125,f4cb57c49d68d009d08f6da7fe8ffd3d
NLP Dataset/Malayalam/Depressed/Train_set/D_S004_c.wav,D_S004_c.wav,Malayalam,Depressed,train,16000,1,PCM_16,6.399,02f834f004d575afcbb0faeab3bed50c
NLP Dataset/Malayalam/Depressed/Train_set/D_S005.wav,D_S005.wav,Malayalam,Depressed,train,16000,1,PCM_16,5.1799375,ab0b68eef18b09c3f3247c5b94949ff7
NLP Dataset/Malayalam/Depressed/Train_set/D_S0050.wav,D_S0050.wav,Malayalam,Depressed,train,16000,1,PCM_16,5.2205625,c2478619dca1a619b02b49d5d13573f6
NLP Dataset/Malayalam/Depressed/Train_set/D_S0050_a.wav,D_S0050_a.wav,Malayalam,Depressed,train,16000,1,PCM_16,5.5863125,9e57f0bac1258d0c0aa8ede5a59cd6b8
NLP Dataset/Malayalam/Depressed/Train_set/D_S0050_b.wav,D_S0050_b.wav,Malayalam,Depressed,train,16000,1,PCM_16,5.625,2e31cef7e09d7d5754981b62ab4b7b16
NLP Dataset/Malayalam/Depressed/Train_set/D_S0050_c.wav,D_S0050_c.wav,Malayalam,Depressed,train,16000,1,PCM_16,5.992625,fc52fabaa52994bf7890c3c512d85cef
NLP Dataset/Malayalam/Depressed/Train_set/D_S0051.wav,D_S0051.wav,Malayalam,Depressed,train,16000,1,PCM_16,5.5863125,11077605b13cb9ed9568f1907fc47009
NLP Dataset/Malayalam/Depressed/Train_set/D_S0051_a.wav,D_S0051_a.wav,Malayalam,Depressed,train,16000,1,PCM_16,5.505,439a4b0b0d242ce8b6ca634f06dec452
NLP Dataset/Malayalam/Depressed/Train_set/D_S0051_b.wav,D_S0051_b.wav,Malayalam,Depressed,train,16000,1,PCM_16,5.464375,4d47e9608036af0cdf70fc09ecc51250
NLP Dataset/Malayalam/Depressed/Train_set/D_S0051_c.wav,D_S0051_c.wav,Malayalam,Depressed,train,16000,1,PCM_16,5.5863125,e07ef5708f0bab7b72fc771b45bcb51d
NLP Dataset/Malayalam/Depressed/Train_set/D_S0052.wav,D_S0052.wav,Malayalam,Depressed,train,16000,1,PCM_16,5.64725,6c15d657d60af807e1e25f0dc7b50daa
NLP Dataset/Malayalam/Depressed/Train_set/D_S0052_a.wav,D_S0052_a.wav,Malayalam,Depressed,train,16000,1,PCM_16,5.87075,4c49f52bbaadc6375405757979e78c7f
NLP Dataset/Malayalam/Depressed/Train_set/D_S0052_b.wav,D_S0052_b.wav,Malayalam,Depressed,train,16000,1,PCM_16,5.5863125,c6b7ec3d5fba16d7a9be7c28939ed966
NLP Dataset/Malayalam/Depressed/Train_set/D_S0052_c.wav,D_S0052_c.wav,Malayalam,Depressed,train,16000,1,PCM_16,5.0,30dd8377e43422ba6837bd9762d1c704
NLP Dataset/Malayalam/Depressed/Train_set/D_S0053.wav,D_S0053.wav,Malayalam,Depressed,train,16000,1,PCM_16,4.9970625,e88236df63b2e42a80d0ceade0a44141
NLP Dataset/Malayalam/Depressed/Train_set/D_S0053_a.wav,D_S0053_a.wav,Malayalam,Depressed,train,16000,1,PCM_16,5.017375,163c69ff7791663bb93d52e4f6a608bb
NLP Dataset/Malayalam/Depressed/Train_set/D_S0053_b.wav,D_S0053_b.wav,Malayalam,Depressed,train,16000,1,PCM_16,5.625,9cf13b3988c183e0f1c4127cb0bbb3d5
NLP Dataset/Malayalam/Depressed/Train_set/D_S0053_c.wav,D_S0053_c.wav,Malayalam,Depressed,train,16000,1,PCM_16,5.383125,273023fcbaa8a7a12ad41d88667c06c4
NLP Dataset/Malayalam/Depressed/Train_set/D_S0054.wav,D_S0054.wav,Malayalam,Depressed,train,16000,1,PCM_16,4.9970625,b1920998ee358ff13a263656e2a6f7a6
NLP Dataset/Malayalam/Depressed/Train_set/D_S0054_a.wav,D_S0054_a.wav,Malayalam,Depressed,train,16000,1,PCM_16,5.0,6927286f187df043590d9ac5510e56d3
NLP Dataset/Malayalam/Depressed/Train_set/D_S0054_b.wav,D_S0054_b.wav,Malayalam,Depressed,train,16000,1,PCM_16,4.9970625,6ff393d254a6fd0bc3f0b5120cb12f6b
NLP Dataset/Malayalam/Depressed/Train_set/D_S0054_c.wav,D_S0054_c.wav,Malayalam,Depressed,train,16000,1,PCM_16,5.4846875,8247c3ddb5444c196cf9d4fc224867d2
NLP Dataset/Malayalam/Depressed/Train_set/D_S0055.wav,D_S0055.wav,Malayalam,Depressed,train,16000,1,PCM_16,6.48025,b77d5b8972a846af9b9319f0b4bc9eef
NLP Dataset/Malayalam/Depressed/Train_set/D_S0055_a.wav,D_S0055_a.wav,Malayalam,Depressed,train,16000,1,PCM_16,6.785,b396aa8db479f30211556622444bc5c9
NLP Dataset/Malayalam/Depressed/Train_set/D_S0055_b.wav,D_S0055_b.wav,Malayalam,Depressed,train,16000,1,PCM_16,6.7240625,c1f910f4156f5b2c7f6cd464523c3a25
NLP Dataset/Malayalam/Depressed/Train_set/D_S0055_c.wav,D_S0055_c.wav,Malayalam,Depressed,train,16000,1,PCM_16,6.886625,fcefe66d430140e33b78c49113974611
NLP Dataset/Malayalam/Depressed/Train_set/D_S0056.wav,D_S0056.wav,Malayalam,Depressed,train,16000,1,PCM_16,5.464375,d39a92ff66d5fa93f34aeec1f80aa99e
NLP Dataset/Malayalam/Depressed/Train_set/D_S0056_a.wav,D_S0056_a.wav,Malayalam,Depressed,train,16000,1,PCM_16,5.7081875,1899ecc3854e24c31ea5667c23e7f975
NLP Dataset/Malayalam/Depressed/Train_set/D_S0056_b.wav,D_S0056_b.wav,Malayalam,Depressed,train,16000,1,PCM_16,5.42375,82345ff269c230f0b2bbc1e200ac4b3b
NLP Dataset/Malayalam/Depressed/Train_set/D_S0056_c.wav,D_S0056_c.wav,Malayalam,Depressed,train,16000,1,PCM_16,5.383125,e9a8f1a8e65b424479ea9bfd67605edf
NLP Dataset/Malayalam/Depressed/Train_set/D_S0057.wav,D_S0057.wav,Malayalam,Depressed,train,16000,1,PCM_16,6.0535625,bdbfc7dda731f7ba9e9e36dbdd999636
NLP Dataset/Malayalam/Depressed/Train_set/D_S0057_a.wav,D_S0057_a.wav,Malayalam,Depressed,train,16000,1,PCM_16,5.4440625,29de952c535fae2f7cf978b66a713f2d
NLP Dataset/Malayalam/Depressed/Train_set/D_S0057_b.wav,D_S0057_b.wav,Malayalam,Depressed,train,16000,1,PCM_16,5.9723125,f93751c64262495ddc8d7ae2e520ee9e
NLP Dataset/Malayalam/Depressed/Train_set/D_S0057_c.wav,D_S0057_c.wav,Malayalam,Depressed,train,16000,1,PCM_16,5.8098125,b3e23a3c0a8e727ad08aad5666b071b4
NLP Dataset/Malayalam/Depressed/Train_set/D_S0058.wav,D_S0058.wav,Malayalam,Depressed,train,16000,1,PCM_16,6.0535625,990e2c528cab29fe164cc09ced2ae7a3
NLP Dataset/Malayalam/Depressed/Train_set/D_S0058_a.wav,D_S0058_a.wav,Malayalam,Depressed,train,16000,1,PCM_16,5.625,8cc6cf49e96e83fe642463b290af61f3
NLP Dataset/Malayalam/Depressed/Train_set/D_S0058_b.wav,D_S0058_b.wav,Malayalam,Depressed,train,16000,1,PCM_16,5.505,40a7524c4f012ae28336d6fe3861b1a0
NLP Dataset/Malayalam/Depressed/Train_set/D_S0058_c.wav,D_S0058_c.wav,Malayalam,Depressed,train,16000,1,PCM_16,5.606625,f4af154bfd4f0b45d934d5bfbaf3ab23
NLP Dataset/Malayalam/Depressed/Train_set/D_S0059.wav,D_S0059.wav,Malayalam,Depressed,train,16000,1,PCM_16,5.952,323887b24caa5824143668192254d062
NLP Dataset/Malayalam/Depressed/Train_set/D_S0059_a.wav,D_S0059_a.wav,Malayalam,Depressed,train,16000,1,PCM_16,5.545625,519155aa61feed5273528d52448ba58b
NLP Dataset/Malayalam/Depressed/Train_set/D_S0059_b.wav,D_S0059_b.wav,Malayalam,Depressed,train,16000,1,PCM_16,5.2205625,efbda12069c438992195c41ee0bbb8c6
NLP Dataset/Malayalam/Depressed/Train_set/D_S0059_c.wav,D_S0059_c.wav,Malayalam,Depressed,train,16000,1,PCM_16,5.7894375,9915b7e79f71ae1e7b43d20291a2579b
NLP Dataset/Malayalam/Depressed/Train_set/D_S005_a.wav,D_S005_a.wav,Malayalam,Depressed,train,16000,1,PCM_16,6.358375,2bc181077509b722e84a9eb19f386c35
NLP Dataset/Malayalam/Depressed/Train_set/D_S005_b.wav,D_S005_b.wav,Malayalam,Depressed,train,16000,1,PCM_16,6.48025,9b3f2010dae88a6a2e9a94bf9569c43a
NLP Dataset/Malayalam/Depressed/Train_set/D_S005_c.wav,D_S005_c.wav,Malayalam,Depressed,train,16000,1,PCM_16,6.09425,2160e65bf73721223408085922dc7821
NLP Dataset/Malayalam/Depressed/Train_set/D_S006.wav,D_S006.wav,Malayalam,Depressed,train,16000,1,PCM_16,6.70375,2462e92ad1a45a561790c6792b9e57f7
NLP Dataset/Malayalam/Depressed/Train_set/D_S0060.wav,D_S0060.wav,Malayalam,Depressed,train,16000,1,PCM_16,5.505,3b27e5b914bd8650ce61b8864df43c3a
NLP Dataset/Malayalam/Depressed/Train_set/D_S0060_a.wav,D_S0060_a.wav,Malayalam,Depressed,train,16000,1,PCM_16,5.4440625,df838e85f9a6299fd7a17d820b379b3a
NLP Dataset/Malayalam/Depressed/Train_set/D_S0060_b.wav,D_S0060_b.wav,Malayalam,Depressed,train,16000,1,PCM_16,5.769125,ff7ba1bcc573598168bb12994fee83d3
NLP Dataset/Malayalam/Depressed/Train_set/D_S0060_c.wav,D_S0060_c.wav,Malayalam,Depressed,train,16000,1,PCM_16,5.2205625,6d8d55708c7497e01729a81fe2168740
NLP Dataset/Malayalam/Depressed/Train_set/D_S0061.wav,D_S0061.wav,Malayalam,Depressed,train,16000,1,PCM_16,5.952,6463323a1a380a05e8f2dcc642132370
NLP Dataset/Malayalam/Depressed/Train_set/D_S0061_a.wav,D_S0061_a.wav,Malayalam,Depressed,train,16000,1,PCM_16,6.1958125,b00dccf18bf84fbc5ce3690820a1aecd
NLP Dataset/Malayalam/Depressed/Train_set/D_S0061_b.wav,D_S0061_b.wav,Malayalam,Depressed,train,16000,1,PCM_16,5.1799375,2eaf1668e670f157a52164bc7d388a84
NLP Dataset/Malayalam/Depressed/Train_set/D_S0061_c.wav,D_S0061_c.wav,Malayalam,Depressed,train,16000,1,PCM_16,5.464375,6af9e44ea4998eedf9d581f2a25e5c10
NLP Dataset/Malayalam/Depressed/Train_set/D_S0062.wav,D_S0062.wav,Malayalam,Depressed,train,16000,1,PCM_16,6.5411875,583e7c7d86161535a6d826ae885ee9fd
NLP Dataset/Malayalam/Depressed/Train_set/D_S0062_a.wav,D_S0062_a.wav,Malayalam,Depressed,train,16000,1,PCM_16,7.37425,6d2d54994dd00f3a12f6df22be018315
NLP Dataset/Malayalam/Depressed/Train_set/D_S0062_b.wav,D_S0062_b.wav,Malayalam,Depressed,train,16000,1,PCM_16,6.09425,c3dce2724e795c64763449b8bb15fe64
NLP Dataset/Malayalam/Depressed/Train_set/D_S0062_c.wav,D_S0062_c.wav,Malayalam,Depressed,train,16000,1,PCM_16,5.9316875,e33dfbc6d4d53a080881d95f9f3be662
NLP Dataset/Malayalam/Depressed/Train_set/D_S0063.wav,D_S0063.wav,Malayalam,Depressed,train,16000,1,PCM_16,6.3176875,ebb4e2da90772ac9ba6729c9a7c88ffb
NLP Dataset/Malayalam/Depressed/Train_set/D_S0063_a.wav,D_S0063_a.wav,Malayalam,Depressed,train,16000,1,PCM_16,6.3176875,19546253f9a84e68a79474c96e9d49f7
NLP Dataset/Malayalam/Depressed/Train_set/D_S0063_b.wav,D_S0063_b.wav,Malayalam,Depressed,train,16000,1,PCM_16,5.566,fbc71f150a5266e0135b88683fd56654
NLP Dataset/Malayalam/Depressed/Train_set/D_S0063_c.wav,D_S0063_c.wav,Malayalam,Depressed,train,16000,1,PCM_16,6.216125,a21f7fc1858877e8b6c6860f8b550d9b
NLP Dataset/Malayalam/Depressed/Train_set/D_S0064.wav,D_S0064.wav,Malayalam,Depressed,train,16000,1,PCM_16,5.87075,572019b3ea720b2f03469745f44a67ed
NLP Dataset/Malayalam/Depressed/Train_set/D_S0064_a.wav,D_S0064_a.wav,Malayalam,Depressed,train,16000,1,PCM_16,5.7894375,7e770c1d3213693765a97cdfcb0f2c06
NLP Dataset/Malayalam/Depressed/Train_set/D_S0064_b.wav,D_S0064_b.wav,Malayalam,Depressed,train,16000,1,PCM_16,5.5863125,5cf89980726140150fdc65582bcd856e
NLP Dataset/Malayalam/Depressed/Train_set/D_S0064_c.wav,D_S0064_c.wav,Malayalam,Depressed,train,16000,1,PCM_16,5.6675625,7140f43aec319782ab6e03363181c18d
NLP Dataset/Malayalam/Depressed/Train_set/D_S006_a.wav,D_S006_a.wav,Malayalam,Depressed,train,16000,1,PCM_16,6.8663125,c2aef0b2d2303e328d35bf35ffb0a23d
NLP Dataset/Malayalam/Depressed/Train_set/D_S006_b.wav,D_S006_b.wav,Malayalam,Depressed,train,16000,1,PCM_16,8.0446875,071c8116cb86101b83fe5eb4ed3b3733
NLP Dataset/Malayalam/Depressed/Train_set/D_S006_c.wav,D_S006_c.wav,Malayalam,Depressed,train,16000,1,PCM_16,8.125,b14fd97293f496eca5feb9544636bb96
NLP Dataset/Malayalam/Depressed/Train_set/D_S007.wav,D_S007.wav,Malayalam,Depressed,train,16000,1,PCM_16,6.886625,116bcb77ae424178ff4bb6b4e8bd7d10
NLP Dataset/Malayalam/Depressed/Train_set/D_S007_a.wav,D_S007_a.wav,Malayalam,Depressed,train,16000,1,PCM_16,5.7285,0c79f70d3d22c78767dac9fe6ea8a59b
NLP Dataset/Malayalam/Depressed/Train_set/D_S007_b.wav,D_S007_b.wav,Malayalam,Depressed,train,16000,1,PCM_16,5.2205625,8389448a541e59ae674c49c324ac8398
NLP Dataset/Malayalam/Depressed/Train_set/D_S007_c.wav,D_S007_c.wav,Malayalam,Depressed,train,16000,1,PCM_16,6.1145625,59a81ea2c6013eed882d74de188ab8e1
NLP Dataset/Malayalam/Depressed/Train_set/D_S008.wav,D_S008.wav,Malayalam,Depressed,train,16000,1,PCM_16,6.03325,e67abb15561224c7cf39255c545afe98
NLP Dataset/Malayalam/Depressed/Train_set/D_S008_a.wav,D_S008_a.wav,Malayalam,Depressed,train,16000,1,PCM_16,6.25,d96aa0b18f89946acdba749bff895c03
NLP Dataset/Malayalam/Depressed/Train_set/D_S008_b.wav,D_S008_b.wav,Malayalam,Depressed,train,16000,1,PCM_16,6.7646875,e741f5830bca1a2c852add7e4e8becb9
NLP Dataset/Malayalam/Depressed/Train_set/D_S008_c.wav,D_S008_c.wav,Malayalam,Depressed,train,16000,1,PCM_16,7.1304375,2a364dd5ad4357a5e50e65c185b6acc7
NLP Dataset/Malayalam/Depressed/Train_set/D_S009.wav,D_S009.wav,Malayalam,Depressed,train,16000,1,PCM_16,5.545625,72cee10264dcd2b86380d825301204f1
NLP Dataset/Malayalam/Depressed/Train_set/D_S009_a.wav,D_S009_a.wav,Malayalam,Depressed,train,16000,1,PCM_16,5.5863125,7ee921ae93b4213e6122ee0a68b3a87f
NLP Dataset/Malayalam/Depressed/Train_set/D_S009_b.wav,D_S009_b.wav,Malayalam,Depressed,train,16000,1,PCM_16,5.625,9dc33bf263fec8aaaf2c86b85ad3c0c0
NLP Dataset/Malayalam/Depressed/Train_set/D_S009_c.wav,D_S009_c.wav,Malayalam,Depressed,train,16000,1,PCM_16,6.4599375,d0288660a6d7f1c8eb953f06cbd0d6fa
NLP Dataset/Malayalam/Non_depressed/Train_set/ND1_0001.wav,ND1_0001.wav,Malayalam,Non-depressed,train,48000,2,PCM_16,4.2166875,91d6e0473381306a1df2f225e93253d5
NLP Dataset/Malayalam/Non_depressed/Train_set/ND1_0002.wav,ND1_0002.wav,Malayalam,Non-depressed,train,48000,2,PCM_16,4.007333333333333,6ae1c27e6ea017d7f30287168ec027f8
NLP Dataset/Malayalam/Non_depressed/Train_set/ND1_0003.wav,ND1_0003.wav,Malayalam,Non-depressed,train,48000,2,PCM_16,2.8709375,f41b0f0de2a4a274cd59f75e83d30170
NLP Dataset/Malayalam/Non_depressed/Train_set/ND1_0004.wav,ND1_0004.wav,Malayalam,Non-depressed,train,48000,2,PCM_16,5.771770833333333,6d332f763c232a5eeef9f15a3d98f768
NLP Dataset/Malayalam/Non_depressed/Train_set/ND1_0005.wav,ND1_0005.wav,Malayalam,Non-depressed,train,48000,2,PCM_16,5.921291666666667,2fb16ea5ea211620f306b87d12accd03
NLP Dataset/Malayalam/Non_depressed/Train_set/ND1_0006.wav,ND1_0006.wav,Malayalam,Non-depressed,train,48000,2,PCM_16,4.7250625,aa50f537d7b8dfc4cd3a7e3c3dcc7a92
NLP Dataset/Malayalam/Non_depressed/Train_set/ND1_0007.wav,ND1_0007.wav,Malayalam,Non-depressed,train,48000,2,PCM_16,3.55875,1da40a47f8b03f372c850886291395e8
NLP Dataset/Malayalam/Non_depressed/Train_set/ND1_0008.wav,ND1_0008.wav,Malayalam,Non-depressed,train,48000,2,PCM_16,6.399770833333333,aa212e910163c65e3b5ad731cec32c9d
NLP Dataset/Malayalam/Non_depressed/Train_set/ND1_0009.wav,ND1_0009.wav,Malayalam,Non-depressed,train,48000,2,PCM_16,3.678375,3dd8b94a564fb61547a2c621dcd1e8bb
NLP Dataset/Malayalam/Non_depressed/Train_set/ND1_0010.wav,ND1_0010.wav,Malayalam,Non-depressed,train,48000,2,PCM_16,2.8410208333333333,b804dce6ffcae29419d76f1c8b304c7f
NLP Dataset/Malayalam/Non_depressed/Train_set/ND1_0011.wav,ND1_0011.wav,Malayalam,Non-depressed,train,48000,2,PCM_16,6.280166666666666,164fd9c54ebddec86ff4b1020638f77d
NLP Dataset/Malayalam/Non_depressed/Train_set/ND1_0012.wav,ND1_0012.wav,Malayalam,Non-depressed,train,48000,2,PCM_16,7.117520833333334,4b5b86a15c82692a3f0c8b691c16debd
NLP Dataset/Malayalam/Non_depressed/Train_set/ND1_0013.wav,ND1_0013.wav,Malayalam,Non-depressed,train,48000,2,PCM_16,2.45225,013b63727c7c5583810c42412d107e30
NLP Dataset/Malayalam/Non_depressed/Train_set/ND1_0014.wav,ND1_0014.wav,Malayalam,Non-depressed,train,48000,2,PCM_16,6.367541666666667,965f541cbb4f35b005919e0e4eceac31
NLP Dataset/Malayalam/Non_depressed/Train_set/ND1_0015.wav,ND1_0015.wav,Malayalam,Non-depressed,train,48000,2,PCM_16,5.4707083333333335,ccf95a1b6c76353bd71ef6a1bbc4b857
NLP Dataset/Malayalam/Non_depressed/Train_set/ND1_0016.wav,ND1_0016.wav,Malayalam,Non-depressed,train,48000,2,PCM_16,2.152416666666667,98508782c6249a900200365674bcee8b
NLP Dataset/Malayalam/Non_depressed/Train_set/ND1_0017.wav,ND1_0017.wav,Malayalam,Non-depressed,train,48000,2,PCM_16,5.381020833333333,bcd500dc0b237b643bd25646b5dc5b62
NLP Dataset/Malayalam/Non_depressed/Train_set/ND1_0018.wav,ND1_0018.wav,Malayalam,Non-depressed,train,48000,2,PCM_16,5.6500625,2107c2351e8f820381dd8cdfc5e4b39e
NLP Dataset/Malayalam/Non_depressed/Train_set/ND1_0019.wav,ND1_0019.wav,Malayalam,Non-depressed,train,48000,2,PCM_16,6.636583333333333,20017bd3bfca1f748f990eb26102728d
NLP Dataset/Malayalam/Non_depressed/Train_set/ND1_0020.wav,ND1_0020.wav,Malayalam,Non-depressed,train,48000,2,PCM_16,2.6008125,9305e085f84fece5234e4a8ed716d067
NLP Dataset/Malayalam/Non_depressed/Train_set/ND1_0021.wav,ND1_0021.wav,Malayalam,Non-depressed,train,48000,2,PCM_16,5.73975,ed5a953379eff20a3ebdadb288880290
NLP Dataset/Malayalam/Non_depressed/Train_set/ND1_0022.wav,ND1_0022.wav,Malayalam,Non-depressed,train,48000,2,PCM_16,8.071520833333333,f69cb15e0affb8dfcc3b61c7f1d5926c
NLP Dataset/Malayalam/Non_depressed/Train_set/ND1_0023.wav,ND1_0023.wav,Malayalam,Non-depressed,train,48000,2,PCM_16,3.4976666666666665,55b11bad2c7a40f91381dee06a55dcc6
NLP Dataset/Malayalam/Non_depressed/Train_set/ND1_0024.wav,ND1_0024.wav,Malayalam,Non-depressed,train,48000,2,PCM_16,6.726291666666667,54b8a1bafaf11bfb918706251dc99613
NLP Dataset/Malayalam/Non_depressed/Train_set/ND1_0025.wav,ND1_0025.wav,Malayalam,Non-depressed,train,48000,2,PCM_16,3.5873541666666666,231793709ddd038c3d526f76dd822600
NLP Dataset/Malayalam/Non_depressed/Train_set/ND1_0026.wav,ND1_0026.wav,Malayalam,Non-depressed,train,48000,2,PCM_16,4.3945,b83bea7482eb86591c0fbe9fd4fb5879
NLP Dataset/Malayalam/Non_depressed/Train_set/ND1_0027.wav,ND1_0027.wav,Malayalam,Non-depressed,train,48000,2,PCM_16,2.5111458333333334,bcc1d6e43636103400ac4c5ce494de81
NLP Dataset/Malayalam/Non_depressed/Train_set/ND1_0028.wav,ND1_0028.wav,Malayalam,Non-depressed,train,48000,2,PCM_16,3.04925,141b7667d60521a7f61a5da5912c196b
NLP Dataset/Malayalam/Non_depressed/Train_set/ND1_0029.wav,ND1_0029.wav,Malayalam,Non-depressed,train,48000,2,PCM_16,2.2421041666666666,f22f63d4bfd8ec099605cd531c37fefd
NLP Dataset/Malayalam/Non_depressed/Train_set/ND1_0030.wav,ND1_0030.wav,Malayalam,Non-depressed,train,48000,2,PCM_16,2.6905,f61f47d648539537032ff816763c5bb1
NLP Dataset/Malayalam/Non_depressed/Train_set/ND1_0031.wav,ND1_0031.wav,Malayalam,Non-depressed,train,48000,2,PCM_16,2.1523958333333333,0d9b44b2022998a2d37fe589da50be41
NLP Dataset/Malayalam/Non_depressed/Train_set/ND1_0032.wav,ND1_0032.wav,Malayalam,Non-depressed,train,48000,2,PCM_16,4.215145833333334,8adea7cf17142692953390fb2cb6cc20
NLP Dataset/Malayalam/Non_depressed/Train_set/ND1_0033.wav,ND1_0033.wav,Malayalam,Non-depressed,train,48000,2,PCM_16,6.457208333333333,7ac4841d36d33eb650d22b38cfce4105
NLP Dataset/Malayalam/Non_depressed/Train_set/ND1_0034.wav,ND1_0034.wav,Malayalam,Non-depressed,train,48000,2,PCM_16,2.331770833333333,d987f16597c046b46a670449d16ad855
NLP Dataset/Malayalam/Non_depressed/Train_set/ND1_0035.wav,ND1_0035.wav,Malayalam,Non-depressed,train,48000,2,PCM_16,4.663541666666666,6724f32f22004cb50666ae208532a53a
NLP Dataset/Malayalam/Non_depressed/Train_set/ND1_0036.wav,ND1_0036.wav,Malayalam,Non-depressed,train,48000,2,PCM_16,6.0985,bb6a56c2986eb03cde810d5476b28a8f
NLP Dataset/Malayalam/Non_depressed/Train_set/ND1_0037.wav,ND1_0037.wav,Malayalam,Non-depressed,train,48000,2,PCM_16,4.3945,f2e26ed2221265c2da435e75cb260c30
NLP Dataset/Malayalam/Non_depressed/Train_set/ND1_0038.wav,ND1_0038.wav,Malayalam,Non-depressed,train,48000,2,PCM_16,2.5111458333333334,8625188cd152f0cf561d30fb120f519a
NLP Dataset/Malayalam/Non_depressed/Train_set/ND1_0039.wav,ND1_0039.wav,Malayalam,Non-depressed,train,48000,2,PCM_16,6.636604166666666,b32cd1a7bd395ed8449660502ed726f1
NLP Dataset/Malayalam/Non_depressed/Train_set/ND1_0040.wav,ND1_0040.wav,Malayalam,Non-depressed,train,48000,2,PCM_16,3.3182916666666666,d0695a3aac32a0be79a66719b5c0bcde
NLP Dataset/Malayalam/Non_depressed/Train_set/ND1_0041.wav,ND1_0041.wav,Malayalam,Non-depressed,train,48000,2,PCM_16,5.381020833333333,386a17df36d68e22a172acfab951b868
NLP Dataset/Malayalam/Non_depressed/Train_set/ND1_0042.wav,ND1_0042.wav,Malayalam,Non-depressed,train,48000,2,PCM_16,2.4779166666666668,2acfec993a00ed6fc64d5aa116f95073
NLP Dataset/Malayalam/Non_depressed/Train_set/ND1_0043.wav,ND1_0043.wav,Malayalam,Non-depressed,train,48000,2,PCM_16,4.000479166666667,5278c5b8f411e893bd171275862fb44f
NLP Dataset/Malayalam/Non_depressed/Train_set/ND1_0044.wav,ND1_0044.wav,Malayalam,Non-depressed,train,48000,2,PCM_16,5.851458333333333,758eda05c25be99aae208137e9a9722d
NLP Dataset/Malayalam/Non_depressed/Train_set/ND1_0045.wav,ND1_0045.wav,Malayalam,Non-depressed,train,48000,2,PCM_16,3.8213541666666666,fddc4293807f87040e4bd21d7d52688a
NLP Dataset/Malayalam/Non_depressed/Train_set/ND1_0046.wav,ND1_0046.wav,Malayalam,Non-depressed,train,48000,2,PCM_16,1.5225833333333334,81ca24992fd573c80365feb4212cf18c
NLP Dataset/Malayalam/Non_depressed/Train_set/ND1_0047.wav,ND1_0047.wav,Malayalam,Non-depressed,train,48000,2,PCM_16,3.2839791666666667,8681b948a02907cde4acc9b7c106a1e5
NLP Dataset/Malayalam/Non_depressed/Train_set/ND1_0048.wav,ND1_0048.wav,Malayalam,Non-depressed,train,48000,2,PCM_16,3.8213541666666666,fd661d640cfd3406ea40a3dbfa14a4ac
NLP Dataset/Malayalam/Non_depressed/Train_set/ND1_0049.wav,ND1_0049.wav,Malayalam,Non-depressed,train,48000,2,PCM_16,3.970625,f5c7f725b48e3ec686111e096e4721cb
NLP Dataset/Malayalam/Non_depressed/Train_set/ND1_0050.wav,ND1_0050.wav,Malayalam,Non-depressed,train,48000,2,PCM_16,3.3436875,5dcf37f0bf53c661b93113b967f94535
NLP Dataset/Malayalam/Non_depressed/Train_set/ND1_0051.wav,ND1_0051.wav,Malayalam,Non-depressed,train,48000,2,PCM_16,2.3584791666666667,4d78c6034a73d19e22ee94f4f6512d4a
NLP Dataset/Malayalam/Non_depressed/Train_set/ND1_0052.wav,ND1_0052.wav,Malayalam,Non-depressed,train,48000,2,PCM_16,4.030333333333333,65e6e74f8a5c7f978e175d14f029cf10
NLP Dataset/Malayalam/Non_depressed/Train_set/ND1_0053.wav,ND1_0053.wav,Malayalam,Non-depressed,train,48000,2,PCM_16,4.5378541666666665,29cb58e0ad8df583e1f0a5e166951c7a
NLP Dataset/Malayalam/Non_depressed/Train_set/ND1_0054.wav,ND1_0054.wav,Malayalam,Non-depressed,train,48000,2,PCM_16,6.806791666666666,0361d96469c05a85b37fe92eefb13ddc
NLP Dataset/Malayalam/Non_depressed/Train_set/ND1_0055.wav,ND1_0055.wav,Malayalam,Non-depressed,train,48000,2,PCM_16,2.4182083333333333,0574eec714bb7ba27d713caf562b1756
NLP Dataset/Malayalam/Non_depressed/Train_set/ND1_0056.wav,ND1_0056.wav,Malayalam,Non-depressed,train,48000,2,PCM_16,2.2689375,f30d1bebc0114be97e3457ce0fe9c12e
NLP Dataset/Malayalam/Non_depressed/Train_set/ND1_0057.wav,ND1_0057.wav,Malayalam,Non-depressed,train,48000,2,PCM_16,4.2990208333333335,7b1c82087fca0e040d0586ab04496346
NLP Dataset/Malayalam/Non_depressed/Train_set/ND1_0058.wav,ND1_0058.wav,Malayalam,Non-depressed,train,48000,2,PCM_16,4.000479166666667,92f8f9e50d1578ba1d4139b033b5ee52
NLP Dataset/Malayalam/Non_depressed/Train_set/ND1_0059.wav,ND1_0059.wav,Malayalam,Non-depressed,train,48000,2,PCM_16,3.6422291666666666,53aed51677488bb009dd80bfdf30b931
NLP Dataset/Malayalam/Non_depressed/Train_set/ND1_0060.wav,ND1_0060.wav,Malayalam,Non-depressed,train,48000,2,PCM_16,4.090041666666667,0a464d79f99e94c317a345e5af34d750
NLP Dataset/Malayalam/Non_depressed/Train_set/ND1_0061.wav,ND1_0061.wav,Malayalam,Non-depressed,train,48000,2,PCM_16,5.045375,3ad360e284e939eb706632a04c3e4523
NLP Dataset/Malayalam/Non_depressed/Train_set/ND1_0062.wav,ND1_0062.wav,Malayalam,Non-depressed,train,48000,2,PCM_16,3.8810625,d2c5cefbbd3c68f0378e715fc68e30f2
NLP Dataset/Malayalam/Non_depressed/Train_set/ND1_0063.wav,ND1_0063.wav,Malayalam,Non-depressed,train,48000,2,PCM_16,5.4931875,e967afb29f98d7ab18fb5d6341492e24
NLP Dataset/Malayalam/Non_depressed/Train_set/ND1_0064.wav,ND1_0064.wav,Malayalam,Non-depressed,train,48000,2,PCM_16,6.50825,b819427b335c2a84f7f10c2aec5c9821
NLP Dataset/Malayalam/Non_depressed/Train_set/ND1_0065.wav,ND1_0065.wav,Malayalam,Non-depressed,train,48000,2,PCM_16,6.147833333333334,a98a443a04e1fe9bd07934c6c49decd1
NLP Dataset/Malayalam/Non_depressed/Train_set/ND1_0066.wav,ND1_0066.wav,Malayalam,Non-depressed,train,48000,2,PCM_16,5.433479166666666,555e73818340d93773ed76d88582ae9b
NLP Dataset/Malayalam/Non_depressed/Train_set/ND1_0067.wav,ND1_0067.wav,Malayalam,Non-depressed,train,48000,2,PCM_16,4.508020833333333,ec65c9a52c9a043f3ec1980ce8413d20
NLP Dataset/Malayalam/Non_depressed/Train_set/ND1_0068.wav,ND1_0068.wav,Malayalam,Non-depressed,train,48000,2,PCM_16,6.030583333333333,f146b84d8872371ed391a4c87823e664
NLP Dataset/Malayalam/Non_depressed/Train_set/ND1_0069.wav,ND1_0069.wav,Malayalam,Non-depressed,train,48000,2,PCM_16,3.9109166666666666,3a22ccec7548d8e9c4b1cbfeff90a33b
NLP Dataset/Malayalam/Non_depressed/Train_set/ND1_0070.wav,ND1_0070.wav,Malayalam,Non-depressed,train,48000,2,PCM_16,3.9109166666666666,493e7db844df5513949bb90fb5b24129
NLP Dataset/Malayalam/Non_depressed/Train_set/ND1_0071.wav,ND1_0071.wav,Malayalam,Non-depressed,train,48000,2,PCM_16,2.5973125,6b572b42d2fbd8af48a04e0e987f38a2
NLP Dataset/Malayalam/Non_depressed/Train_set/ND1_0072.wav,ND1_0072.wav,Malayalam,Non-depressed,train,48000,2,PCM_16,2.2390833333333333,d140c5a5701aecd7320ebe2c71dffa2d
NLP Dataset/Malayalam/Non_depressed/Train_set/ND1_0073.wav,ND1_0073.wav,Malayalam,Non-depressed,train,48000,2,PCM_16,2.836145833333333,9238ce1e40482e2390a25c6751dbae89
NLP Dataset/Malayalam/Non_depressed/Train_set/ND1_0074.wav,ND1_0074.wav,Malayalam,Non-depressed,train,48000,2,PCM_16,1.8509791666666666,353dd5b25a6e7b1ce67bf647bee713ed
NLP Dataset/Malayalam/Non_depressed/Train_set/ND1_0075.wav,ND1_0075.wav,Malayalam,Non-depressed,train,48000,2,PCM_16,2.71675,d111e8974f2229a8bfc7d46f3996b43b
NLP Dataset/Malayalam/Non_depressed/Train_set/ND1_0076.wav,ND1_0076.wav,Malayalam,Non-depressed,train,48000,2,PCM_16,3.1944166666666667,08b2fbe22332b7d5dac0594085df192b
NLP Dataset/Malayalam/Non_depressed/Train_set/ND1_0077.wav,ND1_0077.wav,Malayalam,Non-depressed,train,48000,2,PCM_16,2.6271875,3e0773a04e02f0c88055993ea6d33fd9
NLP Dataset/Malayalam/Non_depressed/Train_set/ND1_0078.wav,ND1_0078.wav,Malayalam,Non-depressed,train,48000,2,PCM_16,2.50775,b9cc4846b13fefbf43972841e3b41ea9
NLP Dataset/Malayalam/Non_depressed/Train_set/ND1_0079.wav,ND1_0079.wav,Malayalam,Non-depressed,train,48000,2,PCM_16,6.896354166666667,73f9a3f08e53ebe5dfd858b5bc885828
NLP Dataset/Malayalam/Non_depressed/Train_set/ND1_0080.wav,ND1_0080.wav,Malayalam,Non-depressed,train,48000,2,PCM_16,3.612375,12fa7ac47bc8cdb14ae5fb49a4ca3c45
NLP Dataset/Malayalam/Non_depressed/Train_set/ND1_0081.wav,ND1_0081.wav,Malayalam,Non-depressed,train,48000,2,PCM_16,6.299270833333333,683f21661bb2485f3f52697a0ef693c6
NLP Dataset/Malayalam/Non_depressed/Train_set/ND1_0082.wav,ND1_0082.wav,Malayalam,Non-depressed,train,48000,2,PCM_16,3.3735416666666667,08e6a8197ac804be655f441bc833fb07
NLP Dataset/Malayalam/Non_depressed/Train_set/ND1_0083.wav,ND1_0083.wav,Malayalam,Non-depressed,train,48000,2,PCM_16,4.627416666666667,91b8264a5a770335127d606d9c168184
NLP Dataset/Malayalam/Non_depressed/Train_set/ND1_0084.wav,ND1_0084.wav,Malayalam,Non-depressed,train,48000,2,PCM_16,6.060416666666667,5d25b9b91437cd96cbfcabc966a4a842
NLP Dataset/Malayalam/Non_depressed/Train_set/ND1_0085.wav,ND1_0085.wav,Malayalam,Non-depressed,train,48000,2,PCM_16,5.8813125,f41b9cbcac1695f9eb1751faecd4e530
NLP Dataset/Malayalam/Non_depressed/Train_set/ND1_0086.wav,ND1_0086.wav,Malayalam,Non-depressed,train,48000,2,PCM_16,2.5802916666666667,92578782325639930d848bf43a5783a5
NLP Dataset/Malayalam/Non_depressed/Train_set/ND1_0087.wav,ND1_0087.wav,Malayalam,Non-depressed,train,48000,2,PCM_16,3.9242083333333335,215ce66dc1185bf444b247be9641c51d
NLP Dataset/Malayalam/Non_depressed/Train_set/ND1_0088.wav,ND1_0088.wav,Malayalam,Non-depressed,train,48000,2,PCM_16,4.730541666666666,c5bbe78d764860dd82637650adc79831
NLP Dataset/Malayalam/Non_depressed/Train_set/ND1_0089.wav,ND1_0089.wav,Malayalam,Non-depressed,train,48000,2,PCM_16,4.0854791666666666,90cc912770b16674ef1b0841faae337e
NLP Dataset/Malayalam/Non_depressed/Train_set/ND1_0090.wav,ND1_0090.wav,Malayalam,Non-depressed,train,48000,2,PCM_16,4.1392291666666665,5aee2d2cafecd18567c47fd65e22efd9
NLP Dataset/Malayalam/Non_depressed/Train_set/ND1_0091.wav,ND1_0091.wav,Malayalam,Non-depressed,train,48000,2,PCM_16,4.7305625,fa91f339190947b24e234332f7825aaa
NLP Dataset/Malayalam/Non_depressed/Train_set/ND1_0092.wav,ND1_0092.wav,Malayalam,Non-depressed,train,48000,2,PCM_16,3.332895833333333,db38bd8ebfda29e8094ffe7c78caff1b
NLP Dataset/Malayalam/Non_depressed/Train_set/ND1_0093.wav,ND1_0093.wav,Malayalam,Non-depressed,train,48000,2,PCM_16,3.225375,3d7dbbd40058f675d2db8306df3592f1
NLP Dataset/Malayalam/Non_depressed/Train_set/ND1_0094.wav,ND1_0094.wav,Malayalam,Non-depressed,train,48000,2,PCM_16,6.45075,ad38a875c913022425553a0187fc606d
NLP Dataset/Malayalam/Non_depressed/Train_set/ND1_0095.wav,ND1_0095.wav,Malayalam,Non-depressed,train,48000,2,PCM_16,4.085458333333333,154cb86c4b19fec0e0b10e146d69dae4
NLP Dataset/Malayalam/Non_depressed/Train_set/ND1_0096.wav,ND1_0096.wav,Malayalam,Non-depressed,train,48000,2,PCM_16,5.8056875,136c51f4774b41683d6a64fb5f65fbaa
NLP Dataset/Malayalam/Non_depressed/Train_set/ND1_0097.wav,ND1_0097.wav,Malayalam,Non-depressed,train,48000,2,PCM_16,6.612020833333333,0c2788a744485381c9e053e5df75de20
NLP Dataset/Malayalam/Non_depressed/Train_set/ND1_0098.wav,ND1_0098.wav,Malayalam,Non-depressed,train,48000,2,PCM_16,5.1068541666666665,fc5eafdc0ed79a140114a63b4168f575
NLP Dataset/Malayalam/Non_depressed/Train_set/ND1_0099.wav,ND1_0099.wav,Malayalam,Non-depressed,train,48000,2,PCM_16,3.6016666666666666,50720ca5a7612622a4c9234eeb17624d
NLP Dataset/Malayalam/Non_depressed/Train_set/ND1_0100.wav,ND1_0100.wav,Malayalam,Non-depressed,train,48000,2,PCM_16,5.9131875,79a10bec49b63d44fff0a7dec662d260
NLP Dataset/Malayalam/Non_depressed/Train_set/ND1_0101.wav,ND1_0101.wav,Malayalam,Non-depressed,train,48000,2,PCM_16,2.7415625,48cb6321e3523ed7b5e1c41f62f301f0
NLP Dataset/Malayalam/Non_depressed/Train_set/ND1_0102.wav,ND1_0102.wav,Malayalam,Non-depressed,train,48000,2,PCM_16,3.332895833333333,68da20ad8a6fec0ba538cbd0584bfb86
NLP Dataset/Malayalam/Non_depressed/Train_set/ND1_0103.wav,ND1_0103.wav,Malayalam,Non-depressed,train,48000,2,PCM_16,2.6340625,7b14d65b079ba1e97ad97a8d1397247b
NLP Dataset/Malayalam/Non_depressed/Train_set/ND1_0104.wav,ND1_0104.wav,Malayalam,Non-depressed,train,48000,2,PCM_16,3.870458333333333,9466b23d4a1eabf6bf5f852daf61eb30
NLP Dataset/Malayalam/Non_depressed/Train_set/ND1_0105.wav,ND1_0105.wav,Malayalam,Non-depressed,train,48000,2,PCM_16,5.160604166666666,136a83df61f64c71d10a984bac8713af
NLP Dataset/Malayalam/Non_depressed/Train_set/ND1_0106.wav,ND1_0106.wav,Malayalam,Non-depressed,train,48000,2,PCM_16,3.7629375,7ebc4a4a33ab174ac0618376b63d6a00
NLP Dataset/Malayalam/Non_depressed/Train_set/ND1_0107.wav,ND1_0107.wav,Malayalam,Non-depressed,train,48000,2,PCM_16,1.7202083333333333,7e21a4e9225cad1af9196fc465b74702
NLP Dataset/Malayalam/Non_depressed/Train_set/ND1_0108.wav,ND1_0108.wav,Malayalam,Non-depressed,train,48000,2,PCM_16,6.181958333333333,773014408c49a7737fbb187a5e1abd2e
NLP Dataset/Malayalam/Non_depressed/Train_set/ND1_0109.wav,ND1_0109.wav,Malayalam,Non-depressed,train,48000,2,PCM_16,4.0854791666666666,f7c734fa4ee62f345297eaf5ec67f7ab
NLP Dataset/Malayalam/Non_depressed/Train_set/ND1_0110.wav,ND1_0110.wav,Malayalam,Non-depressed,train,48000,2,PCM_16,6.665770833333333,e36c2767d3fad924e883b3078b01e7a1
NLP Dataset/Malayalam/Non_depressed/Train_set/ND1_0111.wav,ND1_0111.wav,Malayalam,Non-depressed,train,48000,2,PCM_16,3.8166875,5295536b969ae673a6c5c38ebd1486b5
NLP Dataset/Malayalam/Non_depressed/Train_set/ND1_0112.wav,ND1_0112.wav,Malayalam,Non-depressed,train,48000,2,PCM_16,2.4727916666666667,28590d26b311d9da49895f389cac437a
NLP Dataset/Malayalam/Non_depressed/Train_set/ND1_0113.wav,ND1_0113.wav,Malayalam,Non-depressed,train,48000,2,PCM_16,3.332895833333333,da9522fd6de6c9fa7d199afd3fa3a13b
NLP Dataset/Malayalam/Non_depressed/Train_set/ND1_0114.wav,ND1_0114.wav,Malayalam,Non-depressed,train,48000,2,PCM_16,4.1392291666666665,3996255e1925c14623b94024fb0ca52b
NLP Dataset/Malayalam/Non_depressed/Train_set/ND1_0115.wav,ND1_0115.wav,Malayalam,Non-depressed,train,48000,2,PCM_16,3.816708333333333,7e89a80f12c085bcb7577ec04e5f1dfc
NLP Dataset/Malayalam/Non_depressed/Train_set/ND1_0116.wav,ND1_0116.wav,Malayalam,Non-depressed,train,48000,2,PCM_16,2.6340625,ba77484129907cbad2fff7642385fe5c
NLP Dataset/Malayalam/Non_depressed/Train_set/ND1_0117.wav,ND1_0117.wav,Malayalam,Non-depressed,train,48000,2,PCM_16,4.0854791666666666,9ebd421c533f08695b229ba7a4c5b744
NLP Dataset/Malayalam/Non_depressed/Train_set/ND1_0118.wav,ND1_0118.wav,Malayalam,Non-depressed,train,48000,2,PCM_16,2.2040208333333333,85216ffe071128413955a6766abae624
NLP Dataset/Malayalam/Non_depressed/Train_set/ND1_0119.wav,ND1_0119.wav,Malayalam,Non-depressed,train,48000,2,PCM_16,4.4617708333333335,88b3d801caaa589d848c1c5669875a44
NLP Dataset/Malayalam/Non_depressed/Train_set/ND1_0120.wav,ND1_0120.wav,Malayalam,Non-depressed,train,48000,2,PCM_16,2.419020833333333,f1ac5ef79d6e0ef9f2dab630114a62b2
NLP Dataset/Malayalam/Non_depressed/Train_set/ND1_0121.wav,ND1_0121.wav,Malayalam,Non-depressed,train,48000,2,PCM_16,2.04275,8c0122e028c8811b15c84a1543cdb4d6
NLP Dataset/Malayalam/Non_depressed/Train_set/ND1_0122.wav,ND1_0122.wav,Malayalam,Non-depressed,train,48000,2,PCM_16,4.1929791666666665,c5155ff732c59d4d7aecad6e06c6f285
NLP Dataset/Malayalam/Non_depressed/Train_set/ND1_0123.wav,ND1_0123.wav,Malayalam,Non-depressed,train,48000,2,PCM_16,2.6878125,dde37fc436011ee4524e50053e241ce7
NLP Dataset/Malayalam/Non_depressed/Train_set/ND1_0124.wav,ND1_0124.wav,Malayalam,Non-depressed,train,48000,2,PCM_16,3.386645833333333,be238c8e9c968ec62d7e173dd5bd7868
NLP Dataset/Malayalam/Non_depressed/Train_set/ND1_0125.wav,ND1_0125.wav,Malayalam,Non-depressed,train,48000,2,PCM_16,3.0103541666666667,647d57b97b133e29572c03fce4382438
NLP Dataset/Malayalam/Non_depressed/Train_set/ND1_0126.wav,ND1_0126.wav,Malayalam,Non-depressed,train,48000,2,PCM_16,5.268125,622259e4d901b7f128f24d686985318e
NLP Dataset/Malayalam/Non_depressed/Train_set/ND1_0127.wav,ND1_0127.wav,Malayalam,Non-depressed,train,48000,2,PCM_16,4.8380625,1f348103430b7c26cb8cd3188cdc97d9
NLP Dataset/Malayalam/Non_depressed/Train_set/ND1_0128.wav,ND1_0128.wav,Malayalam,Non-depressed,train,48000,2,PCM_16,2.5266458333333333,2cd2f304aca5b378faed273091561a11
NLP Dataset/Malayalam/Non_depressed/Train_set/ND1_0129.wav,ND1_0129.wav,Malayalam,Non-depressed,train,48000,2,PCM_16,5.855458333333333,af2ce8e40f897cca8383e5eafe68167f
NLP Dataset/Malayalam/Non_depressed/Train_set/ND1_0130.wav,ND1_0130.wav,Malayalam,Non-depressed,train,48000,2,PCM_16,3.639875,b8ff37ad86de85a342e8696f15bb0dd0
NLP Dataset/Malayalam/Non_depressed/Train_set/ND1_0131.wav,ND1_0131.wav,Malayalam,Non-depressed,train,48000,2,PCM_16,6.9948958333333335,932af30ff51819836d68be0b414cb98c
NLP Dataset/Malayalam/Non_depressed/Train_set/ND1_0132.wav,ND1_0132.wav,Malayalam,Non-depressed,train,48000,2,PCM_16,5.190791666666667,0082464b7ef6686795b3bbcae15d5c67
NLP Dataset/Malayalam/Non_depressed/Train_set/ND1_0133.wav,ND1_0133.wav,Malayalam,Non-depressed,train,48000,2,PCM_16,4.3995,1678bbb0b7222859a5e377430cadc463
NLP Dataset/Malayalam/Non_depressed/Train_set/ND1_0134.wav,ND1_0134.wav,Malayalam,Non-depressed,train,48000,2,PCM_16,3.19675,15f29c16c9843ac18bfb44c2f0ab4c22
NLP Dataset/Malayalam/Non_depressed/Train_set/ND1_0135.wav,ND1_0135.wav,Malayalam,Non-depressed,train,48000,2,PCM_16,4.779333333333334,9fbd6fed04390f5ff6e98c67caa27602
NLP Dataset/Malayalam/Non_depressed/Train_set/ND1_0136.wav,ND1_0136.wav,Malayalam,Non-depressed,train,48000,2,PCM_16,7.438020833333334,5e6c4729015b05fe7178a3fb43994776
NLP Dataset/Malayalam/Non_depressed/Train_set/ND1_0137.wav,ND1_0137.wav,Malayalam,Non-depressed,train,48000,2,PCM_16,3.8297916666666665,125aaa98964d60ad548120bfea66f8dc
NLP Dataset/Malayalam/Non_depressed/Train_set/ND1_0138.wav,ND1_0138.wav,Malayalam,Non-depressed,train,48000,2,PCM_16,3.7031875,1dda2556c13303e8dc92f7e9036f6447
NLP Dataset/Malayalam/Non_depressed/Train_set/ND1_0139.wav,ND1_0139.wav,Malayalam,Non-depressed,train,48000,2,PCM_16,2.9119166666666665,a68771377909bae7b7bd3115b4731d4d
NLP Dataset/Malayalam/Non_depressed/Train_set/ND1_0140.wav,ND1_0140.wav,Malayalam,Non-depressed,train,48000,2,PCM_16,1.962375,b6d7973e3e62715840a9e9e6b26c74a8
NLP Dataset/Malayalam/Non_depressed/Train_set/ND1_0141.wav,ND1_0141.wav,Malayalam,Non-depressed,train,48000,2,PCM_16,2.120625,4fe639ca6106de9a665ff6da46c458e1
NLP Dataset/Malayalam/Non_depressed/Train_set/ND1_0142.wav,ND1_0142.wav,Malayalam,Non-depressed,train,48000,2,PCM_16,2.3105416666666665,a9cc3a76eeb60a51e79dc1d81c7c84e3
NLP Dataset/Malayalam/Non_depressed/Train_set/ND1_0143.wav,ND1_0143.wav,Malayalam,Non-depressed,train,48000,2,PCM_16,6.077020833333333,b9de7d69ed6f4d7e6a3440fd9d585e8c
NLP Dataset/Malayalam/Non_depressed/Train_set/ND1_0144.wav,ND1_0144.wav,Malayalam,Non-depressed,train,48000,2,PCM_16,4.589416666666667,dd1227abe22be1f7806cbfda29c04df3
NLP Dataset/Malayalam/Non_depressed/Train_set/ND1_0145.wav,ND1_0145.wav,Malayalam,Non-depressed,train,48000,2,PCM_16,4.336208333333333,610158f6171af214015948fef8b94cf9
NLP Dataset/Malayalam/Non_depressed/Train_set/ND1_0146.wav,ND1_0146.wav,Malayalam,Non-depressed,train,48000,2,PCM_16,3.3866666666666667,f068595450285469f4771220ac576ffc
NLP Dataset/Malayalam/Non_depressed/Train_set/ND1_0147.wav,ND1_0147.wav,Malayalam,Non-depressed,train,48000,2,PCM_16,5.3806875,f68fe2271f6bc635b9bc2bfbad778e8a
NLP Dataset/Malayalam/Non_depressed/Train_set/ND1_0148.wav,ND1_0148.wav,Malayalam,Non-depressed,train,48000,2,PCM_16,5.2224375,4b78e974f1675eb3e1e8471b9d2a5def
NLP Dataset/Malayalam/Non_depressed/Train_set/ND1_0149.wav,ND1_0149.wav,Malayalam,Non-depressed,train,48000,2,PCM_16,3.4183333333333334,c1d4887fe2faf8a62eadbd6cdbb5937d
NLP Dataset/Malayalam/Non_depressed/Train_set/ND1_0150.wav,ND1_0150.wav,Malayalam,Non-depressed,train,48000,2,PCM_16,6.931604166666666,d1952ef5edfe0dc94b7499080809889f
NLP Dataset/Malayalam/Non_depressed/Train_set/ND1_0151.wav,ND1_0151.wav,Malayalam,Non-depressed,train,48000,2,PCM_16,5.9504166666666665,638e1e57b1639fac8047738c9983057a
NLP Dataset/Malayalam/Non_depressed/Train_set/ND1_0152.wav,ND1_0152.wav,Malayalam,Non-depressed,train,48000,2,PCM_16,4.905916666666666,32ca6b95bba6d7e4480c8acf9d61482c
NLP Dataset/Malayalam/Non_depressed/Train_set/ND1_0153.wav,ND1_0153.wav,Malayalam,Non-depressed,train,48000,2,PCM_16,4.885166666666667,b1c64ab7dbdf7d5f93c879120516feb4
NLP Dataset/Malayalam/Non_depressed/Train_set/ND1_0154.wav,ND1_0154.wav,Malayalam,Non-depressed,train,48000,2,PCM_16,2.9654583333333333,fa1a6f440309f7c62f444d7399403712
NLP Dataset/Malayalam/Non_depressed/Train_set/ND1_0155.wav,ND1_0155.wav,Malayalam,Non-depressed,train,48000,2,PCM_16,5.475645833333333,dbba70d5394c58167c58c3f66cedcb11
NLP Dataset/Malayalam/Non_depressed/Train_set/ND1_0156.wav,ND1_0156.wav,Malayalam,Non-depressed,train,48000,2,PCM_16,6.2669375,435d6f07f064c2f8d0c248adc038f123
NLP Dataset/Malayalam/Non_depressed/Train_set/ND1_0157.wav,ND1_0157.wav,Malayalam,Non-depressed,train,48000,2,PCM_16,4.6210625,d603918f67bfb8976876c3ab40996756
NLP Dataset/Malayalam/Non_depressed/Train_set/ND1_0158.wav,ND1_0158.wav,Malayalam,Non-depressed,train,48000,2,PCM_16,6.361875,4edfcbf7941a0296c8e044fd3b2b20f7
NLP Dataset/Malayalam/Non_depressed/Train_set/ND1_0159.wav,ND1_0159.wav,Malayalam,Non-depressed,train,48000,2,PCM_16,5.032520833333334,393b4e4e86864df1eda251a0f136478e
NLP Dataset/Malayalam/Non_depressed/Train_set/ND1_0160.wav,ND1_0160.wav,Malayalam,Non-depressed,train,48000,2,PCM_16,4.777541666666667,e7f6e12835f0411e7025064b1147a0f3
NLP Dataset/Malayalam/Non_depressed/Train_set/ND1_0161.wav,ND1_0161.wav,Malayalam,Non-depressed,train,48000,2,PCM_16,5.344875,519c5e94954cacc9df3f923c29f5fe14
NLP Dataset/Malayalam/Non_depressed/Train_set/ND1_0162.wav,ND1_0162.wav,Malayalam,Non-depressed,train,48000,2,PCM_16,4.0011875,425c705ebc38f2a7878ddc38dcf9a3eb
NLP Dataset/Malayalam/Non_depressed/Train_set/ND1_0163.wav,ND1_0163.wav,Malayalam,Non-depressed,train,48000,2,PCM_16,3.9116041666666668,e696e7276de33a050881b4a5219aa2f7
NLP Dataset/Malayalam/Non_depressed/Train_set/ND1_0164.wav,ND1_0164.wav,Malayalam,Non-depressed,train,48000,2,PCM_16,5.553895833333334,82422380a5d4437088cb727e60dbb21d
NLP Dataset/Malayalam/Non_depressed/Train_set/ND1_0165.wav,ND1_0165.wav,Malayalam,Non-depressed,train,48000,2,PCM_16,5.494166666666667,ba56646460f4b8d0b58899e643f0b489
NLP Dataset/Malayalam/Non_depressed/Train_set/ND1_0166.wav,ND1_0166.wav,Malayalam,Non-depressed,train,48000,2,PCM_16,2.717229166666667,66591626bf7365130db85eb0ca6c6092
NLP Dataset/Malayalam/Non_depressed/Train_set/ND1_0167.wav,ND1_0167.wav,Malayalam,Non-depressed,train,48000,2,PCM_16,4.299791666666667,12a61530598b53dd560102e933fb3ca6
NLP Dataset/Malayalam/Non_depressed/Train_set/ND1_0168.wav,ND1_0168.wav,Malayalam,Non-depressed,train,48000,2,PCM_16,5.822625,c72f6dbc8aac929f76d062aa32ea5f88
NLP Dataset/Malayalam/Non_depressed/Train_set/ND1_0169.wav,ND1_0169.wav,Malayalam,Non-depressed,train,48000,2,PCM_16,5.374729166666667,748668143a9519eea7c8bc38177e255d
NLP Dataset/Malayalam/Non_depressed/Train_set/ND1_0170.wav,ND1_0170.wav,Malayalam,Non-depressed,train,48000,2,PCM_16,4.0310625,20f77707ffa0e509631bb516ab74c0a3
NLP Dataset/Malayalam/Non_depressed/Train_set/ND1_0171.wav,ND1_0171.wav,Malayalam,Non-depressed,train,48000,2,PCM_16,3.6727291666666666,a3570cf02e988970dd0ccacc784d8ccb
NLP Dataset/Malayalam/Non_depressed/Train_set/ND1_0172.wav,ND1_0172.wav,Malayalam,Non-depressed,train,48000,2,PCM_16,3.0158125,4630f87274143cc2d404dac23ea76b14
NLP Dataset/Malayalam/Non_depressed/Train_set/ND1_0173.wav,ND1_0173.wav,Malayalam,Non-depressed,train,48000,2,PCM_16,3.2845625,a15e2d720dab6cdb89dd6a4af5b53af5
NLP Dataset/Malayalam/Non_depressed/Train_set/ND1_0174.wav,ND1_0174.wav,Malayalam,Non-depressed,train,48000,2,PCM_16,3.2845416666666667,8e2005503e05a9d9a420e982038e0665
NLP Dataset/Malayalam/Non_depressed/Train_set/ND1_0175.wav,ND1_0175.wav,Malayalam,Non-depressed,train,48000,2,PCM_16,5.7629166666666665,3c99e59623baba57bc4314ab3684f9dd
NLP Dataset/Malayalam/Non_depressed/Train_set/ND1_0176.wav,ND1_0176.wav,Malayalam,Non-depressed,train,48000,2,PCM_16,3.702583333333333,f6b2c8ba92f742e725b897499542771a
NLP Dataset/Malayalam/Non_depressed/Train_set/ND1_0177.wav,ND1_0177.wav,Malayalam,Non-depressed,train,48000,2,PCM_16,5.076125,24a4f9f76034a850b5707f384e2caefe
NLP Dataset/Malayalam/Non_depressed/Train_set/ND1_0178.wav,ND1_0178.wav,Malayalam,Non-depressed,train,48000,2,PCM_16,2.4484791666666665,463b6b8754f5585a16277d2f9f8520a7
NLP Dataset/Malayalam/Non_depressed/Train_set/ND1_0179.wav,ND1_0179.wav,Malayalam,Non-depressed,train,48000,2,PCM_16,6.778125,c1cc08c1abe29f7d9d614a19b3f70e0e
NLP Dataset/Malayalam/Non_depressed/Train_set/ND1_0180.wav,ND1_0180.wav,Malayalam,Non-depressed,train,48000,2,PCM_16,3.105395833333333,f17325cd51fe8a6d899e74d477b120f9
NLP Dataset/Malayalam/Non_depressed/Train_set/ND2_0001.wav,ND2_0001.wav,Malayalam,Non-depressed,train,48000,2,PCM_16,4.6622916666666665,605c030f67306d600e58235536ba9741
NLP Dataset/Malayalam/Non_depressed/Train_set/ND2_0002.wav,ND2_0002.wav,Malayalam,Non-depressed,train,48000,2,PCM_16,5.379541666666666,9aae1f0919927f177e5629b66a952cdf
NLP Dataset/Malayalam/Non_depressed/Train_set/ND2_0003.wav,ND2_0003.wav,Malayalam,Non-depressed,train,48000,2,PCM_16,3.317375,f8686ce3b7ac887d8e3e87a5381ada85
NLP Dataset/Malayalam/Non_depressed/Train_set/ND2_0004.wav,ND2_0004.wav,Malayalam,Non-depressed,train,48000,2,PCM_16,6.814104166666667,9b22d8ce44bdc73279523d11a7b6c930
NLP Dataset/Malayalam/Non_depressed/Train_set/ND2_0005.wav,ND2_0005.wav,Malayalam,Non-depressed,train,48000,2,PCM_16,6.1865,638b7e9968d8eb4deaf7680d37bb81d8
NLP Dataset/Malayalam/Non_depressed/Train_set/ND2_0006.wav,ND2_0006.wav,Malayalam,Non-depressed,train,48000,2,PCM_16,5.7381875,3608663a793e88da02346eaae04f06ba
NLP Dataset/Malayalam/Non_depressed/Train_set/ND2_0007.wav,ND2_0007.wav,Malayalam,Non-depressed,train,48000,2,PCM_16,3.7656875,5db7a6e174374a27e70b6ff18e412d97
NLP Dataset/Malayalam/Non_depressed/Train_set/ND2_0008.wav,ND2_0008.wav,Malayalam,Non-depressed,train,48000,2,PCM_16,5.827854166666667,6a037b449bb3531e2ac1cdd1cd2d360a
NLP Dataset/Malayalam/Non_depressed/Train_set/ND2_0009.wav,ND2_0009.wav,Malayalam,Non-depressed,train,48000,2,PCM_16,4.572625,eede83b225623f752ffeb91536cb61ca
NLP Dataset/Malayalam/Non_depressed/Train_set/ND2_0010.wav,ND2_0010.wav,Malayalam,Non-depressed,train,48000,2,PCM_16,3.4967083333333333,ca5629a45ee076e621f9ccddee5a0b2b
NLP Dataset/Malayalam/Non_depressed/Train_set/ND2_0011.wav,ND2_0011.wav,Malayalam,Non-depressed,train,48000,2,PCM_16,5.827833333333333,c71ffe31950ec5869e9ff7186aa3a13e
NLP Dataset/Malayalam/Non_depressed/Train_set/ND2_0012.wav,ND2_0012.wav,Malayalam,Non-depressed,train,48000,2,PCM_16,6.7244375,27bdd9fc73bd74d51ab4c87b319bf7b0
NLP Dataset/Malayalam/Non_depressed/Train_set/ND2_0013.wav,ND2_0013.wav,Malayalam,Non-depressed,train,48000,2,PCM_16,2.7794375,893b9801a42f85ee14c867ce44ac9d95
NLP Dataset/Malayalam/Non_depressed/Train_set/ND2_0014.wav,ND2_0014.wav,Malayalam,Non-depressed,train,48000,2,PCM_16,8.248666666666667,d3a284db08345b1c58803d55791ef65a
NLP Dataset/Malayalam/Non_depressed/Train_set/ND2_0015.wav,ND2_0015.wav,Malayalam,Non-depressed,train,48000,2,PCM_16,6.2761458333333335,dc0f5a53bfbdf1c8e4b534f1709e11c7
NLP Dataset/Malayalam/Non_depressed/Train_set/ND2_0016.wav,ND2_0016.wav,Malayalam,Non-depressed,train,48000,2,PCM_16,3.0484166666666668,d7a7cd1a40ca0afc0c2ac585589f090b
NLP Dataset/Malayalam/Non_depressed/Train_set/ND2_0017.wav,ND2_0017.wav,Malayalam,Non-depressed,train,48000,2,PCM_16,4.93125,8cf8db042bec13527668c0e5723bf733
NLP Dataset/Malayalam/Non_depressed/Train_set/ND2_0018.wav,ND2_0018.wav,Malayalam,Non-depressed,train,48000,2,PCM_16,6.1864791666666665,0321cdddedb547f1b6c02c17ae6ec4c4
NLP Dataset/Malayalam/Non_depressed/Train_set/ND2_0019.wav,ND2_0019.wav,Malayalam,Non-depressed,train,48000,2,PCM_16,6.903770833333334,642ad12b894b3c14f539cd3e72507822
NLP Dataset/Malayalam/Non_depressed/Train_set/ND2_0020.wav,ND2_0020.wav,Malayalam,Non-depressed,train,48000,2,PCM_16,2.600125,d1093c3a6b7d59f7d9dc0d4c7ac46d72
NLP Dataset/Malayalam/Non_depressed/Train_set/ND2_0021.wav,ND2_0021.wav,Malayalam,Non-depressed,train,48000,2,PCM_16,4.9312708333333335,5a86c25d831fd174103274602b58e764
NLP Dataset/Malayalam/Non_depressed/Train_set/ND2_0022.wav,ND2_0022.wav,Malayalam,Non-depressed,train,48000,2,PCM_16,7.172729166666667,c5b96e334f5e1b6ddd020aeb33ca7c50
NLP Dataset/Malayalam/Non_depressed/Train_set/ND2_0023.wav,ND2_0023.wav,Malayalam,Non-depressed,train,48000,2,PCM_16,4.034666666666666,4f324b6cecf8672a25545d8b17b26ca5
NLP Dataset/Malayalam/Non_depressed/Train_set/ND2_0024.wav,ND2_0024.wav,Malayalam,Non-depressed,train,48000,2,PCM_16,6.993416666666667,3b3648522e03eba5b9d82446f5d43862
NLP Dataset/Malayalam/Non_depressed/Train_set/ND2_0025.wav,ND2_0025.wav,Malayalam,Non-depressed,train,48000,2,PCM_16,2.95875,35585835e6b3139b851d16260f295b65
NLP Dataset/Malayalam/Non_depressed/Train_set/ND2_0026.wav,ND2_0026.wav,Malayalam,Non-depressed,train,48000,2,PCM_16,4.303625,5fe58cee3c33c2dcdee7ba835984a34e
NLP Dataset/Malayalam/Non_depressed/Train_set/ND2_0027.wav,ND2_0027.wav,Malayalam,Non-depressed,train,48000,2,PCM_16,2.6001041666666667,30ace850325d66a92ed721e4fadfa13d
NLP Dataset/Malayalam/Non_depressed/Train_set/ND2_0028.wav,ND2_0028.wav,Malayalam,Non-depressed,train,48000,2,PCM_16,3.586375,afce1dd9af1070a35b4edb1225b16932
NLP Dataset/Malayalam/Non_depressed/Train_set/ND2_0029.wav,ND2_0029.wav,Malayalam,Non-depressed,train,48000,2,PCM_16,2.5104583333333332,887184e13029f672faad8c2a6118b055
NLP Dataset/Malayalam/Non_depressed/Train_set/ND2_0030.wav,ND2_0030.wav,Malayalam,Non-depressed,train,48000,2,PCM_16,4.124333333333333,0be5a3ba89d3faa52ec4e05f2bd0aec3
NLP Dataset/Malayalam/Non_depressed/Train_set/ND2_0031.wav,ND2_0031.wav,Malayalam,Non-depressed,train,48000,2,PCM_16,2.0621666666666667,38eed7bf01d2840a7664a5b72c9f6b4a
NLP Dataset/Malayalam/Non_depressed/Train_set/ND2_0032.wav,ND2_0032.wav,Malayalam,Non-depressed,train,48000,2,PCM_16,3.4070416666666667,0dd3423584b76f4bcab77c07d2a90900
NLP Dataset/Malayalam/Non_depressed/Train_set/ND2_0033.wav,ND2_0033.wav,Malayalam,Non-depressed,train,48000,2,PCM_16,7.083083333333334,e907e02fee1ee243eb182889a6e4a2f5
NLP Dataset/Malayalam/Non_depressed/Train_set/ND2_0034.wav,ND2_0034.wav,Malayalam,Non-depressed,train,48000,2,PCM_16,2.1518125,f0c6360e98e3cc227354cfa5bb5c84c3
NLP Dataset/Malayalam/Non_depressed/Train_set/ND2_0035.wav,ND2_0035.wav,Malayalam,Non-depressed,train,48000,2,PCM_16,3.7656875,ff9d47243b44a3b5a7da77f284cb13af
NLP Dataset/Malayalam/Non_depressed/Train_set/ND2_0036.wav,ND2_0036.wav,Malayalam,Non-depressed,train,48000,2,PCM_16,5.9175,a0a1f292c32bbe19b814e9f3f0737b0d
NLP Dataset/Malayalam/Non_depressed/Train_set/ND2_0037.wav,ND2_0037.wav,Malayalam,Non-depressed,train,48000,2,PCM_16,4.730104166666667,6a2cbfa088d12d734807bce72575a38d
NLP Dataset/Malayalam/Non_depressed/Train_set/ND2_0038.wav,ND2_0038.wav,Malayalam,Non-depressed,train,48000,2,PCM_16,2.6555,59191f156cf3b4da63b9ebbfc3acd891
NLP Dataset/Malayalam/Non_depressed/Train_set/ND2_0039.wav,ND2_0039.wav,Malayalam,Non-depressed,train,48000,2,PCM_16,6.3897916666666665,d23a4d42ce3fd20f4009f9b85d79de56
NLP Dataset/Malayalam/Non_depressed/Train_set/ND2_0040.wav,ND2_0040.wav,Malayalam,Non-depressed,train,48000,2,PCM_16,2.9874375,41b4dcce45a595f12e4fcbd0531caf90
NLP Dataset/Malayalam/Non_depressed/Train_set/ND2_0041.wav,ND2_0041.wav,Malayalam,Non-depressed,train,48000,2,PCM_16,4.066229166666667,74298b4554db96581ba7a43cf46bbbfb
NLP Dataset/Malayalam/Non_depressed/Train_set/ND2_0042.wav,ND2_0042.wav,Malayalam,Non-depressed,train,48000,2,PCM_16,2.6555,306980defbe7e9f59e364aa02640688e
NLP Dataset/Malayalam/Non_depressed/Train_set/ND2_0043.wav,ND2_0043.wav,Malayalam,Non-depressed,train,48000,2,PCM_16,3.98325,bf2a90e830197005fc5ac9a5c70b738b
NLP Dataset/Malayalam/Non_depressed/Train_set/ND2_0044.wav,ND2_0044.wav,Malayalam,Non-depressed,train,48000,2,PCM_16,6.3897916666666665,e6f0de393aef676c93b987cbf7b6d251
NLP Dataset/Malayalam/Non_depressed/Train_set/ND2_0045.wav,ND2_0045.wav,Malayalam,Non-depressed,train,48000,2,PCM_16,4.647125,17157877e0e7d49394e6fd258669733b
NLP Dataset/Malayalam/Non_depressed/Train_set/ND2_0046.wav,ND2_0046.wav,Malayalam,Non-depressed,train,48000,2,PCM_16,2.074625,19718808b27bbcb155127c0306e44723
NLP Dataset/Malayalam/Non_depressed/Train_set/ND2_0047.wav,ND2_0047.wav,Malayalam,Non-depressed,train,48000,2,PCM_16,2.5725208333333334,60cc2cf0a39abe6b029797c7ab931f49
NLP Dataset/Malayalam/Non_depressed/Train_set/ND2_0048.wav,ND2_0048.wav,Malayalam,Non-depressed,train,48000,2,PCM_16,3.2363958333333334,566ee44284a95fbb5e23c36de1f03773
NLP Dataset/Malayalam/Non_depressed/Train_set/ND2_0049.wav,ND2_0049.wav,Malayalam,Non-depressed,train,48000,2,PCM_16,4.149208333333333,80b3e4b217c1a493c289832afbbd9559
NLP Dataset/Malayalam/Non_depressed/Train_set/ND2_0050.wav,ND2_0050.wav,Malayalam,Non-depressed,train,48000,2,PCM_16,3.485333333333333,e2fb68ae2ac9002ad93a0b39cff70a3e
NLP Dataset/Malayalam/Non_depressed/Train_set/ND2_0051.wav,ND2_0051.wav,Malayalam,Non-depressed,train,48000,2,PCM_16,2.7384791666666666,ae713ba1999f89860319bdb5278c354a
NLP Dataset/Malayalam/Non_depressed/Train_set/ND2_0052.wav,ND2_0052.wav,Malayalam,Non-depressed,train,48000,2,PCM_16,3.8172916666666667,adb86e6e58cbcbea17d788dc4979cb0c
NLP Dataset/Malayalam/Non_depressed/Train_set/ND2_0053.wav,ND2_0053.wav,Malayalam,Non-depressed,train,48000,2,PCM_16,4.315166666666666,cf125e64b9b2d0090c72940ddce9800c
NLP Dataset/Malayalam/Non_depressed/Train_set/ND2_0054.wav,ND2_0054.wav,Malayalam,Non-depressed,train,48000,2,PCM_16,7.053645833333333,537e0e969a63851c00d0bd14efa23778
NLP Dataset/Malayalam/Non_depressed/Train_set/ND2_0055.wav,ND2_0055.wav,Malayalam,Non-depressed,train,48000,2,PCM_16,2.3235625,71d1faa432a5bb8e6d011251e7304ce6
NLP Dataset/Malayalam/Non_depressed/Train_set/ND2_0056.wav,ND2_0056.wav,Malayalam,Non-depressed,train,48000,2,PCM_16,2.5725,701935b63d6fa824f7b8137e72939f85
NLP Dataset/Malayalam/Non_depressed/Train_set/ND2_0057.wav,ND2_0057.wav,Malayalam,Non-depressed,train,48000,2,PCM_16,4.730104166666667,1246a5841177ea7d02235df1e9390e0a
NLP Dataset/Malayalam/Non_depressed/Train_set/ND2_0058.wav,ND2_0058.wav,Malayalam,Non-depressed,train,48000,2,PCM_16,3.9002708333333334,82c599655d6e8e6da209556689c78de4
NLP Dataset/Malayalam/Non_depressed/Train_set/ND2_0059.wav,ND2_0059.wav,Malayalam,Non-depressed,train,48000,2,PCM_16,4.3151875,e83d6bddbc2ed1a89d013881a41b2b2e
NLP Dataset/Malayalam/Non_depressed/Train_set/ND2_0060.wav,ND2_0060.wav,Malayalam,Non-depressed,train,48000,2,PCM_16,3.485333333333333,e5b66453e9ccbab518a1554d1cbc0184
NLP Dataset/Malayalam/Non_depressed/Train_set/ND2_0061.wav,ND2_0061.wav,Malayalam,Non-depressed,train,48000,2,PCM_16,5.559958333333333,02b55f9c7f435b30b314941ef017266e
NLP Dataset/Malayalam/Non_depressed/Train_set/ND2_0062.wav,ND2_0062.wav,Malayalam,Non-depressed,train,48000,2,PCM_16,4.8960625,64c460fddddd603c878dc7980fdbdfc7
NLP Dataset/Malayalam/Non_depressed/Train_set/ND2_0063.wav,ND2_0063.wav,Malayalam,Non-depressed,train,48000,2,PCM_16,5.808895833333334,272e2510626933c761b950ac0a837c5f
NLP Dataset/Malayalam/Non_depressed/Train_set/ND2_0064.wav,ND2_0064.wav,Malayalam,Non-depressed,train,48000,2,PCM_16,8.2154375,6ac0deea7120745cdd352ceb53f02b43
NLP Dataset/Malayalam/Non_depressed/Train_set/ND2_0065.wav,ND2_0065.wav,Malayalam,Non-depressed,train,48000,2,PCM_16,6.223833333333333,4581c46771cccdff848a6226318d02eb
NLP Dataset/Malayalam/Non_depressed/Train_set/ND2_0066.wav,ND2_0066.wav,Malayalam,Non-depressed,train,48000,2,PCM_16,7.219625,d5624751473e379b05531916f000840d
NLP Dataset/Malayalam/Non_depressed/Train_set/ND2_0067.wav,ND2_0067.wav,Malayalam,Non-depressed,train,48000,2,PCM_16,4.9790625,321d49f273855c7532b47466e59682f1
NLP Dataset/Malayalam/Non_depressed/Train_set/ND2_0068.wav,ND2_0068.wav,Malayalam,Non-depressed,train,48000,2,PCM_16,4.813083333333333,40383ceed6a6545c36f05bd684f1e275
NLP Dataset/Malayalam/Non_depressed/Train_set/ND2_0069.wav,ND2_0069.wav,Malayalam,Non-depressed,train,48000,2,PCM_16,4.8960625,57d5f3ab121b29f2f305f10e3263d023
NLP Dataset/Malayalam/Non_depressed/Train_set/ND2_0070.wav,ND2_0070.wav,Malayalam,Non-depressed,train,48000,2,PCM_16,3.9002708333333334,c64a3a0f82fbe984b71182c6b3aa4bd0
NLP Dataset/Malayalam/Non_depressed/Train_set/ND2_0071.wav,ND2_0071.wav,Malayalam,Non-depressed,train,48000,2,PCM_16,2.9044375,1f92f06dbedf9417471d4fe9f08cd807
NLP Dataset/Malayalam/Non_depressed/Train_set/ND2_0072.wav,ND2_0072.wav,Malayalam,Non-depressed,train,48000,2,PCM_16,2.9044583333333334,925cc93d21a44063978b5ba8ce73408a
NLP Dataset/Malayalam/Non_depressed/Train_set/ND2_0073.wav,ND2_0073.wav,Malayalam,Non-depressed,train,48000,2,PCM_16,3.6513125,42da841ca2d36c84773bdae8cada3e32
NLP Dataset/Malayalam/Non_depressed/Train_set/ND2_0074.wav,ND2_0074.wav,Malayalam,Non-depressed,train,48000,2,PCM_16,2.4065625,8d158a853fa84f4eb6bca1b9cf66cd62
NLP Dataset/Malayalam/Non_depressed/Train_set/ND2_0075.wav,ND2_0075.wav,Malayalam,Non-depressed,train,48000,2,PCM_16,3.0704166666666666,1d96c4bd55710262685f07b3adabe41d
NLP Dataset/Malayalam/Non_depressed/Train_set/ND2_0076.wav,ND2_0076.wav,Malayalam,Non-depressed,train,48000,2,PCM_16,4.232208333333333,066014566b48f634d802a6d9fa606f82
NLP Dataset/Malayalam/Non_depressed/Train_set/ND2_0077.wav,ND2_0077.wav,Malayalam,Non-depressed,train,48000,2,PCM_16,2.7384791666666666,119207dcaf21fa60ada50153d69ae315
NLP Dataset/Malayalam/Non_depressed/Train_set/ND2_0078.wav,ND2_0078.wav,Malayalam,Non-depressed,train,48000,2,PCM_16,2.5725208333333334,76636d3dcadf5551ccf7cd948c4c45d7
NLP Dataset/Malayalam/Non_depressed/Train_set/ND2_0079.wav,ND2_0079.wav,Malayalam,Non-depressed,train,48000,2,PCM_16,5.8571875,2082c36d9a1b39a8912721010d7df908
NLP Dataset/Malayalam/Non_depressed/Train_set/ND2_0080.wav,ND2_0080.wav,Malayalam,Non-depressed,train,48000,2,PCM_16,4.116583333333334,a52f4b8b5dee69a6614ba10d38055436
NLP Dataset/Malayalam/Non_depressed/Train_set/ND2_0081.wav,ND2_0081.wav,Malayalam,Non-depressed,train,48000,2,PCM_16,5.774291666666667,c1c2798d75d242c75281a549dd6c0128
NLP Dataset/Malayalam/Non_depressed/Train_set/ND2_0082.wav,ND2_0082.wav,Malayalam,Non-depressed,train,48000,2,PCM_16,3.425895833333333,33d017d7cd80024c386f5e54873a30f1
NLP Dataset/Malayalam/Non_depressed/Train_set/ND2_0083.wav,ND2_0083.wav,Malayalam,Non-depressed,train,48000,2,PCM_16,4.807291666666667,6d1f471d4a13fe42b6b1d755316c4188
NLP Dataset/Malayalam/Non_depressed/Train_set/ND2_0084.wav,ND2_0084.wav,Malayalam,Non-depressed,train,48000,2,PCM_16,6.2439583333333335,b6def778dc19d068da1a4d8f152bce7d
NLP Dataset/Malayalam/Non_depressed/Train_set/ND2_0085.wav,ND2_0085.wav,Malayalam,Non-depressed,train,48000,2,PCM_16,7.266208333333333,3c3efc69d0fc77349b085de15ccb2345
NLP Dataset/Malayalam/Non_depressed/Train_set/ND2_0086.wav,ND2_0086.wav,Malayalam,Non-depressed,train,48000,2,PCM_16,2.4036458333333335,1fe67c1d2dc828f69a4d04bc9e9eda0a
NLP Dataset/Malayalam/Non_depressed/Train_set/ND2_0087.wav,ND2_0087.wav,Malayalam,Non-depressed,train,48000,2,PCM_16,4.337604166666667,3ff9738b57761e8bc199e3c61dff5ba6
NLP Dataset/Malayalam/Non_depressed/Train_set/ND2_0088.wav,ND2_0088.wav,Malayalam,Non-depressed,train,48000,2,PCM_16,4.199479166666666,e65f10509a8589a149ee0bee62452ab1
NLP Dataset/Malayalam/Non_depressed/Train_set/ND2_0089.wav,ND2_0089.wav,Malayalam,Non-depressed,train,48000,2,PCM_16,3.591666666666667,c2b4e067d6b6dbd930d27ac3790b6b94
NLP Dataset/Malayalam/Non_depressed/Train_set/ND2_0090.wav,ND2_0090.wav,Malayalam,Non-depressed,train,48000,2,PCM_16,4.227125,1b98d989e231aa269124e36fac74e1ef
NLP Dataset/Malayalam/Non_depressed/Train_set/ND2_0091.wav,ND2_0091.wav,Malayalam,Non-depressed,train,48000,2,PCM_16,5.111208333333333,4be15aa719597dd8459be74d4bce6650
NLP Dataset/Malayalam/Non_depressed/Train_set/ND2_0092.wav,ND2_0092.wav,Malayalam,Non-depressed,train,48000,2,PCM_16,3.3076458333333334,1473c5ec72c4a549c13c32b484c37f56
NLP Dataset/Malayalam/Non_depressed/Train_set/ND2_0093.wav,ND2_0093.wav,Malayalam,Non-depressed,train,48000,2,PCM_16,2.6933541666666665,ef3f2c8a69a763a22b6405246dc3ada2
NLP Dataset/Malayalam/Non_depressed/Train_set/ND2_0094.wav,ND2_0094.wav,Malayalam,Non-depressed,train,48000,2,PCM_16,6.19,4284843cb04d5b9f1b16ac6e9a9425a8
NLP Dataset/Malayalam/Non_depressed/Train_set/ND2_0095.wav,ND2_0095.wav,Malayalam,Non-depressed,train,48000,2,PCM_16,3.7801458333333335,144969a20b1c8d9e25d0ea908fef82fe
NLP Dataset/Malayalam/Non_depressed/Train_set/ND2_0096.wav,ND2_0096.wav,Malayalam,Non-depressed,train,48000,2,PCM_16,5.150458333333333,54d76e360b2d619d28b809d372911640
NLP Dataset/Malayalam/Non_depressed/Train_set/ND2_0097.wav,ND2_0097.wav,Malayalam,Non-depressed,train,48000,2,PCM_16,6.898770833333334,6024a378a1c8ca2ef40fc00bad0347ac
NLP Dataset/Malayalam/Non_depressed/Train_set/ND2_0098.wav,ND2_0098.wav,Malayalam,Non-depressed,train,48000,2,PCM_16,6.0955,130ef5912a6d77f4262391a21a8b24a6
NLP Dataset/Malayalam/Non_depressed/Train_set/ND2_0099.wav,ND2_0099.wav,Malayalam,Non-depressed,train,48000,2,PCM_16,3.9691666666666667,9c12034cf8efc056a156c35ab343db95
NLP Dataset/Malayalam/Non_depressed/Train_set/ND2_0100.wav,ND2_0100.wav,Malayalam,Non-depressed,train,48000,2,PCM_16,7.276791666666667,68e3e868416cd892db068e7899da5e51
NLP Dataset/Malayalam/Non_depressed/Train_set/ND2_0101.wav,ND2_0101.wav,Malayalam,Non-depressed,train,48000,2,PCM_16,2.929625,d3afb190ed905664e58ddc45402af0df
NLP Dataset/Malayalam/Non_depressed/Train_set/ND2_0102.wav,ND2_0102.wav,Malayalam,Non-depressed,train,48000,2,PCM_16,3.6147708333333335,b5f1567ab052c2020749073003b5dc1b
NLP Dataset/Malayalam/Non_depressed/Train_set/ND2_0103.wav,ND2_0103.wav,Malayalam,Non-depressed,train,48000,2,PCM_16,2.8115,2b5f8e4b149042444cc54f86fb15b7ac
NLP Dataset/Malayalam/Non_depressed/Train_set/ND2_0104.wav,ND2_0104.wav,Malayalam,Non-depressed,train,48000,2,PCM_16,4.6306875,454dde2404e562e9c952638cbfc7eb35
NLP Dataset/Malayalam/Non_depressed/Train_set/ND2_0105.wav,ND2_0105.wav,Malayalam,Non-depressed,train,48000,2,PCM_16,5.812,570a4ea893cb1b5ae796c41505fdc39e
NLP Dataset/Malayalam/Non_depressed/Train_set/ND2_0106.wav,ND2_0106.wav,Malayalam,Non-depressed,train,48000,2,PCM_16,3.7092708333333335,4c5c76e720371266645df9583db578e7
NLP Dataset/Malayalam/Non_depressed/Train_set/ND2_0107.wav,ND2_0107.wav,Malayalam,Non-depressed,train,48000,2,PCM_16,2.5534166666666667,96a582143de8a844ab835b03d1a4593d
NLP Dataset/Malayalam/Non_depressed/Train_set/ND2_0108.wav,ND2_0108.wav,Malayalam,Non-depressed,train,48000,2,PCM_16,5.528479166666667,4c5f3f1a14e3e50592788f0ce281ff18
NLP Dataset/Malayalam/Non_depressed/Train_set/ND2_0109.wav,ND2_0109.wav,Malayalam,Non-depressed,train,48000,2,PCM_16,5.126833333333333,5b5351e40fcf798cd4b19662d5ad9b23
NLP Dataset/Malayalam/Non_depressed/Train_set/ND2_0110.wav,ND2_0110.wav,Malayalam,Non-depressed,train,48000,2,PCM_16,7.418541666666667,21e2fba4c295a28fd28446a747b64c8a
NLP Dataset/Malayalam/Non_depressed/Train_set/ND2_0111.wav,ND2_0111.wav,Malayalam,Non-depressed,train,48000,2,PCM_16,3.7328958333333335,eb2831da214318c58c41c6a7f686df4c
NLP Dataset/Malayalam/Non_depressed/Train_set/ND2_0112.wav,ND2_0112.wav,Malayalam,Non-depressed,train,48000,2,PCM_16,3.4966458333333335,20023d68ea35288e67755160389306cb
NLP Dataset/Malayalam/Non_depressed/Train_set/ND2_0113.wav,ND2_0113.wav,Malayalam,Non-depressed,train,48000,2,PCM_16,3.3076458333333334,35dfc1f01cf531e34927615613dc7109
NLP Dataset/Malayalam/Non_depressed/Train_set/ND2_0114.wav,ND2_0114.wav,Malayalam,Non-depressed,train,48000,2,PCM_16,4.5125625,64307d390cbd832285d1f042d62abe0f
NLP Dataset/Malayalam/Non_depressed/Train_set/ND2_0115.wav,ND2_0115.wav,Malayalam,Non-depressed,train,48000,2,PCM_16,4.063666666666666,49b998ea09401a3ebc449602dfde2762
NLP Dataset/Malayalam/Non_depressed/Train_set/ND2_0116.wav,ND2_0116.wav,Malayalam,Non-depressed,train,48000,2,PCM_16,3.118625,3761dc4bcced08af5dba5aeeb567ddf5
NLP Dataset/Malayalam/Non_depressed/Train_set/ND2_0117.wav,ND2_0117.wav,Malayalam,Non-depressed,train,48000,2,PCM_16,5.339458333333333,93e1f985eefd9b97e56880b523c0f231
NLP Dataset/Malayalam/Non_depressed/Train_set/ND2_0118.wav,ND2_0118.wav,Malayalam,Non-depressed,train,48000,2,PCM_16,2.079083333333333,6670811863160f1c71120d0cbfc3fb51
NLP Dataset/Malayalam/Non_depressed/Train_set/ND2_0119.wav,ND2_0119.wav,Malayalam,Non-depressed,train,48000,2,PCM_16,4.666666666666667,742c0853a1e257743681b39ce46c5054
NLP Dataset/Malayalam/Non_depressed/Train_set/ND2_0120.wav,ND2_0120.wav,Malayalam,Non-depressed,train,48000,2,PCM_16,2.8685,eeb607639212e7dec177cd8c22d4a993
NLP Dataset/Malayalam/Non_depressed/Train_set/ND2_0121.wav,ND2_0121.wav,Malayalam,Non-depressed,train,48000,2,PCM_16,2.5259791666666667,6292ce5ccddad488ad23284be623b0e6
NLP Dataset/Malayalam/Non_depressed/Train_set/ND2_0122.wav,ND2_0122.wav,Malayalam,Non-depressed,train,48000,2,PCM_16,5.180416666666667,61d8df4c3cb7aa5f717318b5e14e2685
NLP Dataset/Malayalam/Non_depressed/Train_set/ND2_0123.wav,ND2_0123.wav,Malayalam,Non-depressed,train,48000,2,PCM_16,3.1682083333333333,7045424998523321711fce4c5d344aee
NLP Dataset/Malayalam/Non_depressed/Train_set/ND2_0124.wav,ND2_0124.wav,Malayalam,Non-depressed,train,48000,2,PCM_16,3.8532083333333333,659b4eaa132e94da04349ace690e5454
NLP Dataset/Malayalam/Non_depressed/Train_set/ND2_0125.wav,ND2_0125.wav,Malayalam,Non-depressed,train,48000,2,PCM_16,2.8685,0c9a74ea41f1811d3a97c538cb5ad25f
NLP Dataset/Malayalam/Non_depressed/Train_set/ND2_0126.wav,ND2_0126.wav,Malayalam,Non-depressed,train,48000,2,PCM_16,5.9510625,339a7fcf13cfa73cafc2ea0726c1e465
NLP Dataset/Malayalam/Non_depressed/Train_set/ND2_0127.wav,ND2_0127.wav,Malayalam,Non-depressed,train,48000,2,PCM_16,6.8929583333333335,a0d5de2b649fab5061134f9bff54b491
NLP Dataset/Malayalam/Non_depressed/Train_set/ND2_0128.wav,ND2_0128.wav,Malayalam,Non-depressed,train,48000,2,PCM_16,2.782875,93c7da7f1ec7522d5eeb76ca4a0ee4d5
NLP Dataset/Malayalam/Non_depressed/Train_set/ND2_0129.wav,ND2_0129.wav,Malayalam,Non-depressed,train,48000,2,PCM_16,6.507645833333333,c40ae48bac96d63d318cfb6331b81cf9
NLP Dataset/Malayalam/Non_depressed/Train_set/ND2_0130.wav,ND2_0130.wav,Malayalam,Non-depressed,train,48000,2,PCM_16,4.110083333333334,c5c238deb4425820d68f0d0c6d639e4b
NLP Dataset/Malayalam/Non_depressed/Train_set/ND2_0131.wav,ND2_0131.wav,Malayalam,Non-depressed,train,48000,2,PCM_16,7.192666666666667,b9e31eba45b3ca20d90ba58c93b039b3
NLP Dataset/Malayalam/Non_depressed/Train_set/ND2_0132.wav,ND2_0132.wav,Malayalam,Non-depressed,train,48000,2,PCM_16,4.7951041666666665,3ca6f9a15467ea641ba9a751fbe5997b
NLP Dataset/Malayalam/Non_depressed/Train_set/ND2_0133.wav,ND2_0133.wav,Malayalam,Non-depressed,train,48000,2,PCM_16,3.8960416666666666,0efdbc0770bdfef5e9fbe6e69017416d
NLP Dataset/Malayalam/Non_depressed/Train_set/ND2_0134.wav,ND2_0134.wav,Malayalam,Non-depressed,train,48000,2,PCM_16,3.253833333333333,bba12426db4f3de8d2a282906271d475
NLP Dataset/Malayalam/Non_depressed/Train_set/ND2_0135.wav,ND2_0135.wav,Malayalam,Non-depressed,train,48000,2,PCM_16,5.009166666666666,38e14533fc11fe8dea0eb753ce753f51
NLP Dataset/Malayalam/Non_depressed/Train_set/ND2_0136.wav,ND2_0136.wav,Malayalam,Non-depressed,train,48000,2,PCM_16,7.235458333333334,ac7b135c965b36db09e03c1bbe3ae9ec
NLP Dataset/Malayalam/Non_depressed/Train_set/ND2_0137.wav,ND2_0137.wav,Malayalam,Non-depressed,train,48000,2,PCM_16,3.3394375,b3b4f96737182209e7f6bcda27dd600f
NLP Dataset/Malayalam/Non_depressed/Train_set/ND2_0138.wav,ND2_0138.wav,Malayalam,Non-depressed,train,48000,2,PCM_16,3.3394375,98096a1de698db55fd28c9fec15ec518
NLP Dataset/Malayalam/Non_depressed/Train_set/ND2_0139.wav,ND2_0139.wav,Malayalam,Non-depressed,train,48000,2,PCM_16,4.110083333333334,56e35ebf351599ac06e7508b0e73d8ef
NLP Dataset/Malayalam/Non_depressed/Train_set/ND2_0140.wav,ND2_0140.wav,Malayalam,Non-depressed,train,48000,2,PCM_16,2.1835,77c93b7dcbaf770d93324ef024b96c08
NLP Dataset/Malayalam/Non_depressed/Train_set/ND2_0141.wav,ND2_0141.wav,Malayalam,Non-depressed,train,48000,2,PCM_16,2.311916666666667,aee5ab11b8d32f8d0863cc43a2bc4973
NLP Dataset/Malayalam/Non_depressed/Train_set/ND2_0142.wav,ND2_0142.wav,Malayalam,Non-depressed,train,48000,2,PCM_16,2.4831875,808b4dbd5f88934e0103e4743e54ffe8
NLP Dataset/Malayalam/Non_depressed/Train_set/ND2_0143.wav,ND2_0143.wav,Malayalam,Non-depressed,train,48000,2,PCM_16,6.165125,fdfacb24398e48aae3f36c56105246ff
NLP Dataset/Malayalam/Non_depressed/Train_set/ND2_0144.wav,ND2_0144.wav,Malayalam,Non-depressed,train,48000,2,PCM_16,3.810395833333333,53ad36946be445791c5b2dc911cfe38c
NLP Dataset/Malayalam/Non_depressed/Train_set/ND2_0145.wav,ND2_0145.wav,Malayalam,Non-depressed,train,48000,2,PCM_16,4.110104166666667,8247202dd1a5e8a36954c4b1e63a9945
NLP Dataset/Malayalam/Non_depressed/Train_set/ND2_0146.wav,ND2_0146.wav,Malayalam,Non-depressed,train,48000,2,PCM_16,3.467875,6117763b2a1f59260a11dcbd5b79d5f3
NLP Dataset/Malayalam/Non_depressed/Train_set/ND2_0147.wav,ND2_0147.wav,Malayalam,Non-depressed,train,48000,2,PCM_16,5.651375,082dfd2578420fa9a6a009cf72ef2ea9
NLP Dataset/Malayalam/Non_depressed/Train_set/ND2_0148.wav,ND2_0148.wav,Malayalam,Non-depressed,train,48000,2,PCM_16,5.22325,6ad6006b785c6e50f1a1647a9d44138c
NLP Dataset/Malayalam/Non_depressed/Train_set/ND2_0149.wav,ND2_0149.wav,Malayalam,Non-depressed,train,48000,2,PCM_16,3.1681875,1b8feeef7174abc5f864110c36e2e333
NLP Dataset/Malayalam/Non_depressed/Train_set/ND2_0150.wav,ND2_0150.wav,Malayalam,Non-depressed,train,48000,2,PCM_16,6.764520833333333,a874064b5ceb9a335f08e18b2e44d072
NLP Dataset/Malayalam/Non_depressed/Train_set/ND2_0151.wav,ND2_0151.wav,Malayalam,Non-depressed,train,48000,2,PCM_16,6.8929583333333335,329dca8dbc1a84174196eb5fb247004a
NLP Dataset/Malayalam/Non_depressed/Train_set/ND2_0152.wav,ND2_0152.wav,Malayalam,Non-depressed,train,48000,2,PCM_16,5.22325,4ed63672a2a559e603bdce29ed65b4f7
NLP Dataset/Malayalam/Non_depressed/Train_set/ND2_0153.wav,ND2_0153.wav,Malayalam,Non-depressed,train,48000,2,PCM_16,6.165145833333334,91fc998412118401484a192d69994748
NLP Dataset/Malayalam/Non_depressed/Train_set/ND2_0154.wav,ND2_0154.wav,Malayalam,Non-depressed,train,48000,2,PCM_16,3.4250833333333333,e337aab882ab8f5f440cc5ece3a3e592
NLP Dataset/Malayalam/Non_depressed/Train_set/ND2_0155.wav,ND2_0155.wav,Malayalam,Non-depressed,train,48000,2,PCM_16,5.651375,6cc08ccb177074e953945c3bd5a083a2
NLP Dataset/Malayalam/Non_depressed/Train_set/ND2_0156.wav,ND2_0156.wav,Malayalam,Non-depressed,train,48000,2,PCM_16,7.021416666666667,bed968379cde6cc409383f9bea9db2df
NLP Dataset/Malayalam/Non_depressed/Train_set/ND2_0157.wav,ND2_0157.wav,Malayalam,Non-depressed,train,48000,2,PCM_16,5.865458333333334,50366b33de6cfb6b7150ed607c0428c5
NLP Dataset/Malayalam/Non_depressed/Train_set/ND2_0158.wav,ND2_0158.wav,Malayalam,Non-depressed,train,48000,2,PCM_16,7.449541666666667,dd12c640db1d14e1838f34a94514e349
NLP Dataset/Malayalam/Non_depressed/Train_set/ND2_0159.wav,ND2_0159.wav,Malayalam,Non-depressed,train,48000,2,PCM_16,5.394479166666667,8e0eea1dc053c3dbbe3fbfc9f1e7c8c5
NLP Dataset/Malayalam/Non_depressed/Train_set/ND2_0160.wav,ND2_0160.wav,Malayalam,Non-depressed,train,48000,2,PCM_16,5.737,889796673b76d36aa4e1c12ed14adc83
NLP Dataset/Malayalam/Non_depressed/Train_set/ND2_0161.wav,ND2_0161.wav,Malayalam,Non-depressed,train,48000,2,PCM_16,5.7798125,f4ea81b113a4ad2b35610d33a84eea72
NLP Dataset/Malayalam/Non_depressed/Train_set/ND2_0162.wav,ND2_0162.wav,Malayalam,Non-depressed,train,48000,2,PCM_16,4.880729166666667,2f790f62a3f3efd2c107668ded2b17a8
NLP Dataset/Malayalam/Non_depressed/Train_set/ND2_0163.wav,ND2_0163.wav,Malayalam,Non-depressed,train,48000,2,PCM_16,4.452583333333333,445aa2300d46440df1337a7399b1b674
NLP Dataset/Malayalam/Non_depressed/Train_set/ND2_0164.wav,ND2_0164.wav,Malayalam,Non-depressed,train,48000,2,PCM_16,6.764520833333333,fdbc5338449813c8b1f3d4256cd0f17c
NLP Dataset/Malayalam/Non_depressed/Train_set/ND2_0165.wav,ND2_0165.wav,Malayalam,Non-depressed,train,48000,2,PCM_16,6.464833333333333,ed0f9a5912d087b8fe07696fe3ae3221
NLP Dataset/Malayalam/Non_depressed/Train_set/ND2_0166.wav,ND2_0166.wav,Malayalam,Non-depressed,train,48000,2,PCM_16,2.7400625,d0c896b49529b6a69e90a6300ae3ffca
NLP Dataset/Malayalam/Non_depressed/Train_set/ND2_0167.wav,ND2_0167.wav,Malayalam,Non-depressed,train,48000,2,PCM_16,4.837916666666667,af2fb1701f8a7790996c91ccafda78cb
NLP Dataset/Malayalam/Non_depressed/Train_set/ND2_0168.wav,ND2_0168.wav,Malayalam,Non-depressed,train,48000,2,PCM_16,6.0366875,b0a709fec0c7f8a8caefad10ea98a482
NLP Dataset/Malayalam/Non_depressed/Train_set/ND2_0169.wav,ND2_0169.wav,Malayalam,Non-depressed,train,48000,2,PCM_16,4.935375,307e598ecfdaffb05d503ef46e4bc2dc
NLP Dataset/Malayalam/Non_depressed/Train_set/ND2_0170.wav,ND2_0170.wav,Malayalam,Non-depressed,train,48000,2,PCM_16,4.0380416666666665,79b4e869ce3a710bb1985f8a94ba669e
NLP Dataset/Malayalam/Non_depressed/Train_set/ND2_0171.wav,ND2_0171.wav,Malayalam,Non-depressed,train,48000,2,PCM_16,3.679104166666667,4e211e7586a9225ee71af423fed0fb66
NLP Dataset/Malayalam/Non_depressed/Train_set/ND2_0172.wav,ND2_0172.wav,Malayalam,Non-depressed,train,48000,2,PCM_16,2.8715,38cb7f4f0a403b59bf44ea129642a73e
NLP Dataset/Malayalam/Non_depressed/Train_set/ND2_0173.wav,ND2_0173.wav,Malayalam,Non-depressed,train,48000,2,PCM_16,2.7817708333333333,9a99060d2de1399f6c7913103d2645bd
NLP Dataset/Malayalam/Non_depressed/Train_set/ND2_0174.wav,ND2_0174.wav,Malayalam,Non-depressed,train,48000,2,PCM_16,2.9612291666666666,4dcec0508d9837f34e2010714aa6edef
NLP Dataset/Malayalam/Non_depressed/Train_set/ND2_0175.wav,ND2_0175.wav,Malayalam,Non-depressed,train,48000,2,PCM_16,6.191666666666666,46176f120a2bce76d0161919b454b6ea
NLP Dataset/Malayalam/Non_depressed/Train_set/ND2_0176.wav,ND2_0176.wav,Malayalam,Non-depressed,train,48000,2,PCM_16,4.576458333333333,9225c8dd1202285ad78fbdedbe65d13b
NLP Dataset/Malayalam/Non_depressed/Train_set/ND2_0177.wav,ND2_0177.wav,Malayalam,Non-depressed,train,48000,2,PCM_16,5.922458333333333,d82b5d075175f7ef321b62cd59daefd2
NLP Dataset/Malayalam/Non_depressed/Train_set/ND2_0178.wav,ND2_0178.wav,Malayalam,Non-depressed,train,48000,2,PCM_16,2.6920208333333333,dc6b541fd0849197eed6c253b112ec8c
NLP Dataset/Malayalam/Non_depressed/Train_set/ND2_0179.wav,ND2_0179.wav,Malayalam,Non-depressed,train,48000,2,PCM_16,7.268479166666666,a867c2d8bb3aaabc5623eaa6ce1aa53c
NLP Dataset/Malayalam/Non_depressed/Train_set/ND2_0180.wav,ND2_0180.wav,Malayalam,Non-depressed,train,48000,2,PCM_16,3.679104166666667,11fe5a6ca7630df3fcfae2ead8cf4612
NLP Dataset/Malayalam/Non_depressed/Train_set/ND3_0001.wav,ND3_0001.wav,Malayalam,Non-depressed,train,48000,2,PCM_16,4.5,a0153d0cdae0364b238254ef1d95aa5b
NLP Dataset/Malayalam/Non_depressed/Train_set/ND3_0002.wav,ND3_0002.wav,Malayalam,Non-depressed,train,48000,2,PCM_16,4.6425,78919ef29427b31e3cf63d602c15dc6f
NLP Dataset/Malayalam/Non_depressed/Train_set/ND3_0003.wav,ND3_0003.wav,Malayalam,Non-depressed,train,48000,2,PCM_16,3.15,efed492f527343bd60b17d1aceb6d440
NLP Dataset/Malayalam/Non_depressed/Train_set/ND3_0004.wav,ND3_0004.wav,Malayalam,Non-depressed,train,48000,2,PCM_16,6.535,4c649b977d60e698a04ce08996f9ca63
NLP Dataset/Malayalam/Non_depressed/Train_set/ND3_0005.wav,ND3_0005.wav,Malayalam,Non-depressed,train,48000,2,PCM_16,6.0125,fe39b0f0baaaf2bce0dc6c01d5158cc6
NLP Dataset/Malayalam/Non_depressed/Train_set/ND3_0006.wav,ND3_0006.wav,Malayalam,Non-depressed,train,48000,2,PCM_16,5.2525,c5cb2bc2f4647e4184d76f7b197d3f6a
NLP Dataset/Malayalam/Non_depressed/Train_set/ND3_0007.wav,ND3_0007.wav,Malayalam,Non-depressed,train,48000,2,PCM_16,3.8475,1cdbbb76e267ffc06ac314912ed1d928
NLP Dataset/Malayalam/Non_depressed/Train_set/ND3_0008.wav,ND3_0008.wav,Malayalam,Non-depressed,train,48000,2,PCM_16,6.8375,61f956da56d9794b22ef0cec84c0eb93
NLP Dataset/Malayalam/Non_depressed/Train_set/ND3_0009.wav,ND3_0009.wav,Malayalam,Non-depressed,train,48000,2,PCM_16,3.8175,2863f5968a42904a076efa6a51002586
NLP Dataset/Malayalam/Non_depressed/Train_set/ND3_0010.wav,ND3_0010.wav,Malayalam,Non-depressed,train,48000,2,PCM_16,2.9225,92689f10339b2772ff348d7009c4fc6b
NLP Dataset/Malayalam/Non_depressed/Train_set/ND3_0011.wav,ND3_0011.wav,Malayalam,Non-depressed,train,48000,2,PCM_16,5.985,48a76953d1c10aaf7cbdc99bc0bba550
NLP Dataset/Malayalam/Non_depressed/Train_set/ND3_0012.wav,ND3_0012.wav,Malayalam,Non-depressed,train,48000,2,PCM_16,6.8925,417e509c538631df50bb720cca2aeaf6
NLP Dataset/Malayalam/Non_depressed/Train_set/ND3_0013.wav,ND3_0013.wav,Malayalam,Non-depressed,train,48000,2,PCM_16,2.81,7555e4c8103d5bee7c14785049752f64
NLP Dataset/Malayalam/Non_depressed/Train_set/ND3_0014.wav,ND3_0014.wav,Malayalam,Non-depressed,train,48000,2,PCM_16,6.5675,e3d17080750b98045a5522ed03e6b621
NLP Dataset/Malayalam/Non_depressed/Train_set/ND3_0015.wav,ND3_0015.wav,Malayalam,Non-depressed,train,48000,2,PCM_16,6.294979166666667,2f6a600d410bbeacd976f269cf9c11f8
NLP Dataset/Malayalam/Non_depressed/Train_set/ND3_0016.wav,ND3_0016.wav,Malayalam,Non-depressed,train,48000,2,PCM_16,2.755,788ed1d76d30eff209356e2fd91507e9
NLP Dataset/Malayalam/Non_depressed/Train_set/ND3_0017.wav,ND3_0017.wav,Malayalam,Non-depressed,train,48000,2,PCM_16,4.7825,e1f1b99840dd3b09eb62766d4cb6f42a
NLP Dataset/Malayalam/Non_depressed/Train_set/ND3_0018.wav,ND3_0018.wav,Malayalam,Non-depressed,train,48000,2,PCM_16,6.1825,a3630a45be82bd90f05f4bdb4aa97763
NLP Dataset/Malayalam/Non_depressed/Train_set/ND3_0019.wav,ND3_0019.wav,Malayalam,Non-depressed,train,48000,2,PCM_16,5.550020833333333,f5a9704de97f03edab85098bbf940ff1
NLP Dataset/Malayalam/Non_depressed/Train_set/ND3_0020.wav,ND3_0020.wav,Malayalam,Non-depressed,train,48000,2,PCM_16,2.4425,3fb83325c45dbfa07c9e9bfdfcef5fac
NLP Dataset/Malayalam/Non_depressed/Train_set/ND3_0021.wav,ND3_0021.wav,Malayalam,Non-depressed,train,48000,2,PCM_16,4.27,79d81ce57c10ddb82551d6f8cf2456a0
NLP Dataset/Malayalam/Non_depressed/Train_set/ND3_0022.wav,ND3_0022.wav,Malayalam,Non-depressed,train,48000,2,PCM_16,6.645,9306018f600010315ef5e9dd0a789b86
NLP Dataset/Malayalam/Non_depressed/Train_set/ND3_0023.wav,ND3_0023.wav,Malayalam,Non-depressed,train,48000,2,PCM_16,4.2225,44268da0ab37ac3088babb5d41cdcaac
NLP Dataset/Malayalam/Non_depressed/Train_set/ND3_0024.wav,ND3_0024.wav,Malayalam,Non-depressed,train,48000,2,PCM_16,7.135,909edfe6c137ca3657d4b81ff9e7b9ad
NLP Dataset/Malayalam/Non_depressed/Train_set/ND3_0025.wav,ND3_0025.wav,Malayalam,Non-depressed,train,48000,2,PCM_16,3.4525,703b2e520c3c7705d77074f3ad5e49aa
NLP Dataset/Malayalam/Non_depressed/Train_set/ND3_0026.wav,ND3_0026.wav,Malayalam,Non-depressed,train,48000,2,PCM_16,3.4825,40e2e986324aa5c42768efa7cf61baca
NLP Dataset/Malayalam/Non_depressed/Train_set/ND3_0027.wav,ND3_0027.wav,Malayalam,Non-depressed,train,48000,2,PCM_16,2.5425,5644536c2884f93725c4797eb29e02aa
NLP Dataset/Malayalam/Non_depressed/Train_set/ND3_0028.wav,ND3_0028.wav,Malayalam,Non-depressed,train,48000,2,PCM_16,2.85,338de07374cf7617251158ab02d9089d
NLP Dataset/Malayalam/Non_depressed/Train_set/ND3_0029.wav,ND3_0029.wav,Malayalam,Non-depressed,train,48000,2,PCM_16,2.025,b750a9215f7ff3be7e6ee461bbfeb650
NLP Dataset/Malayalam/Non_depressed/Train_set/ND3_0030.wav,ND3_0030.wav,Malayalam,Non-depressed,train,48000,2,PCM_16,3.3625,b8f3aa489b884ed1923050e6a37fc906
NLP Dataset/Malayalam/Non_depressed/Train_set/ND3_0031.wav,ND3_0031.wav,Malayalam,Non-depressed,train,48000,2,PCM_16,2.085,bce1d98c62acf137a5d586896640c5ea
NLP Dataset/Malayalam/Non_depressed/Train_set/ND3_0032.wav,ND3_0032.wav,Malayalam,Non-depressed,train,48000,2,PCM_16,3.235,20995bfe8cd9c1d94b85a5fe866f82c3
NLP Dataset/Malayalam/Non_depressed/Train_set/ND3_0033.wav,ND3_0033.wav,Malayalam,Non-depressed,train,48000,2,PCM_16,7.035,bde9023b65736393626f4ec363f30801
NLP Dataset/Malayalam/Non_depressed/Train_set/ND3_0034.wav,ND3_0034.wav,Malayalam,Non-depressed,train,48000,2,PCM_16,2.075,0a6aacfd5f985f737ce38e18d51a85e4
NLP Dataset/Malayalam/Non_depressed/Train_set/ND3_0035.wav,ND3_0035.wav,Malayalam,Non-depressed,train,48000,2,PCM_16,3.9575,5c94686f030d1716f8fb4af6cd507d43
NLP Dataset/Malayalam/Non_depressed/Train_set/ND3_0036.wav,ND3_0036.wav,Malayalam,Non-depressed,train,48000,2,PCM_16,5.084979166666667,a33e87aedea37364bb3d790e335313f7
NLP Dataset/Malayalam/Non_depressed/Train_set/ND3_0037.wav,ND3_0037.wav,Malayalam,Non-depressed,train,48000,2,PCM_16,5.165020833333333,c59938b9de74b0ce9b01d4ab53120099
NLP Dataset/Malayalam/Non_depressed/Train_set/ND3_0038.wav,ND3_0038.wav,Malayalam,Non-depressed,train,48000,2,PCM_16,2.685,36bda5d71676ee05fb0bd50a8bb2d2e5
NLP Dataset/Malayalam/Non_depressed/Train_set/ND3_0039.wav,ND3_0039.wav,Malayalam,Non-depressed,train,48000,2,PCM_16,6.1075,99f43432ff1d86d4fe77536c3cb77bb8
NLP Dataset/Malayalam/Non_depressed/Train_set/ND3_0040.wav,ND3_0040.wav,Malayalam,Non-depressed,train,48000,2,PCM_16,3.0325,74dffc9a6a6b6b5385d2f591b4cd8f60
NLP Dataset/Malayalam/Non_depressed/Train_set/ND3_0041.wav,ND3_0041.wav,Malayalam,Non-depressed,train,48000,2,PCM_16,5.1175,f36cc4691ed3e934de65a0ac3ecc0569
NLP Dataset/Malayalam/Non_depressed/Train_set/ND3_0042.wav,ND3_0042.wav,Malayalam,Non-depressed,train,48000,2,PCM_16,2.565,74f76ff908b6e4e881919d93f7f7c915
NLP Dataset/Malayalam/Non_depressed/Train_set/ND3_0043.wav,ND3_0043.wav,Malayalam,Non-depressed,train,48000,2,PCM_16,3.9549791666666665,f9ee175b7712355fbbb06034485e5f53
NLP Dataset/Malayalam/Non_depressed/Train_set/ND3_0044.wav,ND3_0044.wav,Malayalam,Non-depressed,train,48000,2,PCM_16,5.38,85b40822c374c4d0d3951f482e7e9942
NLP Dataset/Malayalam/Non_depressed/Train_set/ND3_0045.wav,ND3_0045.wav,Malayalam,Non-depressed,train,48000,2,PCM_16,3.68,7168c42b81a84cd20b70b0ea9b178d5b
NLP Dataset/Malayalam/Non_depressed/Train_set/ND3_0046.wav,ND3_0046.wav,Malayalam,Non-depressed,train,48000,2,PCM_16,1.6925,f5b73bbb8af74a756744f9b4ca0b2a42
NLP Dataset/Malayalam/Non_depressed/Train_set/ND3_0047.wav,ND3_0047.wav,Malayalam,Non-depressed,train,48000,2,PCM_16,2.87,fc7b98f00ac131d745502cac4ffc486e
NLP Dataset/Malayalam/Non_depressed/Train_set/ND3_0048.wav,ND3_0048.wav,Malayalam,Non-depressed,train,48000,2,PCM_16,3.0325,1d0cd5e4f2c184c140c3b70fa06d7ead
NLP Dataset/Malayalam/Non_depressed/Train_set/ND3_0049.wav,ND3_0049.wav,Malayalam,Non-depressed,train,48000,2,PCM_16,3.7,0f45d149ca66b66fd81cc1e3d50204a0
NLP Dataset/Malayalam/Non_depressed/Train_set/ND3_0050.wav,ND3_0050.wav,Malayalam,Non-depressed,train,48000,2,PCM_16,3.375,cfc63fde6986a1bb8c135f443991845d
NLP Dataset/Malayalam/Non_depressed/Train_set/ND3_0051.wav,ND3_0051.wav,Malayalam,Non-depressed,train,48000,2,PCM_16,2.205,7515a87e65989556c6d8e09f287eded7
NLP Dataset/Malayalam/Non_depressed/Train_set/ND3_0052.wav,ND3_0052.wav,Malayalam,Non-depressed,train,48000,2,PCM_16,3.74,38297f06bb31007707f9b956941e5317
NLP Dataset/Malayalam/Non_depressed/Train_set/ND3_0053.wav,ND3_0053.wav,Malayalam,Non-depressed,train,48000,2,PCM_16,3.5975,9e748cba1dd8705a0e82c59d4cadba28
NLP Dataset/Malayalam/Non_depressed/Train_set/ND3_0054.wav,ND3_0054.wav,Malayalam,Non-depressed,train,48000,2,PCM_16,6.7775,0619f89c8bd2e3cb84fc23af66905476
NLP Dataset/Malayalam/Non_depressed/Train_set/ND3_0055.wav,ND3_0055.wav,Malayalam,Non-depressed,train,48000,2,PCM_16,2.6025,5ada62ce9f9001dc5a77bc4cc39eec70
NLP Dataset/Malayalam/Non_depressed/Train_set/ND3_0056.wav,ND3_0056.wav,Malayalam,Non-depressed,train,48000,2,PCM_16,2.2475,80753fc32c58bce73394dea401be5d8e
NLP Dataset/Malayalam/Non_depressed/Train_set/ND3_0057.wav,ND3_0057.wav,Malayalam,Non-depressed,train,48000,2,PCM_16,4.0475,feb9e9fa48dd3869efbe4b450f3c4e66
NLP Dataset/Malayalam/Non_depressed/Train_set/ND3_0058.wav,ND3_0058.wav,Malayalam,Non-depressed,train,48000,2,PCM_16,3.3475,6b9be3bb1359e2c8b52dcc8cafc3bedc
NLP Dataset/Malayalam/Non_depressed/Train_set/ND3_0059.wav,ND3_0059.wav,Malayalam,Non-depressed,train,48000,2,PCM_16,3.4025,d522d633bdc5bad6be6efbbc32618e20
NLP Dataset/Malayalam/Non_depressed/Train_set/ND3_0060.wav,ND3_0060.wav,Malayalam,Non-depressed,train,48000,2,PCM_16,3.895,b87bf067bd3c268eec4229d5e5b49607
NLP Dataset/Malayalam/Non_depressed/Train_set/ND3_0061.wav,ND3_0061.wav,Malayalam,Non-depressed,train,48000,2,PCM_16,5.5875,196242299d77a7548fefd936a04603a4
NLP Dataset/Malayalam/Non_depressed/Train_set/ND3_0062.wav,ND3_0062.wav,Malayalam,Non-depressed,train,48000,2,PCM_16,3.39,91811f402fe1d5e4e6b4310cb9e2839d
NLP Dataset/Malayalam/Non_depressed/Train_set/ND3_0063.wav,ND3_0063.wav,Malayalam,Non-depressed,train,48000,2,PCM_16,5.325,f3e96d891220ff7dec3917b0bc48beb1
NLP Dataset/Malayalam/Non_depressed/Train_set/ND3_0064.wav,ND3_0064.wav,Malayalam,Non-depressed,train,48000,2,PCM_16,6.242479166666667,bc40e87aa5160198233a86f02ee8550f
NLP Dataset/Malayalam/Non_depressed/Train_set/ND3_0065.wav,ND3_0065.wav,Malayalam,Non-depressed,train,48000,2,PCM_16,6.34,94bf751b7c68a045a2ae42f05ed69dd9
NLP Dataset/Malayalam/Non_depressed/Train_set/ND3_0066.wav,ND3_0066.wav,Malayalam,Non-depressed,train,48000,2,PCM_16,6.0125,f32052d62363f7a7e8ce23a603053028
NLP Dataset/Malayalam/Non_depressed/Train_set/ND3_0067.wav,ND3_0067.wav,Malayalam,Non-depressed,train,48000,2,PCM_16,4.5675,45c02a3ec5a49f1573e4a85b379644e0
NLP Dataset/Malayalam/Non_depressed/Train_set/ND3_0068.wav,ND3_0068.wav,Malayalam,Non-depressed,train,48000,2,PCM_16,4.615,6aef2aa2149c0d301eaeedc2f71f695c
NLP Dataset/Malayalam/Non_depressed/Train_set/ND3_0069.wav,ND3_0069.wav,Malayalam,Non-depressed,train,48000,2,PCM_16,4.275,da0fa0b692bf0ed9cf0eea0b7932defc
NLP Dataset/Malayalam/Non_depressed/Train_set/ND3_0070.wav,ND3_0070.wav,Malayalam,Non-depressed,train,48000,2,PCM_16,3.4950208333333332,f4363422d12d70ac6e25cb20ebb4a022
NLP Dataset/Malayalam/Non_depressed/Train_set/ND3_0071.wav,ND3_0071.wav,Malayalam,Non-depressed,train,48000,2,PCM_16,2.7825,107e4a51d8ed802e6d8c2eaadff977ff
NLP Dataset/Malayalam/Non_depressed/Train_set/ND3_0072.wav,ND3_0072.wav,Malayalam,Non-depressed,train,48000,2,PCM_16,2.175,4e7c21007d13d315b4514235bd122144
NLP Dataset/Malayalam/Non_depressed/Train_set/ND3_0073.wav,ND3_0073.wav,Malayalam,Non-depressed,train,48000,2,PCM_16,2.8875,3de821c5babe98cbd4625f37f6bd241f
NLP Dataset/Malayalam/Non_depressed/Train_set/ND3_0074.wav,ND3_0074.wav,Malayalam,Non-depressed,train,48000,2,PCM_16,2.0325,42c0e40e0522b44b7fc34fd225fdaf3d
NLP Dataset/Malayalam/Non_depressed/Train_set/ND3_0075.wav,ND3_0075.wav,Malayalam,Non-depressed,train,48000,2,PCM_16,2.795,8aa4d2d55ee17eca591ab83f80065409
NLP Dataset/Malayalam/Non_depressed/Train_set/ND3_0076.wav,ND3_0076.wav,Malayalam,Non-depressed,train,48000,2,PCM_16,3.305,cf3a84b1bb2d17ba538ac02af5f06564
NLP Dataset/Malayalam/Non_depressed/Train_set/ND3_0077.wav,ND3_0077.wav,Malayalam,Non-depressed,train,48000,2,PCM_16,2.5,86ecb4c74e3c78b47349037e7c077b72
NLP Dataset/Malayalam/Non_depressed/Train_set/ND3_0078.wav,ND3_0078.wav,Malayalam,Non-depressed,train,48000,2,PCM_16,2.1975,4f36c9c973c265dd0d38526cd35c44a9
NLP Dataset/Malayalam/Non_depressed/Train_set/ND3_0079.wav,ND3_0079.wav,Malayalam,Non-depressed,train,48000,2,PCM_16,5.2325,daf27da16c579f8c323760ded0563726
NLP Dataset/Malayalam/Non_depressed/Train_set/ND3_0080.wav,ND3_0080.wav,Malayalam,Non-depressed,train,48000,2,PCM_16,3.3475,fa7f6926e6ef26e98026cdcbfa544cf6
NLP Dataset/Malayalam/Non_depressed/Train_set/ND3_0081.wav,ND3_0081.wav,Malayalam,Non-depressed,train,48000,2,PCM_16,3.7275,e2f4f6eb04afa28b3aeb1655b3153e39
NLP Dataset/Malayalam/Non_depressed/Train_set/ND3_0082.wav,ND3_0082.wav,Malayalam,Non-depressed,train,48000,2,PCM_16,3.165,fd60da230d111604d6b18b916b43cb06
NLP Dataset/Malayalam/Non_depressed/Train_set/ND3_0083.wav,ND3_0083.wav,Malayalam,Non-depressed,train,48000,2,PCM_16,4.43,2040787b82e1af4cff9c52fa01054d30
NLP Dataset/Malayalam/Non_depressed/Train_set/ND3_0084.wav,ND3_0084.wav,Malayalam,Non-depressed,train,48000,2,PCM_16,5.6625,d1df818c423f231ce0518348906911eb
NLP Dataset/Malayalam/Non_depressed/Train_set/ND3_0085.wav,ND3_0085.wav,Malayalam,Non-depressed,train,48000,2,PCM_16,5.615,37948362f94e7888ff35efce24765f5d
NLP Dataset/Malayalam/Non_depressed/Train_set/ND3_0086.wav,ND3_0086.wav,Malayalam,Non-depressed,train,48000,2,PCM_16,2.03,78a20e3dc528ba81b4e921cbd6e0e105
NLP Dataset/Malayalam/Non_depressed/Train_set/ND3_0087.wav,ND3_0087.wav,Malayalam,Non-depressed,train,48000,2,PCM_16,4.43,6035584eba1e0cf30e8ebe828f2a6429
NLP Dataset/Malayalam/Non_depressed/Train_set/ND3_0088.wav,ND3_0088.wav,Malayalam,Non-depressed,train,48000,2,PCM_16,3.5175,6fecd6dfb6d3840c92e8f376b365c09d
NLP Dataset/Malayalam/Non_depressed/Train_set/ND3_0089.wav,ND3_0089.wav,Malayalam,Non-depressed,train,48000,2,PCM_16,3.4425,9a79d04c94c321695998f91d2a719dc0
NLP Dataset/Malayalam/Non_depressed/Train_set/ND3_0090.wav,ND3_0090.wav,Malayalam,Non-depressed,train,48000,2,PCM_16,3.7775,637ef551e5bf23870278fb14f3768ebc
NLP Dataset/Malayalam/Non_depressed/Train_set/ND3_0091.wav,ND3_0091.wav,Malayalam,Non-depressed,train,48000,2,PCM_16,4.562479166666667,0c1268103b6497ba24ff0e81c36fe7f7
NLP Dataset/Malayalam/Non_depressed/Train_set/ND3_0092.wav,ND3_0092.wav,Malayalam,Non-depressed,train,48000,2,PCM_16,3.81,2c20648798eaf08bede775587e1890c1
NLP Dataset/Malayalam/Non_depressed/Train_set/ND3_0093.wav,ND3_0093.wav,Malayalam,Non-depressed,train,48000,2,PCM_16,2.795,7e43fbbfdb859d6c3b9d98334904509e
NLP Dataset/Malayalam/Non_depressed/Train_set/ND3_0094.wav,ND3_0094.wav,Malayalam,Non-depressed,train,48000,2,PCM_16,5.822479166666667,c5d36b108e34f04ece813aace690c2e6
NLP Dataset/Malayalam/Non_depressed/Train_set/ND3_0095.wav,ND3_0095.wav,Malayalam,Non-depressed,train,48000,2,PCM_16,3.585,49e7b7a02bf9efb6f3fe3f8c4242c080
NLP Dataset/Malayalam/Non_depressed/Train_set/ND3_0096.wav,ND3_0096.wav,Malayalam,Non-depressed,train,48000,2,PCM_16,5.664979166666667,4710ee5efe8f97f22fe9ce76a37ab20f
NLP Dataset/Malayalam/Non_depressed/Train_set/ND3_0097.wav,ND3_0097.wav,Malayalam,Non-depressed,train,48000,2,PCM_16,6.8925,0e222263fae384e88ee4b0acfe144edf
NLP Dataset/Malayalam/Non_depressed/Train_set/ND3_0098.wav,ND3_0098.wav,Malayalam,Non-depressed,train,48000,2,PCM_16,4.565,906704aaab43e28e88adcf9b267db26a
NLP Dataset/Malayalam/Non_depressed/Train_set/ND3_0099.wav,ND3_0099.wav,Malayalam,Non-depressed,train,48000,2,PCM_16,3.4075,a1894a395b4138a33fc136fb6c2ef3c8
NLP Dataset/Malayalam/Non_depressed/Train_set/ND3_0100.wav,ND3_0100.wav,Malayalam,Non-depressed,train,48000,2,PCM_16,6.025,031e7ef0c4fac218654d901d72d89d85
NLP Dataset/Malayalam/Non_depressed/Train_set/ND3_0101.wav,ND3_0101.wav,Malayalam,Non-depressed,train,48000,2,PCM_16,2.675,75012696e860a421c80146e03e533795
NLP Dataset/Malayalam/Non_depressed/Train_set/ND3_0102.wav,ND3_0102.wav,Malayalam,Non-depressed,train,48000,2,PCM_16,2.97,c0ffa000f1033644243896ac9205e089
NLP Dataset/Malayalam/Non_depressed/Train_set/ND3_0103.wav,ND3_0103.wav,Malayalam,Non-depressed,train,48000,2,PCM_16,2.8075,ec268eea20bed3d410e1575c38016a76
NLP Dataset/Malayalam/Non_depressed/Train_set/ND3_0104.wav,ND3_0104.wav,Malayalam,Non-depressed,train,48000,2,PCM_16,3.8575,2aa59e1fe9bf01b8c2d23ada59183de8
NLP Dataset/Malayalam/Non_depressed/Train_set/ND3_0105.wav,ND3_0105.wav,Malayalam,Non-depressed,train,48000,2,PCM_16,5.27,b756207a32081da580d13da3392932f5
NLP Dataset/Malayalam/Non_depressed/Train_set/ND3_0106.wav,ND3_0106.wav,Malayalam,Non-depressed,train,48000,2,PCM_16,3.3775,c8a37864ac9274b60a61582c576fe138
NLP Dataset/Malayalam/Non_depressed/Train_set/ND3_0107.wav,ND3_0107.wav,Malayalam,Non-depressed,train,48000,2,PCM_16,1.79,b6dbf21f74e29c63d61f466c67bd08d1
NLP Dataset/Malayalam/Non_depressed/Train_set/ND3_0108.wav,ND3_0108.wav,Malayalam,Non-depressed,train,48000,2,PCM_16,6.07,a1a948e2dc1d6d825f1949729909117e
NLP Dataset/Malayalam/Non_depressed/Train_set/ND3_0109.wav,ND3_0109.wav,Malayalam,Non-depressed,train,48000,2,PCM_16,4.42,17f6df844ae1fa8a5eac6b65f447eee3
NLP Dataset/Malayalam/Non_depressed/Train_set/ND3_0110.wav,ND3_0110.wav,Malayalam,Non-depressed,train,48000,2,PCM_16,6.775,28f4fff71b3193e4501922c6a5be5035
NLP Dataset/Malayalam/Non_depressed/Train_set/ND3_0111.wav,ND3_0111.wav,Malayalam,Non-depressed,train,48000,2,PCM_16,3.2875,cdb7b3da88e8065c955f0c24d6d0ea99
NLP Dataset/Malayalam/Non_depressed/Train_set/ND3_0112.wav,ND3_0112.wav,Malayalam,Non-depressed,train,48000,2,PCM_16,3.1875,8bd65e9b3348402fe28bc5f245fa1043
NLP Dataset/Malayalam/Non_depressed/Train_set/ND3_0113.wav,ND3_0113.wav,Malayalam,Non-depressed,train,48000,2,PCM_16,3.0,6710460c36bf751ef79be0f43180f70f
NLP Dataset/Malayalam/Non_depressed/Train_set/ND3_0114.wav,ND3_0114.wav,Malayalam,Non-depressed,train,48000,2,PCM_16,3.98,1f90f260ab26b33daed6f29eaa657794
NLP Dataset/Malayalam/Non_depressed/Train_set/ND3_0115.wav,ND3_0115.wav,Malayalam,Non-depressed,train,48000,2,PCM_16,3.8725,3cfcc94820f36274cefc6bfac7aa4979
NLP Dataset/Malayalam/Non_depressed/Train_set/ND3_0116.wav,ND3_0116.wav,Malayalam,Non-depressed,train,48000,2,PCM_16,2.89,07fcc1a8826f542e6953d2c47c6a4993
NLP Dataset/Malayalam/Non_depressed/Train_set/ND3_0117.wav,ND3_0117.wav,Malayalam,Non-depressed,train,48000,2,PCM_16,4.5175,5f2b33af7aa641e79dfeb9f92e2d14b4
NLP Dataset/Malayalam/Non_depressed/Train_set/ND3_0118.wav,ND3_0118.wav,Malayalam,Non-depressed,train,48000,2,PCM_16,2.875,b49088e1922a71c964a6f5306c315250
NLP Dataset/Malayalam/Non_depressed/Train_set/ND3_0119.wav,ND3_0119.wav,Malayalam,Non-depressed,train,48000,2,PCM_16,4.5275,9440976e8e1f9866a4697278ff58d5c6
NLP Dataset/Malayalam/Non_depressed/Train_set/ND3_0120.wav,ND3_0120.wav,Malayalam,Non-depressed,train,48000,2,PCM_16,2.1875,c08d8516e62e8e03217f57392d1a90d0
NLP Dataset/Malayalam/Non_depressed/Train_set/ND3_0121.wav,ND3_0121.wav,Malayalam,Non-depressed,train,48000,2,PCM_16,1.9175,5f21391794c348319c8fed23ba28972a
NLP Dataset/Malayalam/Non_depressed/Train_set/ND3_0122.wav,ND3_0122.wav,Malayalam,Non-depressed,train,48000,2,PCM_16,4.8275,b1c562b5086b77ac423654dc393b8ab9
NLP Dataset/Malayalam/Non_depressed/Train_set/ND3_0123.wav,ND3_0123.wav,Malayalam,Non-depressed,train,48000,2,PCM_16,2.7675,03b571e43b21b69ab892bbd09ea24d48
NLP Dataset/Malayalam/Non_depressed/Train_set/ND3_0124.wav,ND3_0124.wav,Malayalam,Non-depressed,train,48000,2,PCM_16,3.175,7b41f8992bf94b0c65ddf33377752cd1
NLP Dataset/Malayalam/Non_depressed/Train_set/ND3_0125.wav,ND3_0125.wav,Malayalam,Non-depressed,train,48000,2,PCM_16,3.0,1d093d89907301eb3f48790f07adecc9
NLP Dataset/Malayalam/Non_depressed/Train_set/ND3_0126.wav,ND3_0126.wav,Malayalam,Non-depressed,train,48000,2,PCM_16,5.04,8fbbb2c14ecf87ba3357b9b23679aa7e
NLP Dataset/Malayalam/Non_depressed/Train_set/ND3_0127.wav,ND3_0127.wav,Malayalam,Non-depressed,train,48000,2,PCM_16,5.495,191b9d811d5a26374856ad3f72acf869
NLP Dataset/Malayalam/Non_depressed/Train_set/ND3_0128.wav,ND3_0128.wav,Malayalam,Non-depressed,train,48000,2,PCM_16,2.4575,4cce7830cab1e7e1347848abf0e470ce
NLP Dataset/Malayalam/Non_depressed/Train_set/ND3_0129.wav,ND3_0129.wav,Malayalam,Non-depressed,train,48000,2,PCM_16,5.53,27a429830a0ca4e5fb2eabe60902c259
NLP Dataset/Malayalam/Non_depressed/Train_set/ND3_0130.wav,ND3_0130.wav,Malayalam,Non-depressed,train,48000,2,PCM_16,3.7775,6a13f34915a709f4104ceedb59e3ad36
NLP Dataset/Malayalam/Non_depressed/Train_set/ND3_0131.wav,ND3_0131.wav,Malayalam,Non-depressed,train,48000,2,PCM_16,6.41,41e18671ad6d45263f1a904e74e5ebdd
NLP Dataset/Malayalam/Non_depressed/Train_set/ND3_0132.wav,ND3_0132.wav,Malayalam,Non-depressed,train,48000,2,PCM_16,4.6575,518e2ecb8f8aee1070d9e192c4535708
NLP Dataset/Malayalam/Non_depressed/Train_set/ND3_0133.wav,ND3_0133.wav,Malayalam,Non-depressed,train,48000,2,PCM_16,3.7125,cd61f72b9ee46585ebe9f53287978768
NLP Dataset/Malayalam/Non_depressed/Train_set/ND3_0134.wav,ND3_0134.wav,Malayalam,Non-depressed,train,48000,2,PCM_16,3.72,7e22498c61297f7cec92125e862bf62f
NLP Dataset/Malayalam/Non_depressed/Train_set/ND3_0135.wav,ND3_0135.wav,Malayalam,Non-depressed,train,48000,2,PCM_16,4.345,5f64202312aae595f984721b7c572c4b
NLP Dataset/Malayalam/Non_depressed/Train_set/ND3_0136.wav,ND3_0136.wav,Malayalam,Non-depressed,train,48000,2,PCM_16,6.5075,19c9af440c9cf779b1d7e6528757e750
NLP Dataset/Malayalam/Non_depressed/Train_set/ND3_0137.wav,ND3_0137.wav,Malayalam,Non-depressed,train,48000,2,PCM_16,2.9825,162ae3bd57ee5ae7024f372897ba1ac1
NLP Dataset/Malayalam/Non_depressed/Train_set/ND3_0138.wav,ND3_0138.wav,Malayalam,Non-depressed,train,48000,2,PCM_16,3.0175,a795ed0881a1ac7ee621ee18f58df499
NLP Dataset/Malayalam/Non_depressed/Train_set/ND3_0139.wav,ND3_0139.wav,Malayalam,Non-depressed,train,48000,2,PCM_16,3.2825,758b0847ffc34ae76fff304fb756728b
NLP Dataset/Malayalam/Non_depressed/Train_set/ND3_0140.wav,ND3_0140.wav,Malayalam,Non-depressed,train,48000,2,PCM_16,1.7775,b864a520eb22e7fca3c81d29392f2ee4
NLP Dataset/Malayalam/Non_depressed/Train_set/ND3_0141.wav,ND3_0141.wav,Malayalam,Non-depressed,train,48000,2,PCM_16,3.2375,e43e21755e75e2f0a0f076f558b5ecbe
NLP Dataset/Malayalam/Non_depressed/Train_set/ND3_0142.wav,ND3_0142.wav,Malayalam,Non-depressed,train,48000,2,PCM_16,2.4825,5080f015c980131265c0962dbb262b96
NLP Dataset/Malayalam/Non_depressed/Train_set/ND3_0143.wav,ND3_0143.wav,Malayalam,Non-depressed,train,48000,2,PCM_16,5.7425,1cc1992cf8b7818f20e640469c1fd187
NLP Dataset/Malayalam/Non_depressed/Train_set/ND3_0144.wav,ND3_0144.wav,Malayalam,Non-depressed,train,48000,2,PCM_16,3.505,11ae8bb33435ad92eb3f4ef494a9ee67
NLP Dataset/Malayalam/Non_depressed/Train_set/ND3_0145.wav,ND3_0145.wav,Malayalam,Non-depressed,train,48000,2,PCM_16,3.7725208333333335,1318dd890e6caf2dc31bdf44f43e1a4a
NLP Dataset/Malayalam/Non_depressed/Train_set/ND3_0146.wav,ND3_0146.wav,Malayalam,Non-depressed,train,48000,2,PCM_16,3.26,e69f3598555b8929180b4a5b50901677
NLP Dataset/Malayalam/Non_depressed/Train_set/ND3_0147.wav,ND3_0147.wav,Malayalam,Non-depressed,train,48000,2,PCM_16,4.957479166666666,ee76cfa96c725471ed254a8adc1137fe
NLP Dataset/Malayalam/Non_depressed/Train_set/ND3_0148.wav,ND3_0148.wav,Malayalam,Non-depressed,train,48000,2,PCM_16,4.5575,0ce774161418c5dab8bca98a9c77dd9a
NLP Dataset/Malayalam/Non_depressed/Train_set/ND3_0149.wav,ND3_0149.wav,Malayalam,Non-depressed,train,48000,2,PCM_16,2.5125,3176e2d00a95c5c93ad8a134a7c2eaed
NLP Dataset/Malayalam/Non_depressed/Train_set/ND3_0150.wav,ND3_0150.wav,Malayalam,Non-depressed,train,48000,2,PCM_16,5.915,361b9b1be6e79cb2cbce165b3e59b3e5
NLP Dataset/Malayalam/Non_depressed/Train_set/ND3_0151.wav,ND3_0151.wav,Malayalam,Non-depressed,train,48000,2,PCM_16,5.865,177b541d4e971e018b5fee2dda9332e3
NLP Dataset/Malayalam/Non_depressed/Train_set/ND3_0152.wav,ND3_0152.wav,Malayalam,Non-depressed,train,48000,2,PCM_16,4.28,88b2c5e6ea5839fb42f493965673e726
NLP Dataset/Malayalam/Non_depressed/Train_set/ND3_0153.wav,ND3_0153.wav,Malayalam,Non-depressed,train,48000,2,PCM_16,4.59,4357c455225f5a7ebb5ff54e1d9154d2
NLP Dataset/Malayalam/Non_depressed/Train_set/ND3_0154.wav,ND3_0154.wav,Malayalam,Non-depressed,train,48000,2,PCM_16,2.7975,dbb0a75ec5f8fc40f582409f3a45bc0c
NLP Dataset/Malayalam/Non_depressed/Train_set/ND3_0155.wav,ND3_0155.wav,Malayalam,Non-depressed,train,48000,2,PCM_16,4.74,5f895f5fa3e85a98aa5b1f9d266e9d04
NLP Dataset/Malayalam/Non_depressed/Train_set/ND3_0156.wav,ND3_0156.wav,Malayalam,Non-depressed,train,48000,2,PCM_16,5.384979166666667,9847ee12780abd9e5c857e18f56ecb68
NLP Dataset/Malayalam/Non_depressed/Train_set/ND3_0157.wav,ND3_0157.wav,Malayalam,Non-depressed,train,48000,2,PCM_16,4.725,50e333334b76c69623e482abbd647783
NLP Dataset/Malayalam/Non_depressed/Train_set/ND3_0158.wav,ND3_0158.wav,Malayalam,Non-depressed,train,48000,2,PCM_16,5.46,c0855652eeab74071ba100a5b4384ff8
NLP Dataset/Malayalam/Non_depressed/Train_set/ND3_0159.wav,ND3_0159.wav,Malayalam,Non-depressed,train,48000,2,PCM_16,4.3725,bd4bf95c2174f263c6f66ad58c4e8453
NLP Dataset/Malayalam/Non_depressed/Train_set/ND3_0160.wav,ND3_0160.wav,Malayalam,Non-depressed,train,48000,2,PCM_16,4.555,4b52c4e267bc22dfbf36e06e4e3017ef
NLP Dataset/Malayalam/Non_depressed/Train_set/ND3_0161.wav,ND3_0161.wav,Malayalam,Non-depressed,train,48000,2,PCM_16,4.3875,3d95d0dec5b58c37ed57e931e92c9d2d
NLP Dataset/Malayalam/Non_depressed/Train_set/ND3_0162.wav,ND3_0162.wav,Malayalam,Non-depressed,train,48000,2,PCM_16,3.985,7ff473bb38822b5c97e876e758c37397
NLP Dataset/Malayalam/Non_depressed/Train_set/ND3_0163.wav,ND3_0163.wav,Malayalam,Non-depressed,train,48000,2,PCM_16,3.4975,5f14572c22b2b1386da8b05857c56501
NLP Dataset/Malayalam/Non_depressed/Train_set/ND3_0164.wav,ND3_0164.wav,Malayalam,Non-depressed,train,48000,2,PCM_16,5.1,f5b8326c0eaa50cb9cf40d68b3c73a0c
NLP Dataset/Malayalam/Non_depressed/Train_set/ND3_0165.wav,ND3_0165.wav,Malayalam,Non-depressed,train,48000,2,PCM_16,5.745020833333333,2794ca9114db98a9b5536734d91150d4
NLP Dataset/Malayalam/Non_depressed/Train_set/ND3_0166.wav,ND3_0166.wav,Malayalam,Non-depressed,train,48000,2,PCM_16,2.7825,d5e7b8a79d45ad5963a9a3fc76f3c62d
NLP Dataset/Malayalam/Non_depressed/Train_set/ND3_0167.wav,ND3_0167.wav,Malayalam,Non-depressed,train,48000,2,PCM_16,3.2175,d69606425ccc2439f1b70e627aed68bf
NLP Dataset/Malayalam/Non_depressed/Train_set/ND3_0168.wav,ND3_0168.wav,Malayalam,Non-depressed,train,48000,2,PCM_16,4.3025,a7e774801d1d3989d51be080bf138ef7
NLP Dataset/Malayalam/Non_depressed/Train_set/ND3_0169.wav,ND3_0169.wav,Malayalam,Non-depressed,train,48000,2,PCM_16,4.6225,d7f17962e51cf0c5befd1ab12da0c190
NLP Dataset/Malayalam/Non_depressed/Train_set/ND3_0170.wav,ND3_0170.wav,Malayalam,Non-depressed,train,48000,2,PCM_16,3.28,e125fde8d1652e3be5c7905870fb5e14
NLP Dataset/Malayalam/Non_depressed/Train_set/ND3_0171.wav,ND3_0171.wav,Malayalam,Non-depressed,train,48000,2,PCM_16,3.28,6914b387a3c9161f438d1ef4c9346383
NLP Dataset/Malayalam/Non_depressed/Train_set/ND3_0172.wav,ND3_0172.wav,Malayalam,Non-depressed,train,48000,2,PCM_16,2.955,16ad9ecfdc2e5e082c13ee51cef78a26
NLP Dataset/Malayalam/Non_depressed/Train_set/ND3_0173.wav,ND3_0173.wav,Malayalam,Non-depressed,train,48000,2,PCM_16,2.7925,a49002b7fcdd1b3735e938432d8f3a11
NLP Dataset/Malayalam/Non_depressed/Train_set/ND3_0174.wav,ND3_0174.wav,Malayalam,Non-depressed,train,48000,2,PCM_16,2.8824791666666667,60cc1de08cb56d4f1aeb75dc0ccc2a85
NLP Dataset/Malayalam/Non_depressed/Train_set/ND3_0175.wav,ND3_0175.wav,Malayalam,Non-depressed,train,48000,2,PCM_16,4.7925,344597c1e01d98b88947c246a3c9d4cc
NLP Dataset/Malayalam/Non_depressed/Train_set/ND3_0176.wav,ND3_0176.wav,Malayalam,Non-depressed,train,48000,2,PCM_16,3.325,d09751ad1d1b5a6a33f9a95fe7042748
NLP Dataset/Malayalam/Non_depressed/Train_set/ND3_0177.wav,ND3_0177.wav,Malayalam,Non-depressed,train,48000,2,PCM_16,5.0075,7d388a4614f5ee83c980d3efe7db1482
NLP Dataset/Malayalam/Non_depressed/Train_set/ND3_0178.wav,ND3_0178.wav,Malayalam,Non-depressed,train,48000,2,PCM_16,2.89,8ba27a5374bb9b686ee795d084b5d804
NLP Dataset/Malayalam/Non_depressed/Train_set/ND3_0179.wav,ND3_0179.wav,Malayalam,Non-depressed,train,48000,2,PCM_16,6.31,e268f17a100b209dc6821705b2678c59
NLP Dataset/Malayalam/Non_depressed/Train_set/ND3_0180.wav,ND3_0180.wav,Malayalam,Non-depressed,train,48000,2,PCM_16,3.165,fbf7884846d132063f01e3ed90987073
NLP Dataset/Malayalam/Non_depressed/Train_set/ND4_0001.wav,ND4_0001.wav,Malayalam,Non-depressed,train,48000,2,PCM_16,4.0625,da570ea3450f57ac05ebce06d227c0df
NLP Dataset/Malayalam/Non_depressed/Train_set/ND4_0002.wav,ND4_0002.wav,Malayalam,Non-depressed,train,48000,2,PCM_16,4.4425,18285297800f059070feb3afcf261151
NLP Dataset/Malayalam/Non_depressed/Train_set/ND4_0003.wav,ND4_0003.wav,Malayalam,Non-depressed,train,48000,2,PCM_16,2.9175,b5c1a7011d7497ad46695f6a9059976b
NLP Dataset/Malayalam/Non_depressed/Train_set/ND4_0004.wav,ND4_0004.wav,Malayalam,Non-depressed,train,48000,2,PCM_16,6.02,dc7e7b995db7984aa9aa51a45d874a86
NLP Dataset/Malayalam/Non_depressed/Train_set/ND4_0005.wav,ND4_0005.wav,Malayalam,Non-depressed,train,48000,2,PCM_16,5.755,1157aaf6360b599b930e8d2f1f9ec7cb
NLP Dataset/Malayalam/Non_depressed/Train_set/ND4_0006.wav,ND4_0006.wav,Malayalam,Non-depressed,train,48000,2,PCM_16,4.78,f6538ebaf70d4ac6afbd61f4e5c79581
NLP Dataset/Malayalam/Non_depressed/Train_set/ND4_0007.wav,ND4_0007.wav,Malayalam,Non-depressed,train,48000,2,PCM_16,3.604979166666667,5755836d17d9eaa1e2994e6e914e0717
NLP Dataset/Malayalam/Non_depressed/Train_set/ND4_0008.wav,ND4_0008.wav,Malayalam,Non-depressed,train,48000,2,PCM_16,5.36,b34e4c7857fa05b55a21b2bfa0796886
NLP Dataset/Malayalam/Non_depressed/Train_set/ND4_0009.wav,ND4_0009.wav,Malayalam,Non-depressed,train,48000,2,PCM_16,3.58,d01f79d1910adb300fccbb9a9212203f
NLP Dataset/Malayalam/Non_depressed/Train_set/ND4_0010.wav,ND4_0010.wav,Malayalam,Non-depressed,train,48000,2,PCM_16,3.4975,fca97da78ee2b9cf9e5557cad571519b
NLP Dataset/Malayalam/Non_depressed/Train_set/ND4_0011.wav,ND4_0011.wav,Malayalam,Non-depressed,train,48000,2,PCM_16,5.605,4d89cffcb40ff5859726df016a700e53
NLP Dataset/Malayalam/Non_depressed/Train_set/ND4_0012.wav,ND4_0012.wav,Malayalam,Non-depressed,train,48000,2,PCM_16,6.6075,bfddc9b19ac60b87457b3541e7699784
NLP Dataset/Malayalam/Non_depressed/Train_set/ND4_0013.wav,ND4_0013.wav,Malayalam,Non-depressed,train,48000,2,PCM_16,2.7874791666666665,2207a28f24240979785156fcfd2cff3a
NLP Dataset/Malayalam/Non_depressed/Train_set/ND4_0014.wav,ND4_0014.wav,Malayalam,Non-depressed,train,48000,2,PCM_16,6.9325,67467820a34952ac4cc39dda87e5a922
NLP Dataset/Malayalam/Non_depressed/Train_set/ND4_0015.wav,ND4_0015.wav,Malayalam,Non-depressed,train,48000,2,PCM_16,5.4375,b245ea7d105e2ef8c63781b2f9e74484
NLP Dataset/Malayalam/Non_depressed/Train_set/ND4_0016.wav,ND4_0016.wav,Malayalam,Non-depressed,train,48000,2,PCM_16,2.7725,92fed00cd018115bb470abbfc09381e0
NLP Dataset/Malayalam/Non_depressed/Train_set/ND4_0017.wav,ND4_0017.wav,Malayalam,Non-depressed,train,48000,2,PCM_16,5.1375,082716a5c4bba90787148fd33b35207d
NLP Dataset/Malayalam/Non_depressed/Train_set/ND4_0018.wav,ND4_0018.wav,Malayalam,Non-depressed,train,48000,2,PCM_16,5.235,0775da08b33eecc72ecfed7d167702ce
NLP Dataset/Malayalam/Non_depressed/Train_set/ND4_0019.wav,ND4_0019.wav,Malayalam,Non-depressed,train,48000,2,PCM_16,5.2125,f2e7e580cd88399e77d041b89835e25a
NLP Dataset/Malayalam/Non_depressed/Train_set/ND4_0020.wav,ND4_0020.wav,Malayalam,Non-depressed,train,48000,2,PCM_16,2.4425208333333335,5bfc4a91136eeac3ac84e819506bb3f9
NLP Dataset/Malayalam/Non_depressed/Train_set/ND4_0021.wav,ND4_0021.wav,Malayalam,Non-depressed,train,48000,2,PCM_16,3.8925,090f012164013051bc0db240da088236
NLP Dataset/Malayalam/Non_depressed/Train_set/ND4_0022.wav,ND4_0022.wav,Malayalam,Non-depressed,train,48000,2,PCM_16,5.985,2ac408afdab57800883ce1ebc92453a0
NLP Dataset/Malayalam/Non_depressed/Train_set/ND4_0023.wav,ND4_0023.wav,Malayalam,Non-depressed,train,48000,2,PCM_16,3.5925,bf1d89c6b91f58c82600ab7e9dec0d11
NLP Dataset/Malayalam/Non_depressed/Train_set/ND4_0024.wav,ND4_0024.wav,Malayalam,Non-depressed,train,48000,2,PCM_16,6.2775,964d87ca5cbbb5aff3817a0467a660d0
NLP Dataset/Malayalam/Non_depressed/Train_set/ND4_0025.wav,ND4_0025.wav,Malayalam,Non-depressed,train,48000,2,PCM_16,2.855,e19af81541102b0f715837f5b0e4dbea
NLP Dataset/Malayalam/Non_depressed/Train_set/ND4_0026.wav,ND4_0026.wav,Malayalam,Non-depressed,train,48000,2,PCM_16,3.265,94786d7c81309fbb4265cedefe30be3e
NLP Dataset/Malayalam/Non_depressed/Train_set/ND4_0027.wav,ND4_0027.wav,Malayalam,Non-depressed,train,48000,2,PCM_16,2.405,5439f368e127bc920308ae9bd95ac996
NLP Dataset/Malayalam/Non_depressed/Train_set/ND4_0028.wav,ND4_0028.wav,Malayalam,Non-depressed,train,48000,2,PCM_16,2.705,2bd15a2222a007eefed081632606f269
NLP Dataset/Malayalam/Non_depressed/Train_set/ND4_0029.wav,ND4_0029.wav,Malayalam,Non-depressed,train,48000,2,PCM_16,1.9825,26b1aa926bbe66e7d180fdc49bb1ec66
NLP Dataset/Malayalam/Non_depressed/Train_set/ND4_0030.wav,ND4_0030.wav,Malayalam,Non-depressed,train,48000,2,PCM_16,3.3575,84d64e9bda22b3eb35990e65f595a0a1
NLP Dataset/Malayalam/Non_depressed/Train_set/ND4_0031.wav,ND4_0031.wav,Malayalam,Non-depressed,train,48000,2,PCM_16,1.94,5f45f0132451131a302150ef07ca1bc1
NLP Dataset/Malayalam/Non_depressed/Train_set/ND4_0032.wav,ND4_0032.wav,Malayalam,Non-depressed,train,48000,2,PCM_16,2.965,5d62469a5810fe202e0c9b4e790187b3
NLP Dataset/Malayalam/Non_depressed/Train_set/ND4_0033.wav,ND4_0033.wav,Malayalam,Non-depressed,train,48000,2,PCM_16,5.56,6c31da0ac796ebe3b5acd8cc67007440
NLP Dataset/Malayalam/Non_depressed/Train_set/ND4_0034.wav,ND4_0034.wav,Malayalam,Non-depressed,train,48000,2,PCM_16,2.0025,cd035a54a8dcfa1497e30667a45d8c39
NLP Dataset/Malayalam/Non_depressed/Train_set/ND4_0035.wav,ND4_0035.wav,Malayalam,Non-depressed,train,48000,2,PCM_16,3.63,015d2fca2931e17d1f8700c70e212354
NLP Dataset/Malayalam/Non_depressed/Train_set/ND4_0036.wav,ND4_0036.wav,Malayalam,Non-depressed,train,48000,2,PCM_16,5.4775,96a5df74ee661e72ea65b740e7383573
NLP Dataset/Malayalam/Non_depressed/Train_set/ND4_0037.wav,ND4_0037.wav,Malayalam,Non-depressed,train,48000,2,PCM_16,4.78,47a5a5671086bae3a01ba554f6eebccd
NLP Dataset/Malayalam/Non_depressed/Train_set/ND4_0038.wav,ND4_0038.wav,Malayalam,Non-depressed,train,48000,2,PCM_16,2.7175,14d35ea50aebf3c88409825e6ee1a9c8
NLP Dataset/Malayalam/Non_depressed/Train_set/ND4_0039.wav,ND4_0039.wav,Malayalam,Non-depressed,train,48000,2,PCM_16,6.625,b5726f26f76418b81dfdbe7cc34ccba7
NLP Dataset/Malayalam/Non_depressed/Train_set/ND4_0040.wav,ND4_0040.wav,Malayalam,Non-depressed,train,48000,2,PCM_16,3.1125,70d339975f04d2ac2a2b0c77c147c1d7
NLP Dataset/Malayalam/Non_depressed/Train_set/ND4_0041.wav,ND4_0041.wav,Malayalam,Non-depressed,train,48000,2,PCM_16,4.679979166666667,3d62c6a24f12e3c1f07923765ffc8428
NLP Dataset/Malayalam/Non_depressed/Train_set/ND4_0042.wav,ND4_0042.wav,Malayalam,Non-depressed,train,48000,2,PCM_16,2.3350208333333335,e8d35c9cac19c4201fa4348455437e1f
NLP Dataset/Malayalam/Non_depressed/Train_set/ND4_0043.wav,ND4_0043.wav,Malayalam,Non-depressed,train,48000,2,PCM_16,3.845,a1e6fbcd8488734a45837d067b290e39
NLP Dataset/Malayalam/Non_depressed/Train_set/ND4_0044.wav,ND4_0044.wav,Malayalam,Non-depressed,train,48000,2,PCM_16,5.5425,8291852c66b9adb456bd3710e4b11580
NLP Dataset/Malayalam/Non_depressed/Train_set/ND4_0045.wav,ND4_0045.wav,Malayalam,Non-depressed,train,48000,2,PCM_16,4.125,a679d4a8f35e9b9740e1ad35f76f787a
NLP Dataset/Malayalam/Non_depressed/Train_set/ND4_0046.wav,ND4_0046.wav,Malayalam,Non-depressed,train,48000,2,PCM_16,1.7125,7f7aa7dc08e3c9377e395b4e5ac14d6e
NLP Dataset/Malayalam/Non_depressed/Train_set/ND4_0047.wav,ND4_0047.wav,Malayalam,Non-depressed,train,48000,2,PCM_16,3.1425,fe440d53165cfebca3dca134153dbc09
NLP Dataset/Malayalam/Non_depressed/Train_set/ND4_0048.wav,ND4_0048.wav,Malayalam,Non-depressed,train,48000,2,PCM_16,2.915,34d32f360a605ce1e37aaef24785ac0c
NLP Dataset/Malayalam/Non_depressed/Train_set/ND4_0049.wav,ND4_0049.wav,Malayalam,Non-depressed,train,48000,2,PCM_16,3.655,b9351a084fc09c4944e4251dea996dff
NLP Dataset/Malayalam/Non_depressed/Train_set/ND4_0050.wav,ND4_0050.wav,Malayalam,Non-depressed,train,48000,2,PCM_16,2.9625,427f04889813b8a4ef0119b4578a58d6
NLP Dataset/Malayalam/Non_depressed/Train_set/ND4_0051.wav,ND4_0051.wav,Malayalam,Non-depressed,train,48000,2,PCM_16,2.195,29349ab338f24cc93de432e83a8ff5cb
NLP Dataset/Malayalam/Non_depressed/Train_set/ND4_0052.wav,ND4_0052.wav,Malayalam,Non-depressed,train,48000,2,PCM_16,3.6625,60a6ea75c3107992b84a4912b75b2b18
NLP Dataset/Malayalam/Non_depressed/Train_set/ND4_0053.wav,ND4_0053.wav,Malayalam,Non-depressed,train,48000,2,PCM_16,4.1275,94cc28b362a55b2380ad74c7f2c0bd2f
NLP Dataset/Malayalam/Non_depressed/Train_set/ND4_0054.wav,ND4_0054.wav,Malayalam,Non-depressed,train,48000,2,PCM_16,5.6625,8338dda8834abfa4b1dbfcefc045f6c0
NLP Dataset/Malayalam/Non_depressed/Train_set/ND4_0055.wav,ND4_0055.wav,Malayalam,Non-depressed,train,48000,2,PCM_16,2.4225,ab3a87a009ea2efcb130b19f3ebfccb9
NLP Dataset/Malayalam/Non_depressed/Train_set/ND4_0056.wav,ND4_0056.wav,Malayalam,Non-depressed,train,48000,2,PCM_16,2.3,c3fba816c0462922ced30280e4d2ee96
NLP Dataset/Malayalam/Non_depressed/Train_set/ND4_0057.wav,ND4_0057.wav,Malayalam,Non-depressed,train,48000,2,PCM_16,4.077520833333334,464e0f1ebed9b144c7c5831bf3c8a347
NLP Dataset/Malayalam/Non_depressed/Train_set/ND4_0058.wav,ND4_0058.wav,Malayalam,Non-depressed,train,48000,2,PCM_16,3.415,9d888b296e142c33c7ab4c0d87cd248e
NLP Dataset/Malayalam/Non_depressed/Train_set/ND4_0059.wav,ND4_0059.wav,Malayalam,Non-depressed,train,48000,2,PCM_16,3.3575208333333335,63d87891fe86772da463dca565019d84
NLP Dataset/Malayalam/Non_depressed/Train_set/ND4_0060.wav,ND4_0060.wav,Malayalam,Non-depressed,train,48000,2,PCM_16,3.8375,f3e757abb34d878830f9ea0ba7ee1abe
NLP Dataset/Malayalam/Non_depressed/Train_set/ND4_0061.wav,ND4_0061.wav,Malayalam,Non-depressed,train,48000,2,PCM_16,4.7525,8a81447f48e29a327c23af57862f389b
NLP Dataset/Malayalam/Non_depressed/Train_set/ND4_0062.wav,ND4_0062.wav,Malayalam,Non-depressed,train,48000,2,PCM_16,3.25,3bf22b21dba2c8b205065fdff2330d91
NLP Dataset/Malayalam/Non_depressed/Train_set/ND4_0063.wav,ND4_0063.wav,Malayalam,Non-depressed,train,48000,2,PCM_16,5.0625,fe636299bc173ed64d88112b2bdcf6fb
NLP Dataset/Malayalam/Non_depressed/Train_set/ND4_0064.wav,ND4_0064.wav,Malayalam,Non-depressed,train,48000,2,PCM_16,6.125,717f5e59ebddba6617a26dd8689ce068
NLP Dataset/Malayalam/Non_depressed/Train_set/ND4_0065.wav,ND4_0065.wav,Malayalam,Non-depressed,train,48000,2,PCM_16,5.155020833333333,8b0d6f1185cfba809bdc1da437d5155e
NLP Dataset/Malayalam/Non_depressed/Train_set/ND4_0066.wav,ND4_0066.wav,Malayalam,Non-depressed,train,48000,2,PCM_16,5.3375,194b989c95031458a77a14cf806beb8c
NLP Dataset/Malayalam/Non_depressed/Train_set/ND4_0067.wav,ND4_0067.wav,Malayalam,Non-depressed,train,48000,2,PCM_16,4.1775,8c4b8952036db5d18987e6d537c33771
NLP Dataset/Malayalam/Non_depressed/Train_set/ND4_0068.wav,ND4_0068.wav,Malayalam,Non-depressed,train,48000,2,PCM_16,4.54,0d1e0fe768bbc5eb6cccf57bdba50a96
NLP Dataset/Malayalam/Non_depressed/Train_set/ND4_0069.wav,ND4_0069.wav,Malayalam,Non-depressed,train,48000,2,PCM_16,3.995,0cd7e4aae71d9f38cf4fbcd5433aa310
NLP Dataset/Malayalam/Non_depressed/Train_set/ND4_0070.wav,ND4_0070.wav,Malayalam,Non-depressed,train,48000,2,PCM_16,3.735,c88411d4380ac00623ec25463a01da59
NLP Dataset/Malayalam/Non_depressed/Train_set/ND4_0071.wav,ND4_0071.wav,Malayalam,Non-depressed,train,48000,2,PCM_16,2.83,75886cf653189389a1da1e89a0ca10ed
NLP Dataset/Malayalam/Non_depressed/Train_set/ND4_0072.wav,ND4_0072.wav,Malayalam,Non-depressed,train,48000,2,PCM_16,2.2725,a9ceb639ef169b2792fa42887c622982
NLP Dataset/Malayalam/Non_depressed/Train_set/ND4_0073.wav,ND4_0073.wav,Malayalam,Non-depressed,train,48000,2,PCM_16,2.8175,0ed6ee387aa4f94bb142a6a3c0d8eb92
NLP Dataset/Malayalam/Non_depressed/Train_set/ND4_0074.wav,ND4_0074.wav,Malayalam,Non-depressed,train,48000,2,PCM_16,2.082520833333333,c18ea3a27b85c9a837c4b44c1c9732a4
NLP Dataset/Malayalam/Non_depressed/Train_set/ND4_0075.wav,ND4_0075.wav,Malayalam,Non-depressed,train,48000,2,PCM_16,2.8399791666666667,c1cd2155cfbeaad4ae25683eee73cb8b
NLP Dataset/Malayalam/Non_depressed/Train_set/ND4_0076.wav,ND4_0076.wav,Malayalam,Non-depressed,train,48000,2,PCM_16,3.225,7b46267581a8385d88ca2957953a43af
NLP Dataset/Malayalam/Non_depressed/Train_set/ND4_0077.wav,ND4_0077.wav,Malayalam,Non-depressed,train,48000,2,PCM_16,2.3775,dd760340b187dd785c8a8daaa20ca69c
NLP Dataset/Malayalam/Non_depressed/Train_set/ND4_0078.wav,ND4_0078.wav,Malayalam,Non-depressed,train,48000,2,PCM_16,2.425,d4c55fad84df09170277ec1252d6de03
NLP Dataset/Malayalam/Non_depressed/Train_set/ND4_0079.wav,ND4_0079.wav,Malayalam,Non-depressed,train,48000,2,PCM_16,5.2675,a2b299678fbf1a399151e32e8df3ffa1
NLP Dataset/Malayalam/Non_depressed/Train_set/ND4_0080.wav,ND4_0080.wav,Malayalam,Non-depressed,train,48000,2,PCM_16,3.8875,d7f2530fa4b832d92c8e563eee742b74
NLP Dataset/Malayalam/Non_depressed/Train_set/ND4_0081.wav,ND4_0081.wav,Malayalam,Non-depressed,train,48000,2,PCM_16,5.52,1a4fd7b002c8f2fb261f9a28f2f47590
NLP Dataset/Malayalam/Non_depressed/Train_set/ND4_0082.wav,ND4_0082.wav,Malayalam,Non-depressed,train,48000,2,PCM_16,3.1175,cf63f360f09b7c949ae6b1253f5e509c
NLP Dataset/Malayalam/Non_depressed/Train_set/ND4_0083.wav,ND4_0083.wav,Malayalam,Non-depressed,train,48000,2,PCM_16,4.4775,f99256580f5222640b720bec1cf5b72f
NLP Dataset/Malayalam/Non_depressed/Train_set/ND4_0084.wav,ND4_0084.wav,Malayalam,Non-depressed,train,48000,2,PCM_16,5.4425,fc19808e2fa3a21b552b13a58c39dcfd
NLP Dataset/Malayalam/Non_depressed/Train_set/ND4_0085.wav,ND4_0085.wav,Malayalam,Non-depressed,train,48000,2,PCM_16,6.1675,d765868fd4daeb6bbbbcb822a243ad8b
NLP Dataset/Malayalam/Non_depressed/Train_set/ND4_0086.wav,ND4_0086.wav,Malayalam,Non-depressed,train,48000,2,PCM_16,2.1799791666666666,41511c9dac56dc9e994f9e78f48bced9
NLP Dataset/Malayalam/Non_depressed/Train_set/ND4_0087.wav,ND4_0087.wav,Malayalam,Non-depressed,train,48000,2,PCM_16,4.3575,96ab75c08994cbb32122b49f420a50d5
NLP Dataset/Malayalam/Non_depressed/Train_set/ND4_0088.wav,ND4_0088.wav,Malayalam,Non-depressed,train,48000,2,PCM_16,3.885,c749106b84e24dd40371a4350dabf9d2
NLP Dataset/Malayalam/Non_depressed/Train_set/ND4_0089.wav,ND4_0089.wav,Malayalam,Non-depressed,train,48000,2,PCM_16,3.455,4da7b86958598dd9001f76ec8933b022
NLP Dataset/Malayalam/Non_depressed/Train_set/ND4_0090.wav,ND4_0090.wav,Malayalam,Non-depressed,train,48000,2,PCM_16,4.05,d7bfcd8453863edbfee2f9955fc58fba
NLP Dataset/Malayalam/Non_depressed/Train_set/ND4_0091.wav,ND4_0091.wav,Malayalam,Non-depressed,train,48000,2,PCM_16,4.155,37d164d21d116af6589bafae03dca560
NLP Dataset/Malayalam/Non_depressed/Train_set/ND4_0092.wav,ND4_0092.wav,Malayalam,Non-depressed,train,48000,2,PCM_16,2.915,9210e5d2f5326cda431f7eae9e4b52dc
NLP Dataset/Malayalam/Non_depressed/Train_set/ND4_0093.wav,ND4_0093.wav,Malayalam,Non-depressed,train,48000,2,PCM_16,2.29,8aa1e319a2367dd4b2d55fba42b55258
NLP Dataset/Malayalam/Non_depressed/Train_set/ND4_0094.wav,ND4_0094.wav,Malayalam,Non-depressed,train,48000,2,PCM_16,5.6325,a84a7d64eefe07633a0deac92c859ca1
NLP Dataset/Malayalam/Non_depressed/Train_set/ND4_0095.wav,ND4_0095.wav,Malayalam,Non-depressed,train,48000,2,PCM_16,3.42,91cf920bb2d57f98f4f417c54c3df124
NLP Dataset/Malayalam/Non_depressed/Train_set/ND4_0096.wav,ND4_0096.wav,Malayalam,Non-depressed,train,48000,2,PCM_16,5.467479166666666,19782443ad17c810f469910ca15096c4
NLP Dataset/Malayalam/Non_depressed/Train_set/ND4_0097.wav,ND4_0097.wav,Malayalam,Non-depressed,train,48000,2,PCM_16,5.729979166666666,ac197ed1bdc866c79dc5fade92543e6b
NLP Dataset/Malayalam/Non_depressed/Train_set/ND4_0098.wav,ND4_0098.wav,Malayalam,Non-depressed,train,48000,2,PCM_16,4.7025,375ea91da5ad8d8dcb4bfb48a6ffa0a5
NLP Dataset/Malayalam/Non_depressed/Train_set/ND4_0099.wav,ND4_0099.wav,Malayalam,Non-depressed,train,48000,2,PCM_16,3.5250208333333335,7f38909b0afe70af288cd3a15d9477d2
NLP Dataset/Malayalam/Non_depressed/Train_set/ND4_0100.wav,ND4_0100.wav,Malayalam,Non-depressed,train,48000,2,PCM_16,6.0325,c56cdb5d87d050c341f7c0f05f780168
NLP Dataset/Malayalam/Non_depressed/Train_set/ND4_0101.wav,ND4_0101.wav,Malayalam,Non-depressed,train,48000,2,PCM_16,2.855,d8b76047780b04431168126d6ed3516d
NLP Dataset/Malayalam/Non_depressed/Train_set/ND4_0102.wav,ND4_0102.wav,Malayalam,Non-depressed,train,48000,2,PCM_16,2.84,1fc0a5cba4a875eda723a85a746bea01
NLP Dataset/Malayalam/Non_depressed/Train_set/ND4_0103.wav,ND4_0103.wav,Malayalam,Non-depressed,train,48000,2,PCM_16,2.5675,c1649014491ff6c7492604e0bb32eceb
NLP Dataset/Malayalam/Non_depressed/Train_set/ND4_0104.wav,ND4_0104.wav,Malayalam,Non-depressed,train,48000,2,PCM_16,3.7375,8882ebdb28fa4fb892d978ae8feeedd5
NLP Dataset/Malayalam/Non_depressed/Train_set/ND4_0105.wav,ND4_0105.wav,Malayalam,Non-depressed,train,48000,2,PCM_16,5.125,0e4a3a6398350b8d7ab0bc9485c1d39a
NLP Dataset/Malayalam/Non_depressed/Train_set/ND4_0106.wav,ND4_0106.wav,Malayalam,Non-depressed,train,48000,2,PCM_16,3.17,97c1072cbefea4d23e84b4ebe0baafd5
NLP Dataset/Malayalam/Non_depressed/Train_set/ND4_0107.wav,ND4_0107.wav,Malayalam,Non-depressed,train,48000,2,PCM_16,1.6475,87afb61235d6fef50dba7c6aa7a2a51c
NLP Dataset/Malayalam/Non_depressed/Train_set/ND4_0108.wav,ND4_0108.wav,Malayalam,Non-depressed,train,48000,2,PCM_16,5.23,49beedcfaeaba00e9d2c665e5e4d2b5f
NLP Dataset/Malayalam/Non_depressed/Train_set/ND4_0109.wav,ND4_0109.wav,Malayalam,Non-depressed,train,48000,2,PCM_16,3.7075,b4c47990f526498a9cb0ece7b8c32542
NLP Dataset/Malayalam/Non_depressed/Train_set/ND4_0110.wav,ND4_0110.wav,Malayalam,Non-depressed,train,48000,2,PCM_16,5.8675,4ab757c343a1cbf075abcc608f0626c5
NLP Dataset/Malayalam/Non_depressed/Train_set/ND4_0111.wav,ND4_0111.wav,Malayalam,Non-depressed,train,48000,2,PCM_16,3.0175,710a859ab3410b75f1a80f99dc238757
NLP Dataset/Malayalam/Non_depressed/Train_set/ND4_0112.wav,ND4_0112.wav,Malayalam,Non-depressed,train,48000,2,PCM_16,2.1175,e140ed05d16e4a808954d9b4d9e64c8e
NLP Dataset/Malayalam/Non_depressed/Train_set/ND4_0113.wav,ND4_0113.wav,Malayalam,Non-depressed,train,48000,2,PCM_16,3.0125,54c7db755628997646faa4c1f4e0e76b
NLP Dataset/Malayalam/Non_depressed/Train_set/ND4_0114.wav,ND4_0114.wav,Malayalam,Non-depressed,train,48000,2,PCM_16,3.2974791666666667,a802098fcbe7dcd531c4ec081b3d6f89
NLP Dataset/Malayalam/Non_depressed/Train_set/ND4_0115.wav,ND4_0115.wav,Malayalam,Non-depressed,train,48000,2,PCM_16,3.3824791666666667,28f926ff5a751a7f4859d6bb5842b69d
NLP Dataset/Malayalam/Non_depressed/Train_set/ND4_0116.wav,ND4_0116.wav,Malayalam,Non-depressed,train,48000,2,PCM_16,2.7925,22c58aaaff89a36911a4686a2843bd05
NLP Dataset/Malayalam/Non_depressed/Train_set/ND4_0117.wav,ND4_0117.wav,Malayalam,Non-depressed,train,48000,2,PCM_16,4.0425,89481382b6a81d6456658400a16140bb
NLP Dataset/Malayalam/Non_depressed/Train_set/ND4_0118.wav,ND4_0118.wav,Malayalam,Non-depressed,train,48000,2,PCM_16,1.9475208333333334,189c8719b9da8c64c9fbd26cd580936c
NLP Dataset/Malayalam/Non_depressed/Train_set/ND4_0119.wav,ND4_0119.wav,Malayalam,Non-depressed,train,48000,2,PCM_16,4.947520833333333,8e028731313d12761adce50b6053c5a8
NLP Dataset/Malayalam/Non_depressed/Train_set/ND4_0120.wav,ND4_0120.wav,Malayalam,Non-depressed,train,48000,2,PCM_16,2.0375208333333332,bdd577d82627ef0652985579ed2b3d96
NLP Dataset/Malayalam/Non_depressed/Train_set/ND4_0121.wav,ND4_0121.wav,Malayalam,Non-depressed,train,48000,2,PCM_16,2.1525,f173fa8c609d8672e1ad72ea6390181c
NLP Dataset/Malayalam/Non_depressed/Train_set/ND4_0122.wav,ND4_0122.wav,Malayalam,Non-depressed,train,48000,2,PCM_16,4.5025208333333335,1d02bec5e27df4d2ddd5f81ce9953518
NLP Dataset/Malayalam/Non_depressed/Train_set/ND4_0123.wav,ND4_0123.wav,Malayalam,Non-depressed,train,48000,2,PCM_16,2.37,47e2d6611c283bf83ab4e6a94ce37eb5
NLP Dataset/Malayalam/Non_depressed/Train_set/ND4_0124.wav,ND4_0124.wav,Malayalam,Non-depressed,train,48000,2,PCM_16,3.125,510dd348ede42a686cdf8f1c931d694d
NLP Dataset/Malayalam/Non_depressed/Train_set/ND4_0125.wav,ND4_0125.wav,Malayalam,Non-depressed,train,48000,2,PCM_16,3.1675,f0be3607ad7d8df92802a7ee787f353b
NLP Dataset/Malayalam/Non_depressed/Train_set/ND4_0126.wav,ND4_0126.wav,Malayalam,Non-depressed,train,48000,2,PCM_16,4.905020833333333,c6db43aadb5046fe1beb0b4444e41561
NLP Dataset/Malayalam/Non_depressed/Train_set/ND4_0127.wav,ND4_0127.wav,Malayalam,Non-depressed,train,48000,2,PCM_16,5.6875,968421c3fc3701198fe692b2ef0a5bb1
NLP Dataset/Malayalam/Non_depressed/Train_set/ND4_0128.wav,ND4_0128.wav,Malayalam,Non-depressed,train,48000,2,PCM_16,2.345,5e7605888c141b16e40b64abdfb178b3
NLP Dataset/Malayalam/Non_depressed/Train_set/ND4_0129.wav,ND4_0129.wav,Malayalam,Non-depressed,train,48000,2,PCM_16,5.8,b460c861f5b95d854e21ed3db644e02c
NLP Dataset/Malayalam/Non_depressed/Train_set/ND4_0130.wav,ND4_0130.wav,Malayalam,Non-depressed,train,48000,2,PCM_16,3.975,6526e50f2b9aa2c383b3742626ce1a02
NLP Dataset/Malayalam/Non_depressed/Train_set/ND4_0131.wav,ND4_0131.wav,Malayalam,Non-depressed,train,48000,2,PCM_16,5.3625,0a70ceb8971f3dd64aaf74275719d978
NLP Dataset/Malayalam/Non_depressed/Train_set/ND4_0132.wav,ND4_0132.wav,Malayalam,Non-depressed,train,48000,2,PCM_16,4.4675,f5ff07c97741d0127906ced9a91e039b
NLP Dataset/Malayalam/Non_depressed/Train_set/ND4_0133.wav,ND4_0133.wav,Malayalam,Non-depressed,train,48000,2,PCM_16,4.0625,a3f271f91394f19bc1c737ff4fe301d7
NLP Dataset/Malayalam/Non_depressed/Train_set/ND4_0134.wav,ND4_0134.wav,Malayalam,Non-depressed,train,48000,2,PCM_16,2.85,35fa14403e504a4e5f3ddb835731ebef
NLP Dataset/Malayalam/Non_depressed/Train_set/ND4_0135.wav,ND4_0135.wav,Malayalam,Non-depressed,train,48000,2,PCM_16,4.4025,e0656b530c023a2a3fdb5937fb14614a
NLP Dataset/Malayalam/Non_depressed/Train_set/ND4_0136.wav,ND4_0136.wav,Malayalam,Non-depressed,train,48000,2,PCM_16,6.435,434f10fe3fc384b33f298fb20f34e6fb
NLP Dataset/Malayalam/Non_depressed/Train_set/ND4_0137.wav,ND4_0137.wav,Malayalam,Non-depressed,train,48000,2,PCM_16,3.11,42b230a10312ffef7c8a55bb7a40351b
NLP Dataset/Malayalam/Non_depressed/Train_set/ND4_0138.wav,ND4_0138.wav,Malayalam,Non-depressed,train,48000,2,PCM_16,2.85,b726e1f825e347078f443300a3513e89
NLP Dataset/Malayalam/Non_depressed/Train_set/ND4_0139.wav,ND4_0139.wav,Malayalam,Non-depressed,train,48000,2,PCM_16,3.4925,124a71180303227156549049b55a448e
NLP Dataset/Malayalam/Non_depressed/Train_set/ND4_0140.wav,ND4_0140.wav,Malayalam,Non-depressed,train,48000,2,PCM_16,1.84,e65b2e698c454cb59e6aa8b0928f1c73
NLP Dataset/Malayalam/Non_depressed/Train_set/ND4_0141.wav,ND4_0141.wav,Malayalam,Non-depressed,train,48000,2,PCM_16,2.1825,5c05769806d167eb72397300ac8aca32
NLP Dataset/Malayalam/Non_depressed/Train_set/ND4_0142.wav,ND4_0142.wav,Malayalam,Non-depressed,train,48000,2,PCM_16,2.29,4654fe68626cf82be0a82bb9f990132d
NLP Dataset/Malayalam/Non_depressed/Train_set/ND4_0143.wav,ND4_0143.wav,Malayalam,Non-depressed,train,48000,2,PCM_16,5.555,7cd98598f852dec338eefb399a31d46d
NLP Dataset/Malayalam/Non_depressed/Train_set/ND4_0144.wav,ND4_0144.wav,Malayalam,Non-depressed,train,48000,2,PCM_16,3.4425,654560ada4515cdd42df182c43c09c0d
NLP Dataset/Malayalam/Non_depressed/Train_set/ND4_0145.wav,ND4_0145.wav,Malayalam,Non-depressed,train,48000,2,PCM_16,3.7825,f5b53a7f02ffff8790eefc2dc00c1cc0
NLP Dataset/Malayalam/Non_depressed/Train_set/ND4_0146.wav,ND4_0146.wav,Malayalam,Non-depressed,train,48000,2,PCM_16,2.9275,581b7aa89f40ca1cba0a9c7e4cfbc1e5
NLP Dataset/Malayalam/Non_depressed/Train_set/ND4_0147.wav,ND4_0147.wav,Malayalam,Non-depressed,train,48000,2,PCM_16,4.505,fdecb135b94611d290422a7f37550be8
NLP Dataset/Malayalam/Non_depressed/Train_set/ND4_0148.wav,ND4_0148.wav,Malayalam,Non-depressed,train,48000,2,PCM_16,4.365,5e3799d6ab3f7eb789d267c878532db7
NLP Dataset/Malayalam/Non_depressed/Train_set/ND4_0149.wav,ND4_0149.wav,Malayalam,Non-depressed,train,48000,2,PCM_16,2.75,da1527b15552fa4e280ca576d97a1c09
NLP Dataset/Malayalam/Non_depressed/Train_set/ND4_0150.wav,ND4_0150.wav,Malayalam,Non-depressed,train,48000,2,PCM_16,5.7225,a7afe4bacc415ec8772d43259cab29c9
NLP Dataset/Malayalam/Non_depressed/Train_set/ND4_0151.wav,ND4_0151.wav,Malayalam,Non-depressed,train,48000,2,PCM_16,5.1775,873f865930565eee2549bae6d0d1b98f
NLP Dataset/Malayalam/Non_depressed/Train_set/ND4_0152.wav,ND4_0152.wav,Malayalam,Non-depressed,train,48000,2,PCM_16,4.59,806c657a5aaf84623d9ec26829a0e2df
NLP Dataset/Malayalam/Non_depressed/Train_set/ND4_0153.wav,ND4_0153.wav,Malayalam,Non-depressed,train,48000,2,PCM_16,4.21,a387f8c633f0a240492fa0c55dca602e
NLP Dataset/Malayalam/Non_depressed/Train_set/ND4_0154.wav,ND4_0154.wav,Malayalam,Non-depressed,train,48000,2,PCM_16,2.6125,244d047134fddd0ea903d2da3f0cfdab
NLP Dataset/Malayalam/Non_depressed/Train_set/ND4_0155.wav,ND4_0155.wav,Malayalam,Non-depressed,train,48000,2,PCM_16,4.9075,f18c4d57842a92f8646e5192e0af63c1
NLP Dataset/Malayalam/Non_depressed/Train_set/ND4_0156.wav,ND4_0156.wav,Malayalam,Non-depressed,train,48000,2,PCM_16,5.470020833333334,4f85ff3c24422b55535d0115a91949d7
NLP Dataset/Malayalam/Non_depressed/Train_set/ND4_0157.wav,ND4_0157.wav,Malayalam,Non-depressed,train,48000,2,PCM_16,4.455,555c911fe3de15cd2a44d0e1ac8dadc6
NLP Dataset/Malayalam/Non_depressed/Train_set/ND4_0158.wav,ND4_0158.wav,Malayalam,Non-depressed,train,48000,2,PCM_16,5.2425,2574e75c52d78cebf1394b6925fbd289
NLP Dataset/Malayalam/Non_depressed/Train_set/ND4_0159.wav,ND4_0159.wav,Malayalam,Non-depressed,train,48000,2,PCM_16,4.627479166666666,2d92c9540d5043115038a2354abedea5
NLP Dataset/Malayalam/Non_depressed/Train_set/ND4_0160.wav,ND4_0160.wav,Malayalam,Non-depressed,train,48000,2,PCM_16,4.7625,a42f16a780de3a76d1bab25b61b3a274
NLP Dataset/Malayalam/Non_depressed/Train_set/ND4_0161.wav,ND4_0161.wav,Malayalam,Non-depressed,train,48000,2,PCM_16,4.4775,31da30d191f819b7bd97af1231e5b751
NLP Dataset/Malayalam/Non_depressed/Train_set/ND4_0162.wav,ND4_0162.wav,Malayalam,Non-depressed,train,48000,2,PCM_16,4.0125,d5c5e76e9ac5425fda98a150d5b473a5
NLP Dataset/Malayalam/Non_depressed/Train_set/ND4_0163.wav,ND4_0163.wav,Malayalam,Non-depressed,train,48000,2,PCM_16,3.505,99a93c5b7c2b6b34d604df49837f984c
NLP Dataset/Malayalam/Non_depressed/Train_set/ND4_0164.wav,ND4_0164.wav,Malayalam,Non-depressed,train,48000,2,PCM_16,4.9725,ffcee2916271bb103b74d93da36c96de
NLP Dataset/Malayalam/Non_depressed/Train_set/ND4_0165.wav,ND4_0165.wav,Malayalam,Non-depressed,train,48000,2,PCM_16,5.195,69702b887ceaf347b43ae897d8408236
NLP Dataset/Malayalam/Non_depressed/Train_set/ND4_0166.wav,ND4_0166.wav,Malayalam,Non-depressed,train,48000,2,PCM_16,2.695,a2e03bac3c887baaaf592b4a2eacce7a
NLP Dataset/Malayalam/Non_depressed/Train_set/ND4_0167.wav,ND4_0167.wav,Malayalam,Non-depressed,train,48000,2,PCM_16,4.33,47ddec199c1c4fd19771d40d2ed26c0e
NLP Dataset/Malayalam/Non_depressed/Train_set/ND4_0168.wav,ND4_0168.wav,Malayalam,Non-depressed,train,48000,2,PCM_16,4.7975,7997b5ca86c5636f63a383021ec04d28
NLP Dataset/Malayalam/Non_depressed/Train_set/ND4_0169.wav,ND4_0169.wav,Malayalam,Non-depressed,train,48000,2,PCM_16,4.34,7411dc260ad906159aec18dddded0394
NLP Dataset/Malayalam/Non_depressed/Train_set/ND4_0170.wav,ND4_0170.wav,Malayalam,Non-depressed,train,48000,2,PCM_16,3.465,c2dde851a308ab33c25b799d7292acfe
NLP Dataset/Malayalam/Non_depressed/Train_set/ND4_0171.wav,ND4_0171.wav,Malayalam,Non-depressed,train,48000,2,PCM_16,3.3075,7dcd364d92b94c104422d25372006cd3
NLP Dataset/Malayalam/Non_depressed/Train_set/ND4_0172.wav,ND4_0172.wav,Malayalam,Non-depressed,train,48000,2,PCM_16,2.7875208333333332,6b9c0360a9d72baea35ba3e559b1187f
NLP Dataset/Malayalam/Non_depressed/Train_set/ND4_0173.wav,ND4_0173.wav,Malayalam,Non-depressed,train,48000,2,PCM_16,2.79,94778f25dd121ddf9f3357cf9e2e2428
NLP Dataset/Malayalam/Non_depressed/Train_set/ND4_0174.wav,ND4_0174.wav,Malayalam,Non-depressed,train,48000,2,PCM_16,2.9975,5fe35749d9c9e07f0d8e83327f7e0d0c
NLP Dataset/Malayalam/Non_depressed/Train_set/ND4_0175.wav,ND4_0175.wav,Malayalam,Non-depressed,train,48000,2,PCM_16,5.4825,3994b3c571c59cdaa53b4dfc9a1361a6
NLP Dataset/Malayalam/Non_depressed/Train_set/ND4_0176.wav,ND4_0176.wav,Malayalam,Non-depressed,train,48000,2,PCM_16,2.9325,db450237317ba155b24265e593563b9c
NLP Dataset/Malayalam/Non_depressed/Train_set/ND4_0177.wav,ND4_0177.wav,Malayalam,Non-depressed,train,48000,2,PCM_16,4.51,4d76793fd67847e1ac22bd68897f4a76
NLP Dataset/Malayalam/Non_depressed/Train_set/ND4_0178.wav,ND4_0178.wav,Malayalam,Non-depressed,train,48000,2,PCM_16,2.2525,6f22fb8f8af52e8e9dbf706032f5cf3f
NLP Dataset/Malayalam/Non_depressed/Train_set/ND4_0179.wav,ND4_0179.wav,Malayalam,Non-depressed,train,48000,2,PCM_16,6.2725,8e0608e8704642e3ccf6c7cc580bc1e4
NLP Dataset/Malayalam/Non_depressed/Train_set/ND4_0180.wav,ND4_0180.wav,Malayalam,Non-depressed,train,48000,2,PCM_16,3.1675,ab1eb860a391e91289d9065dda737f47
NLP Dataset/Malayalam/Non_depressed/Train_set/ND5_0001.wav,ND5_0001.wav,Malayalam,Non-depressed,train,48000,2,PCM_16,4.331979166666667,b1e2e97b2320014a6d5343d2846054ce
NLP Dataset/Malayalam/Non_depressed/Train_set/ND5_0002.wav,ND5_0002.wav,Malayalam,Non-depressed,train,48000,2,PCM_16,4.7258125,8b4444409c99e07b8e8777befe535a7c
NLP Dataset/Malayalam/Non_depressed/Train_set/ND5_0003.wav,ND5_0003.wav,Malayalam,Non-depressed,train,48000,2,PCM_16,3.38325,e85d5f538a1de55220b0419384001866
NLP Dataset/Malayalam/Non_depressed/Train_set/ND5_0004.wav,ND5_0004.wav,Malayalam,Non-depressed,train,48000,2,PCM_16,7.822625,be3df64493ae8bc363b79cd94d6000d5
NLP Dataset/Malayalam/Non_depressed/Train_set/ND5_0005.wav,ND5_0005.wav,Malayalam,Non-depressed,train,48000,2,PCM_16,5.710354166666667,484ab81f265eaa0f4b4259d5fa099bc6
NLP Dataset/Malayalam/Non_depressed/Train_set/ND5_0006.wav,ND5_0006.wav,Malayalam,Non-depressed,train,48000,2,PCM_16,4.7258125,523d098acf5b02dfc8ce7ba6a6b828d4
NLP Dataset/Malayalam/Non_depressed/Train_set/ND5_0007.wav,ND5_0007.wav,Malayalam,Non-depressed,train,48000,2,PCM_16,3.6517708333333334,b995cea587003db7be14f9c4f8c5bf2e
NLP Dataset/Malayalam/Non_depressed/Train_set/ND5_0008.wav,ND5_0008.wav,Malayalam,Non-depressed,train,48000,2,PCM_16,5.996770833333334,0f262a44bbce3f3b5a46f409e11abc67
NLP Dataset/Malayalam/Non_depressed/Train_set/ND5_0009.wav,ND5_0009.wav,Malayalam,Non-depressed,train,48000,2,PCM_16,3.8486666666666665,3c46a686673d5a83ae2f7e45126ab603
NLP Dataset/Malayalam/Non_depressed/Train_set/ND5_0010.wav,ND5_0010.wav,Malayalam,Non-depressed,train,48000,2,PCM_16,3.0789375,be81eed57e07e53e8ce5e79480fbea35
NLP Dataset/Malayalam/Non_depressed/Train_set/ND5_0011.wav,ND5_0011.wav,Malayalam,Non-depressed,train,48000,2,PCM_16,5.5134375,0fadde719ad95d65a5814b778862d176
NLP Dataset/Malayalam/Non_depressed/Train_set/ND5_0012.wav,ND5_0012.wav,Malayalam,Non-depressed,train,48000,2,PCM_16,9.720104166666667,c3461cde698b888655c8715113fbb321
NLP Dataset/Malayalam/Non_depressed/Train_set/ND5_0013.wav,ND5_0013.wav,Malayalam,Non-depressed,train,48000,2,PCM_16,2.774625,9c8b7b0d4ee5597d1d50f49a37698234
NLP Dataset/Malayalam/Non_depressed/Train_set/ND5_0014.wav,ND5_0014.wav,Malayalam,Non-depressed,train,48000,2,PCM_16,7.428833333333333,b55def4c7d3b075e2bdcc260ff817c3c
NLP Dataset/Malayalam/Non_depressed/Train_set/ND5_0015.wav,ND5_0015.wav,Malayalam,Non-depressed,train,48000,2,PCM_16,5.45975,57c37df53c67d0c346b942c74ad954de
NLP Dataset/Malayalam/Non_depressed/Train_set/ND5_0016.wav,ND5_0016.wav,Malayalam,Non-depressed,train,48000,2,PCM_16,2.9178333333333333,65d32eb92873a47b018e24b4286cf2a6
NLP Dataset/Malayalam/Non_depressed/Train_set/ND5_0017.wav,ND5_0017.wav,Malayalam,Non-depressed,train,48000,2,PCM_16,4.6183958333333335,fbfebf359afca80874e0b367431da2d4
NLP Dataset/Malayalam/Non_depressed/Train_set/ND5_0018.wav,ND5_0018.wav,Malayalam,Non-depressed,train,48000,2,PCM_16,5.7640416666666665,3079037111bf2322648615226ba33a94
NLP Dataset/Malayalam/Non_depressed/Train_set/ND5_0019.wav,ND5_0019.wav,Malayalam,Non-depressed,train,48000,2,PCM_16,5.45975,d62897f5985daeff0779e70c446d7f66
NLP Dataset/Malayalam/Non_depressed/Train_set/ND5_0020.wav,ND5_0020.wav,Malayalam,Non-depressed,train,48000,2,PCM_16,2.4702916666666668,17dd43db3eb81178e9b1cf9f6396975e
NLP Dataset/Malayalam/Non_depressed/Train_set/ND5_0021.wav,ND5_0021.wav,Malayalam,Non-depressed,train,48000,2,PCM_16,4.403583333333334,ea66d158f5c972d07a6d02995a4d1cac
NLP Dataset/Malayalam/Non_depressed/Train_set/ND5_0022.wav,ND5_0022.wav,Malayalam,Non-depressed,train,48000,2,PCM_16,7.625729166666667,7ed960327158628bf27d96a22ba4c03d
NLP Dataset/Malayalam/Non_depressed/Train_set/ND5_0023.wav,ND5_0023.wav,Malayalam,Non-depressed,train,48000,2,PCM_16,3.812875,7ef6507bec5d4d154c25079e3d11c0c7
NLP Dataset/Malayalam/Non_depressed/Train_set/ND5_0024.wav,ND5_0024.wav,Malayalam,Non-depressed,train,48000,2,PCM_16,6.3010625,4c849b34d0b359a503ef4fb552213e86
NLP Dataset/Malayalam/Non_depressed/Train_set/ND5_0025.wav,ND5_0025.wav,Malayalam,Non-depressed,train,48000,2,PCM_16,3.0968333333333335,d5fba5a2aa7ba2afb65e127280e29749
NLP Dataset/Malayalam/Non_depressed/Train_set/ND5_0026.wav,ND5_0026.wav,Malayalam,Non-depressed,train,48000,2,PCM_16,3.65175,c282a09b7d536ed104db9fe064ba061f
NLP Dataset/Malayalam/Non_depressed/Train_set/ND5_0027.wav,ND5_0027.wav,Malayalam,Non-depressed,train,48000,2,PCM_16,2.541916666666667,978f796f87f472dd25bdecae3d573f0f
NLP Dataset/Malayalam/Non_depressed/Train_set/ND5_0028.wav,ND5_0028.wav,Malayalam,Non-depressed,train,48000,2,PCM_16,2.9178333333333333,2336f55e1ab5b717fb38d4821dc2c576
NLP Dataset/Malayalam/Non_depressed/Train_set/ND5_0029.wav,ND5_0029.wav,Malayalam,Non-depressed,train,48000,2,PCM_16,2.183895833333333,beb8b5d7db1593e1360f8ba08ac34822
NLP Dataset/Malayalam/Non_depressed/Train_set/ND5_0030.wav,ND5_0030.wav,Malayalam,Non-depressed,train,48000,2,PCM_16,4.546791666666667,bb6df97b6a35917050d1c799b3872787
NLP Dataset/Malayalam/Non_depressed/Train_set/ND5_0031.wav,ND5_0031.wav,Malayalam,Non-depressed,train,48000,2,PCM_16,1.9869791666666667,d27ea423cca96de359fd60eacd80ff9a
NLP Dataset/Malayalam/Non_depressed/Train_set/ND5_0032.wav,ND5_0032.wav,Malayalam,Non-depressed,train,48000,2,PCM_16,3.150541666666667,76b872a31732b4d4d19e1135d129a466
NLP Dataset/Malayalam/Non_depressed/Train_set/ND5_0033.wav,ND5_0033.wav,Malayalam,Non-depressed,train,48000,2,PCM_16,7.042833333333333,0bed61400d8b00d3a58b119a5a135300
NLP Dataset/Malayalam/Non_depressed/Train_set/ND5_0034.wav,ND5_0034.wav,Malayalam,Non-depressed,train,48000,2,PCM_16,2.3034166666666667,3df076b179e30a7570df32bdeae54584
NLP Dataset/Malayalam/Non_depressed/Train_set/ND5_0035.wav,ND5_0035.wav,Malayalam,Non-depressed,train,48000,2,PCM_16,4.291979166666667,0bb06aca773bf19263f0ec0159bf695c
NLP Dataset/Malayalam/Non_depressed/Train_set/ND5_0036.wav,ND5_0036.wav,Malayalam,Non-depressed,train,48000,2,PCM_16,6.56225,98d0bf8b63cbd4c3e9715d4bca0bad73
NLP Dataset/Malayalam/Non_depressed/Train_set/ND5_0037.wav,ND5_0037.wav,Malayalam,Non-depressed,train,48000,2,PCM_16,5.485104166666667,f572efcbf7f882ece2cecc690bd2b4b8
NLP Dataset/Malayalam/Non_depressed/Train_set/ND5_0038.wav,ND5_0038.wav,Malayalam,Non-depressed,train,48000,2,PCM_16,2.9,de0f01972ec3f5175cd18caf07ec8160
NLP Dataset/Malayalam/Non_depressed/Train_set/ND5_0039.wav,ND5_0039.wav,Malayalam,Non-depressed,train,48000,2,PCM_16,6.379958333333334,764566da63d2d87bd070502a548eaf8e
NLP Dataset/Malayalam/Non_depressed/Train_set/ND5_0040.wav,ND5_0040.wav,Malayalam,Non-depressed,train,48000,2,PCM_16,3.0988541666666665,09620d83ee55bd75bb22fc207ae28562
NLP Dataset/Malayalam/Non_depressed/Train_set/ND5_0041.wav,ND5_0041.wav,Malayalam,Non-depressed,train,48000,2,PCM_16,5.253104166666667,afbca01dd216328b75c443bf8aa881aa
NLP Dataset/Malayalam/Non_depressed/Train_set/ND5_0042.wav,ND5_0042.wav,Malayalam,Non-depressed,train,48000,2,PCM_16,2.7177083333333334,f6c2788b175fdf85979056ea2983b580
NLP Dataset/Malayalam/Non_depressed/Train_set/ND5_0043.wav,ND5_0043.wav,Malayalam,Non-depressed,train,48000,2,PCM_16,4.374833333333333,84dc0a6bc62e11e41498a570df65fe1f
NLP Dataset/Malayalam/Non_depressed/Train_set/ND5_0044.wav,ND5_0044.wav,Malayalam,Non-depressed,train,48000,2,PCM_16,6.3136875,e7d42a20564edf4a32be4d9d3f68e55a
NLP Dataset/Malayalam/Non_depressed/Train_set/ND5_0045.wav,ND5_0045.wav,Malayalam,Non-depressed,train,48000,2,PCM_16,4.291979166666667,35d92d2bad55a6203f0852255a1e47cc
NLP Dataset/Malayalam/Non_depressed/Train_set/ND5_0046.wav,ND5_0046.wav,Malayalam,Non-depressed,train,48000,2,PCM_16,1.7897083333333332,b2f8530fdae4b94059b858c26fbf4afb
NLP Dataset/Malayalam/Non_depressed/Train_set/ND5_0047.wav,ND5_0047.wav,Malayalam,Non-depressed,train,48000,2,PCM_16,3.5959791666666665,bb8a9f97c078ce83cf24e9298b905784
NLP Dataset/Malayalam/Non_depressed/Train_set/ND5_0048.wav,ND5_0048.wav,Malayalam,Non-depressed,train,48000,2,PCM_16,3.0988541666666665,6e892a73ddc38cd483c21f27d9a22668
NLP Dataset/Malayalam/Non_depressed/Train_set/ND5_0049.wav,ND5_0049.wav,Malayalam,Non-depressed,train,48000,2,PCM_16,3.7285625,0a8a05d1baf108c51dbc70e615554509
NLP Dataset/Malayalam/Non_depressed/Train_set/ND5_0050.wav,ND5_0050.wav,Malayalam,Non-depressed,train,48000,2,PCM_16,3.2976875,80211e07c0370c2993cd85d0b1e13a30
NLP Dataset/Malayalam/Non_depressed/Train_set/ND5_0051.wav,ND5_0051.wav,Malayalam,Non-depressed,train,48000,2,PCM_16,2.1377083333333333,596d6258eac7a12995b55ea5fe1ec4de
NLP Dataset/Malayalam/Non_depressed/Train_set/ND5_0052.wav,ND5_0052.wav,Malayalam,Non-depressed,train,48000,2,PCM_16,3.894270833333333,5fc86ade25e1a094b488069b7263d5ac
NLP Dataset/Malayalam/Non_depressed/Train_set/ND5_0053.wav,ND5_0053.wav,Malayalam,Non-depressed,train,48000,2,PCM_16,4.142854166666667,08c2a8af361839d66344238c332f63c0
NLP Dataset/Malayalam/Non_depressed/Train_set/ND5_0054.wav,ND5_0054.wav,Malayalam,Non-depressed,train,48000,2,PCM_16,6.843979166666666,79f97555fb8e66d0cb2818fead5e86c3
NLP Dataset/Malayalam/Non_depressed/Train_set/ND5_0055.wav,ND5_0055.wav,Malayalam,Non-depressed,train,48000,2,PCM_16,2.518854166666667,d5c7408f946fcfabb1f5ea724e4b7446
NLP Dataset/Malayalam/Non_depressed/Train_set/ND5_0056.wav,ND5_0056.wav,Malayalam,Non-depressed,train,48000,2,PCM_16,2.469145833333333,17e81725f38dd660a78c44b3792282ea
NLP Dataset/Malayalam/Non_depressed/Train_set/ND5_0057.wav,ND5_0057.wav,Malayalam,Non-depressed,train,48000,2,PCM_16,4.126270833333334,a3db94b6547771d56981762860f45a83
NLP Dataset/Malayalam/Non_depressed/Train_set/ND5_0058.wav,ND5_0058.wav,Malayalam,Non-depressed,train,48000,2,PCM_16,3.4633958333333332,b527f934a0c05c28f8ec374ed38e477c
NLP Dataset/Malayalam/Non_depressed/Train_set/ND5_0059.wav,ND5_0059.wav,Malayalam,Non-depressed,train,48000,2,PCM_16,3.596,43dc0629e63983b9df9bc64c2df4c834
NLP Dataset/Malayalam/Non_depressed/Train_set/ND5_0060.wav,ND5_0060.wav,Malayalam,Non-depressed,train,48000,2,PCM_16,4.026854166666666,1d18e4d40851f048834cb86bed9581dc
NLP Dataset/Malayalam/Non_depressed/Train_set/ND5_0061.wav,ND5_0061.wav,Malayalam,Non-depressed,train,48000,2,PCM_16,5.2696875,b75c948d36144f4400e851975e72b5fa
NLP Dataset/Malayalam/Non_depressed/Train_set/ND5_0062.wav,ND5_0062.wav,Malayalam,Non-depressed,train,48000,2,PCM_16,3.977125,0da677235465d83dec2eb09d2aef53d7
NLP Dataset/Malayalam/Non_depressed/Train_set/ND5_0063.wav,ND5_0063.wav,Malayalam,Non-depressed,train,48000,2,PCM_16,5.518270833333333,90493ad92212a0ad931d54fc162756ba
NLP Dataset/Malayalam/Non_depressed/Train_set/ND5_0064.wav,ND5_0064.wav,Malayalam,Non-depressed,train,48000,2,PCM_16,6.9268125,2831e1cad060d49b4d25222cf10d7eed
NLP Dataset/Malayalam/Non_depressed/Train_set/ND5_0065.wav,ND5_0065.wav,Malayalam,Non-depressed,train,48000,2,PCM_16,6.015395833333334,2a31f1b14fb330e7299d1431a0c66888
NLP Dataset/Malayalam/Non_depressed/Train_set/ND5_0066.wav,ND5_0066.wav,Malayalam,Non-depressed,train,48000,2,PCM_16,5.170270833333333,42fb10cd3d49412cddaf1fe0397bfe96
NLP Dataset/Malayalam/Non_depressed/Train_set/ND5_0067.wav,ND5_0067.wav,Malayalam,Non-depressed,train,48000,2,PCM_16,4.291979166666667,4e5185b56a7e48b08027484e156d666b
NLP Dataset/Malayalam/Non_depressed/Train_set/ND5_0068.wav,ND5_0068.wav,Malayalam,Non-depressed,train,48000,2,PCM_16,5.319416666666666,c51ecddc9c4a664e449d1f00f566137c
NLP Dataset/Malayalam/Non_depressed/Train_set/ND5_0069.wav,ND5_0069.wav,Malayalam,Non-depressed,train,48000,2,PCM_16,4.3085625,a64dc5d7cf1fafcbfb2f85afe480ab4f
NLP Dataset/Malayalam/Non_depressed/Train_set/ND5_0070.wav,ND5_0070.wav,Malayalam,Non-depressed,train,48000,2,PCM_16,3.745125,0f74922249ff56b8861078f2b3a1391d
NLP Dataset/Malayalam/Non_depressed/Train_set/ND5_0071.wav,ND5_0071.wav,Malayalam,Non-depressed,train,48000,2,PCM_16,2.6348541666666665,74e73ec72b481bf8ab4a28579b81c3ab
NLP Dataset/Malayalam/Non_depressed/Train_set/ND5_0072.wav,ND5_0072.wav,Malayalam,Non-depressed,train,48000,2,PCM_16,2.3365625,84103341d86db1fe36c8656a7c2c0486
NLP Dataset/Malayalam/Non_depressed/Train_set/ND5_0073.wav,ND5_0073.wav,Malayalam,Non-depressed,train,48000,2,PCM_16,3.0988541666666665,ef4db4c150016ff922461f2d94342a99
NLP Dataset/Malayalam/Non_depressed/Train_set/ND5_0074.wav,ND5_0074.wav,Malayalam,Non-depressed,train,48000,2,PCM_16,1.9885833333333334,8aabc257f908d4df898e09c6220dc9bd
NLP Dataset/Malayalam/Non_depressed/Train_set/ND5_0075.wav,ND5_0075.wav,Malayalam,Non-depressed,train,48000,2,PCM_16,3.016,b978e438a3d88b72ce72b12a845f13b7
NLP Dataset/Malayalam/Non_depressed/Train_set/ND5_0076.wav,ND5_0076.wav,Malayalam,Non-depressed,train,48000,2,PCM_16,3.248,20f80b3b5ffcaac2a0d69d7ac4b4660f
NLP Dataset/Malayalam/Non_depressed/Train_set/ND5_0077.wav,ND5_0077.wav,Malayalam,Non-depressed,train,48000,2,PCM_16,2.535416666666667,e20ea498a3b5a7706b220586be40188f
NLP Dataset/Malayalam/Non_depressed/Train_set/ND5_0078.wav,ND5_0078.wav,Malayalam,Non-depressed,train,48000,2,PCM_16,2.518854166666667,88a674597deb7bb7b79f6af204355e02
NLP Dataset/Malayalam/Non_depressed/Train_set/ND5_0079.wav,ND5_0079.wav,Malayalam,Non-depressed,train,48000,2,PCM_16,5.949104166666666,feb357d2448345288d6697393c9149b3
NLP Dataset/Malayalam/Non_depressed/Train_set/ND5_0080.wav,ND5_0080.wav,Malayalam,Non-depressed,train,48000,2,PCM_16,3.8114166666666667,f3f522bea2da83aab408aed3bd2c8c7f
NLP Dataset/Malayalam/Non_depressed/Train_set/ND5_0081.wav,ND5_0081.wav,Malayalam,Non-depressed,train,48000,2,PCM_16,5.667395833333333,871776fc700ebe550175a643b069f085
NLP Dataset/Malayalam/Non_depressed/Train_set/ND5_0082.wav,ND5_0082.wav,Malayalam,Non-depressed,train,48000,2,PCM_16,3.049125,f53cbbf9b7e7c8e7ce229e45ece13371
NLP Dataset/Malayalam/Non_depressed/Train_set/ND5_0083.wav,ND5_0083.wav,Malayalam,Non-depressed,train,48000,2,PCM_16,3.894270833333333,94c087fb5077aa1a63cb31613a782a94
NLP Dataset/Malayalam/Non_depressed/Train_set/ND5_0084.wav,ND5_0084.wav,Malayalam,Non-depressed,train,48000,2,PCM_16,6.3136875,d388aa8aea663451bf60ea88295625ac
NLP Dataset/Malayalam/Non_depressed/Train_set/ND5_0085.wav,ND5_0085.wav,Malayalam,Non-depressed,train,48000,2,PCM_16,6.031958333333334,733cb880956dd829c01c7202766605a1
NLP Dataset/Malayalam/Non_depressed/Train_set/ND5_0086.wav,ND5_0086.wav,Malayalam,Non-depressed,train,48000,2,PCM_16,2.2536875,14c613ec29147164ca0db2b438417071
NLP Dataset/Malayalam/Non_depressed/Train_set/ND5_0087.wav,ND5_0087.wav,Malayalam,Non-depressed,train,48000,2,PCM_16,3.927416666666667,751eb1f42621ea4f4521a5404a3ad8ef
NLP Dataset/Malayalam/Non_depressed/Train_set/ND5_0088.wav,ND5_0088.wav,Malayalam,Non-depressed,train,48000,2,PCM_16,4.043416666666666,085dc99d8fa6b174e206cca667b4078f
NLP Dataset/Malayalam/Non_depressed/Train_set/ND5_0089.wav,ND5_0089.wav,Malayalam,Non-depressed,train,48000,2,PCM_16,3.3805625,4dbbcc25f8da05be128bc7f4832c6c3b
NLP Dataset/Malayalam/Non_depressed/Train_set/ND5_0090.wav,ND5_0090.wav,Malayalam,Non-depressed,train,48000,2,PCM_16,3.7782708333333335,aab9a0611bfed10b990139e47f1489c7
NLP Dataset/Malayalam/Non_depressed/Train_set/ND5_0091.wav,ND5_0091.wav,Malayalam,Non-depressed,train,48000,2,PCM_16,4.6399791666666665,e519d658e633fd2e1672e53d968c4527
NLP Dataset/Malayalam/Non_depressed/Train_set/ND5_0092.wav,ND5_0092.wav,Malayalam,Non-depressed,train,48000,2,PCM_16,3.132,99f0e3f0c2ebbafc3f74e97c4abf3164
NLP Dataset/Malayalam/Non_depressed/Train_set/ND5_0093.wav,ND5_0093.wav,Malayalam,Non-depressed,train,48000,2,PCM_16,2.4525625,efa0f92805e96ef93a6dc9dfbc4f2c21
NLP Dataset/Malayalam/Non_depressed/Train_set/ND5_0094.wav,ND5_0094.wav,Malayalam,Non-depressed,train,48000,2,PCM_16,5.282020833333333,d57af894da336d599ae940896a0c996b
NLP Dataset/Malayalam/Non_depressed/Train_set/ND5_0095.wav,ND5_0095.wav,Malayalam,Non-depressed,train,48000,2,PCM_16,3.760083333333333,2e3f80ccadf902f5f0fb7a3e08fea1c7
NLP Dataset/Malayalam/Non_depressed/Train_set/ND5_0096.wav,ND5_0096.wav,Malayalam,Non-depressed,train,48000,2,PCM_16,4.744875,03fec695dcd75cc61af40e1abf6fbe69
NLP Dataset/Malayalam/Non_depressed/Train_set/ND5_0097.wav,ND5_0097.wav,Malayalam,Non-depressed,train,48000,2,PCM_16,5.968395833333333,e1f0ab2b9a2a16610f0465a936e5c512
NLP Dataset/Malayalam/Non_depressed/Train_set/ND5_0098.wav,ND5_0098.wav,Malayalam,Non-depressed,train,48000,2,PCM_16,4.9537708333333335,955c302e7058b0b62cc649ec4cb3a0c3
NLP Dataset/Malayalam/Non_depressed/Train_set/ND5_0099.wav,ND5_0099.wav,Malayalam,Non-depressed,train,48000,2,PCM_16,3.7003958333333333,ee9fd2a0f1bf5cd61623b11ab1731b37
NLP Dataset/Malayalam/Non_depressed/Train_set/ND5_0100.wav,ND5_0100.wav,Malayalam,Non-depressed,train,48000,2,PCM_16,6.0280625,78b87e2e5fab9a7762672c4b7adfa823
NLP Dataset/Malayalam/Non_depressed/Train_set/ND5_0101.wav,ND5_0101.wav,Malayalam,Non-depressed,train,48000,2,PCM_16,2.8946666666666667,03bab816c30a9a67a1c5fba006d2b818
NLP Dataset/Malayalam/Non_depressed/Train_set/ND5_0102.wav,ND5_0102.wav,Malayalam,Non-depressed,train,48000,2,PCM_16,2.8946666666666667,50f09c21cad6fc6421e3a4411e6423e5
NLP Dataset/Malayalam/Non_depressed/Train_set/ND5_0103.wav,ND5_0103.wav,Malayalam,Non-depressed,train,48000,2,PCM_16,2.685770833333333,0c7a45c886cfd2c2bb2be4159e4e27e9
NLP Dataset/Malayalam/Non_depressed/Train_set/ND5_0104.wav,ND5_0104.wav,Malayalam,Non-depressed,train,48000,2,PCM_16,3.6407291666666666,a00b13dc4e95717d6e4446df01ab329e
NLP Dataset/Malayalam/Non_depressed/Train_set/ND5_0105.wav,ND5_0105.wav,Malayalam,Non-depressed,train,48000,2,PCM_16,5.1328125,0b3f927fd50566bb7eb22f62ad522d0b
NLP Dataset/Malayalam/Non_depressed/Train_set/ND5_0106.wav,ND5_0106.wav,Malayalam,Non-depressed,train,48000,2,PCM_16,3.4318125,78c1ac97d1432207539926849e80247b
NLP Dataset/Malayalam/Non_depressed/Train_set/ND5_0107.wav,ND5_0107.wav,Malayalam,Non-depressed,train,48000,2,PCM_16,1.8502083333333332,fa67f9486b10606b5455c121d50ed996
NLP Dataset/Malayalam/Non_depressed/Train_set/ND5_0108.wav,ND5_0108.wav,Malayalam,Non-depressed,train,48000,2,PCM_16,5.5804583333333335,6c93ed1b6d4eff13ea45d71d3386f263
NLP Dataset/Malayalam/Non_depressed/Train_set/ND5_0109.wav,ND5_0109.wav,Malayalam,Non-depressed,train,48000,2,PCM_16,3.9391458333333333,72330f6c76866f3e9c349d84a7e05657
NLP Dataset/Malayalam/Non_depressed/Train_set/ND5_0110.wav,ND5_0110.wav,Malayalam,Non-depressed,train,48000,2,PCM_16,6.177291666666667,e015845a65f841580bf7195f57efacb2
NLP Dataset/Malayalam/Non_depressed/Train_set/ND5_0111.wav,ND5_0111.wav,Malayalam,Non-depressed,train,48000,2,PCM_16,3.372145833333333,3962fb433f4096d2a010a015797dd444
NLP Dataset/Malayalam/Non_depressed/Train_set/ND5_0112.wav,ND5_0112.wav,Malayalam,Non-depressed,train,48000,2,PCM_16,2.387354166666667,b78d0cfbbc5060b5f47ffd90c5cb2e7b
NLP Dataset/Malayalam/Non_depressed/Train_set/ND5_0113.wav,ND5_0113.wav,Malayalam,Non-depressed,train,48000,2,PCM_16,3.1035625,69f763fc24b213843c27941eb5fdae32
NLP Dataset/Malayalam/Non_depressed/Train_set/ND5_0114.wav,ND5_0114.wav,Malayalam,Non-depressed,train,48000,2,PCM_16,3.521354166666667,d1e9a3b56e3e21ff5fd0e77326988158
NLP Dataset/Malayalam/Non_depressed/Train_set/ND5_0115.wav,ND5_0115.wav,Malayalam,Non-depressed,train,48000,2,PCM_16,3.7003958333333333,9e7e2a82e81b9f8cd7498f7b9f61a237
NLP Dataset/Malayalam/Non_depressed/Train_set/ND5_0116.wav,ND5_0116.wav,Malayalam,Non-depressed,train,48000,2,PCM_16,2.9543541666666666,c8744601cccc9a5d239d169fd88dc42b
NLP Dataset/Malayalam/Non_depressed/Train_set/ND5_0117.wav,ND5_0117.wav,Malayalam,Non-depressed,train,48000,2,PCM_16,4.088354166666667,1832a7b65e28109bed37d04f0d3fbad1
NLP Dataset/Malayalam/Non_depressed/Train_set/ND5_0118.wav,ND5_0118.wav,Malayalam,Non-depressed,train,48000,2,PCM_16,2.0889375,4e56059039ad429b01485f19dceb027a
NLP Dataset/Malayalam/Non_depressed/Train_set/ND5_0119.wav,ND5_0119.wav,Malayalam,Non-depressed,train,48000,2,PCM_16,4.148020833333334,1037e27cb9807b9f2dfd16cef30924ce
NLP Dataset/Malayalam/Non_depressed/Train_set/ND5_0120.wav,ND5_0120.wav,Malayalam,Non-depressed,train,48000,2,PCM_16,2.447041666666667,21b7b9ffbf6d469282de37b306183176
NLP Dataset/Malayalam/Non_depressed/Train_set/ND5_0121.wav,ND5_0121.wav,Malayalam,Non-depressed,train,48000,2,PCM_16,1.8800416666666666,1a04914c53f1ac3531578073df6cc6a0
NLP Dataset/Malayalam/Non_depressed/Train_set/ND5_0122.wav,ND5_0122.wav,Malayalam,Non-depressed,train,48000,2,PCM_16,4.506145833333333,c96f8e361b016a85996771bea6bc73b4
NLP Dataset/Malayalam/Non_depressed/Train_set/ND5_0123.wav,ND5_0123.wav,Malayalam,Non-depressed,train,48000,2,PCM_16,3.0140416666666665,a8da76284bdaf8135abe91b4c1573cd9
NLP Dataset/Malayalam/Non_depressed/Train_set/ND5_0124.wav,ND5_0124.wav,Malayalam,Non-depressed,train,48000,2,PCM_16,3.610875,9e152321128485229a8bc68b79280c15
NLP Dataset/Malayalam/Non_depressed/Train_set/ND5_0125.wav,ND5_0125.wav,Malayalam,Non-depressed,train,48000,2,PCM_16,2.7753125,9f6435dc218004ab2e57425366c68047
NLP Dataset/Malayalam/Non_depressed/Train_set/ND5_0126.wav,ND5_0126.wav,Malayalam,Non-depressed,train,48000,2,PCM_16,4.834395833333334,505a0c094ab9fccffd9b5cba3c4c9782
NLP Dataset/Malayalam/Non_depressed/Train_set/ND5_0127.wav,ND5_0127.wav,Malayalam,Non-depressed,train,48000,2,PCM_16,5.7595,280aaba65f188d5fad5aca6153871904
NLP Dataset/Malayalam/Non_depressed/Train_set/ND5_0128.wav,ND5_0128.wav,Malayalam,Non-depressed,train,48000,2,PCM_16,2.5663958333333334,85349911c7f5fd7c5ad86cd7a0a3f555
NLP Dataset/Malayalam/Non_depressed/Train_set/ND5_0129.wav,ND5_0129.wav,Malayalam,Non-depressed,train,48000,2,PCM_16,5.9982291666666665,472ef32b2122a035e2c85541c4663805
NLP Dataset/Malayalam/Non_depressed/Train_set/ND5_0130.wav,ND5_0130.wav,Malayalam,Non-depressed,train,48000,2,PCM_16,4.1182083333333335,baa0c736df0813822ce98999ba4bad79
NLP Dataset/Malayalam/Non_depressed/Train_set/ND5_0131.wav,ND5_0131.wav,Malayalam,Non-depressed,train,48000,2,PCM_16,6.9531875,2631629e4ad1f2355694ed6e5d2bc0b5
NLP Dataset/Malayalam/Non_depressed/Train_set/ND5_0132.wav,ND5_0132.wav,Malayalam,Non-depressed,train,48000,2,PCM_16,4.565833333333333,e7471e303a82f100c017ff1a3a4356cd
NLP Dataset/Malayalam/Non_depressed/Train_set/ND5_0133.wav,ND5_0133.wav,Malayalam,Non-depressed,train,48000,2,PCM_16,3.9093125,05db17502cb749cc2f11d2a4133e7cf1
NLP Dataset/Malayalam/Non_depressed/Train_set/ND5_0134.wav,ND5_0134.wav,Malayalam,Non-depressed,train,48000,2,PCM_16,3.16325,b8f0d227442217dd8cbe9e80d05e59d4
NLP Dataset/Malayalam/Non_depressed/Train_set/ND5_0135.wav,ND5_0135.wav,Malayalam,Non-depressed,train,48000,2,PCM_16,4.506145833333333,927c48a8fda90ae66d36f000e752b71f
NLP Dataset/Malayalam/Non_depressed/Train_set/ND5_0136.wav,ND5_0136.wav,Malayalam,Non-depressed,train,48000,2,PCM_16,6.803958333333333,096e7a4767a46365fad6d32c96eb41e8
NLP Dataset/Malayalam/Non_depressed/Train_set/ND5_0137.wav,ND5_0137.wav,Malayalam,Non-depressed,train,48000,2,PCM_16,3.2229375,e86d8d4781fa671ed8c704658f3c8048
NLP Dataset/Malayalam/Non_depressed/Train_set/ND5_0138.wav,ND5_0138.wav,Malayalam,Non-depressed,train,48000,2,PCM_16,3.1334166666666667,1fc286fead708c7c4ab26034098da146
NLP Dataset/Malayalam/Non_depressed/Train_set/ND5_0139.wav,ND5_0139.wav,Malayalam,Non-depressed,train,48000,2,PCM_16,3.610875,7f242332a3a209c8ccddcfbc7d6d7bf4
NLP Dataset/Malayalam/Non_depressed/Train_set/ND5_0140.wav,ND5_0140.wav,Malayalam,Non-depressed,train,48000,2,PCM_16,1.8502083333333332,09809921a1215f9df368fafd29006abc
NLP Dataset/Malayalam/Non_depressed/Train_set/ND5_0141.wav,ND5_0141.wav,Malayalam,Non-depressed,train,48000,2,PCM_16,2.4172083333333334,646333319dacca054c07b2976d723917
NLP Dataset/Malayalam/Non_depressed/Train_set/ND5_0142.wav,ND5_0142.wav,Malayalam,Non-depressed,train,48000,2,PCM_16,2.4172083333333334,4497683a642b00ec047ca3bf84882db6
NLP Dataset/Malayalam/Non_depressed/Train_set/ND5_0143.wav,ND5_0143.wav,Malayalam,Non-depressed,train,48000,2,PCM_16,5.878854166666667,afc055a7f52d6fd2b479b4843c5213d1
NLP Dataset/Malayalam/Non_depressed/Train_set/ND5_0144.wav,ND5_0144.wav,Malayalam,Non-depressed,train,48000,2,PCM_16,3.8794375,4e72b0bfb20e82eb348b044661e71bf9
NLP Dataset/Malayalam/Non_depressed/Train_set/ND5_0145.wav,ND5_0145.wav,Malayalam,Non-depressed,train,48000,2,PCM_16,3.7899166666666666,cd54be1b2dfc5f3c44f6976feecd3893
NLP Dataset/Malayalam/Non_depressed/Train_set/ND5_0146.wav,ND5_0146.wav,Malayalam,Non-depressed,train,48000,2,PCM_16,3.7306875,55b1cdf77be27bb05d6ad6b44dee41b1
NLP Dataset/Malayalam/Non_depressed/Train_set/ND5_0147.wav,ND5_0147.wav,Malayalam,Non-depressed,train,48000,2,PCM_16,5.830625,bac93c596acbf4589280afb840954d16
NLP Dataset/Malayalam/Non_depressed/Train_set/ND5_0148.wav,ND5_0148.wav,Malayalam,Non-depressed,train,48000,2,PCM_16,4.186083333333333,133524ce6575d3e1755897bb937ce89b
NLP Dataset/Malayalam/Non_depressed/Train_set/ND5_0149.wav,ND5_0149.wav,Malayalam,Non-depressed,train,48000,2,PCM_16,2.6910625,8d312afe427019cc5708fbd7a5f7174f
NLP Dataset/Malayalam/Non_depressed/Train_set/ND5_0150.wav,ND5_0150.wav,Malayalam,Non-depressed,train,48000,2,PCM_16,5.980125,5f3368beafc837a2540b157421a21833
NLP Dataset/Malayalam/Non_depressed/Train_set/ND5_0151.wav,ND5_0151.wav,Malayalam,Non-depressed,train,48000,2,PCM_16,5.980145833333333,686dbb465b2c3e347c2fa31da4d4d8c3
NLP Dataset/Malayalam/Non_depressed/Train_set/ND5_0152.wav,ND5_0152.wav,Malayalam,Non-depressed,train,48000,2,PCM_16,4.933604166666667,eb8e3f7e254d38f908559525890b1ed4
NLP Dataset/Malayalam/Non_depressed/Train_set/ND5_0153.wav,ND5_0153.wav,Malayalam,Non-depressed,train,48000,2,PCM_16,4.634604166666667,6d8501912e18d0014f03a403b07df4ae
NLP Dataset/Malayalam/Non_depressed/Train_set/ND5_0154.wav,ND5_0154.wav,Malayalam,Non-depressed,train,48000,2,PCM_16,3.1395625,d2b8baef7793a9cdb12ee7ac816f3ce4
NLP Dataset/Malayalam/Non_depressed/Train_set/ND5_0155.wav,ND5_0155.wav,Malayalam,Non-depressed,train,48000,2,PCM_16,5.681125,1ed7b58c5a21ccb6a6a3835e6c4e6311
NLP Dataset/Malayalam/Non_depressed/Train_set/ND5_0156.wav,ND5_0156.wav,Malayalam,Non-depressed,train,48000,2,PCM_16,5.980125,fee154273909a849682512dfb1f5a48f
NLP Dataset/Malayalam/Non_depressed/Train_set/ND5_0157.wav,ND5_0157.wav,Malayalam,Non-depressed,train,48000,2,PCM_16,4.933604166666667,2f20310ea054956070f742c2aa4d3904
NLP Dataset/Malayalam/Non_depressed/Train_set/ND5_0158.wav,ND5_0158.wav,Malayalam,Non-depressed,train,48000,2,PCM_16,5.681104166666667,3919da6d46bbacf1f10b09a525069a51
NLP Dataset/Malayalam/Non_depressed/Train_set/ND5_0159.wav,ND5_0159.wav,Malayalam,Non-depressed,train,48000,2,PCM_16,4.485104166666667,8da3ad97cc95efc6145cbdd4ef54f896
NLP Dataset/Malayalam/Non_depressed/Train_set/ND5_0160.wav,ND5_0160.wav,Malayalam,Non-depressed,train,48000,2,PCM_16,4.784104166666666,09ef36039e9a8e02a372b021b2465bbc
NLP Dataset/Malayalam/Non_depressed/Train_set/ND5_0161.wav,ND5_0161.wav,Malayalam,Non-depressed,train,48000,2,PCM_16,5.083104166666667,13321e0e33cf7d60bf2315c0ce0f36d3
NLP Dataset/Malayalam/Non_depressed/Train_set/ND5_0162.wav,ND5_0162.wav,Malayalam,Non-depressed,train,48000,2,PCM_16,4.933604166666667,06f040fd8e28e24e0ac3ab71c75cbe00
NLP Dataset/Malayalam/Non_depressed/Train_set/ND5_0163.wav,ND5_0163.wav,Malayalam,Non-depressed,train,48000,2,PCM_16,3.7375833333333333,a817f240c40a564ff5a31d72c29249ad
NLP Dataset/Malayalam/Non_depressed/Train_set/ND5_0164.wav,ND5_0164.wav,Malayalam,Non-depressed,train,48000,2,PCM_16,5.681125,33f9967c54a2e93f5914954917d708b8
NLP Dataset/Malayalam/Non_depressed/Train_set/ND5_0165.wav,ND5_0165.wav,Malayalam,Non-depressed,train,48000,2,PCM_16,6.279125,2c194b5d0fb152bcfa7f9fc09a3f152d
NLP Dataset/Malayalam/Non_depressed/Train_set/ND5_0166.wav,ND5_0166.wav,Malayalam,Non-depressed,train,48000,2,PCM_16,2.990083333333333,3ab0e2bc273b6eead6c44ff0f0a3e040
NLP Dataset/Malayalam/Non_depressed/Train_set/ND5_0167.wav,ND5_0167.wav,Malayalam,Non-depressed,train,48000,2,PCM_16,3.8870833333333334,f3fdda140dd77eb98f8afb59f8f5f0a5
NLP Dataset/Malayalam/Non_depressed/Train_set/ND5_0168.wav,ND5_0168.wav,Malayalam,Non-depressed,train,48000,2,PCM_16,5.830625,98d63c9040ac4203c42703950c8c9341
NLP Dataset/Malayalam/Non_depressed/Train_set/ND5_0169.wav,ND5_0169.wav,Malayalam,Non-depressed,train,48000,2,PCM_16,5.830625,8ce8e8e0743eb9bb7ddf46852a8dfdaf
NLP Dataset/Malayalam/Non_depressed/Train_set/ND5_0170.wav,ND5_0170.wav,Malayalam,Non-depressed,train,48000,2,PCM_16,3.7375833333333333,8a3c69302d7fb5facf81475f973cafc0
NLP Dataset/Malayalam/Non_depressed/Train_set/ND5_0171.wav,ND5_0171.wav,Malayalam,Non-depressed,train,48000,2,PCM_16,4.335583333333333,06b31b2e629a9deda2549dd380f13d0d
NLP Dataset/Malayalam/Non_depressed/Train_set/ND5_0172.wav,ND5_0172.wav,Malayalam,Non-depressed,train,48000,2,PCM_16,3.1395625,e037c37104c6ff97f240d5e07708e89d
NLP Dataset/Malayalam/Non_depressed/Train_set/ND5_0173.wav,ND5_0173.wav,Malayalam,Non-depressed,train,48000,2,PCM_16,3.2890625,7ac89923ab5d24eb9d0a358182c628dd
NLP Dataset/Malayalam/Non_depressed/Train_set/ND5_0174.wav,ND5_0174.wav,Malayalam,Non-depressed,train,48000,2,PCM_16,2.9900625,ba802bf32c5ba0e1555d1da52f4a56fc
NLP Dataset/Malayalam/Non_depressed/Train_set/ND5_0175.wav,ND5_0175.wav,Malayalam,Non-depressed,train,48000,2,PCM_16,5.531625,86a9ea354681c151c29fc370544a4560
NLP Dataset/Malayalam/Non_depressed/Train_set/ND5_0176.wav,ND5_0176.wav,Malayalam,Non-depressed,train,48000,2,PCM_16,3.1395833333333334,d48d50801a7cef2ba4739df2efff0ad1
NLP Dataset/Malayalam/Non_depressed/Train_set/ND5_0177.wav,ND5_0177.wav,Malayalam,Non-depressed,train,48000,2,PCM_16,4.634604166666667,6384cdcf0197a16ea3b2a53cdea9d2c3
NLP Dataset/Malayalam/Non_depressed/Train_set/ND5_0178.wav,ND5_0178.wav,Malayalam,Non-depressed,train,48000,2,PCM_16,2.9900625,e7ab4eaf15ff2a5d389e0a6dd303b1b5
NLP Dataset/Malayalam/Non_depressed/Train_set/ND5_0179.wav,ND5_0179.wav,Malayalam,Non-depressed,train,48000,2,PCM_16,6.279125,775e6c3d2007179a998a254e177f384b
NLP Dataset/Malayalam/Non_depressed/Train_set/ND5_0180.wav,ND5_0180.wav,Malayalam,Non-depressed,train,48000,2,PCM_16,2.9900625,f07ad140c590bf2ffa4399d5b9df002f
Test Set/tamil_test/Test-set-tamil/t1.wav,t1.wav,Tamil,,test,16000,1,PCM_16,9.84375,a929d13396cd558c200e8fa34e9b8a16
Test Set/tamil_test/Test-set-tamil/t10.wav,t10.wav,Tamil,,test,48000,2,PCM_16,4.2225,d6812f98ffe382f3989a83222ac4c455
Test Set/tamil_test/Test-set-tamil/t100.wav,t100.wav,Tamil,,test,16000,1,PCM_16,7.414875,e0a8aa07add55344f5b60e72ca2a7aff
Test Set/tamil_test/Test-set-tamil/t101.wav,t101.wav,Tamil,,test,16000,1,PCM_16,6.25,66e26efddd2ef5ece9487b8ab78a42e9
Test Set/tamil_test/Test-set-tamil/t102.wav,t102.wav,Tamil,,test,16000,1,PCM_16,7.2523125,69cd4836140133ee2fa7237615a03af9
Test Set/tamil_test/Test-set-tamil/t103.wav,t103.wav,Tamil,,test,16000,1,PCM_16,8.2681875,33fd80af3d781ea5f01a6602f9b7b8f9
Test Set/tamil_test/Test-set-tamil/t104.wav,t104.wav,Tamil,,test,16000,1,PCM_16,7.9025,8bd642ab05b1a4b81ce5e3f875daec3e
Test Set/tamil_test/Test-set-tamil/t105.wav,t105.wav,Tamil,,test,48000,2,PCM_16,4.145,3b74f833bf0a364d2857ae9d1c282d8b
Test Set/tamil_test/Test-set-tamil/t106.wav,t106.wav,Tamil,,test,16000,1,PCM_16,8.329125,15e3f9a0ecd10b0ea2844d86c5abce86
Test Set/tamil_test/Test-set-tamil/t107.wav,t107.wav,Tamil,,test,48000,2,PCM_16,3.655,928b5af7ece313675132ddd99a687d0a
Test Set/tamil_test/Test-set-tamil/t108.wav,t108.wav,Tamil,,test,16000,1,PCM_16,5.75,b2b848d13aba0b31eea556f41f7f29b7
Test Set/tamil_test/Test-set-tamil/t109.wav,t109.wav,Tamil,,test,48000,2,PCM_16,4.22,9ac68a91a5fc6335a80be27f45e1eea2
Test Set/tamil_test/Test-set-tamil/t11.wav,t11.wav,Tamil,,test,16000,1,PCM_16,5.25,d2f80b242c5970fd4e671051e626a2f7
Test Set/tamil_test/Test-set-tamil/t110.wav,t110.wav,Tamil,,test,16000,1,PCM_16,4.96875,efc81535e95c46837e0b94e7fa0c7e27
Test Set/tamil_test/Test-set-tamil/t111.wav,t111.wav,Tamil,,test,48000,2,PCM_16,1.7125,189d8f02cc23e7859bdc4738c71016ab
Test Set/tamil_test/Test-set-tamil/t112.wav,t112.wav,Tamil,,test,16000,1,PCM_16,4.875,f872ae48e07201a1c5d8e8399d3ad161
Test Set/tamil_test/Test-set-tamil/t113.wav,t113.wav,Tamil,,test,48000,2,PCM_16,3.0675,5386e13e92a41a71d02c85b0e53471bb
Test Set/tamil_test/Test-set-tamil/t114.wav,t114.wav,Tamil,,test,16000,1,PCM_16,5.03125,f363c246548f13e64c455b893db6c38d
Test Set/tamil_test/Test-set-tamil/t115.wav,t115.wav,Tamil,,test,48000,2,PCM_16,3.2275,2bc44d6bd3b68bf9c239517d92199a96
Test Set/tamil_test/Test-set-tamil/t116.wav,t116.wav,Tamil,,test,16000,1,PCM_16,6.1875,e83552076bad89fbcf399ba73876b72e
Test Set/tamil_test/Test-set-tamil/t117.wav,t117.wav,Tamil,,test,48000,2,PCM_16,2.1675,540e789d29d05af0320803723876b540
Test Set/tamil_test/Test-set-tamil/t118.wav,t118.wav,Tamil,,test,16000,1,PCM_16,4.96875,e092766f4d7f8c50399936e5b4279585
Test Set/tamil_test/Test-set-tamil/t119.wav,t119.wav,Tamil,,test,48000,2,PCM_16,2.6875,1c0e40eb20546d7b2353bc2ff78b2219
Test Set/tamil_test/Test-set-tamil/t12.wav,t12.wav,Tamil,,test,48000,2,PCM_16,2.7925,c651f2711858d3301d3a5580067a65aa
Test Set/tamil_test/Test-set-tamil/t120.wav,t120.wav,Tamil,,test,16000,1,PCM_16,4.84375,2481b1868cacb435eb561855c2683eb4
Test Set/tamil_test/Test-set-tamil/t121.wav,t121.wav,Tamil,,test,48000,2,PCM_16,3.5725,ba79212884641b87d06c02f6439bd44a
Test Set/tamil_test/Test-set-tamil/t122.wav,t122.wav,Tamil,,test,16000,1,PCM_16,5.375,2f55b84c016f818b3ae27b37b486e344
Test Set/tamil_test/Test-set-tamil/t123.wav,t123.wav,Tamil,,test,48000,2,PCM_16,3.185,856edbee2d16af22435ca25a74ef60c9
Test Set/tamil_test/Test-set-tamil/t124.wav,t124.wav,Tamil,,test,16000,1,PCM_16,6.1875,5c793f690b17704c8a2dd6064ef0044a
Test Set/tamil_test/Test-set-tamil/t125.wav,t125.wav,Tamil,,test,48000,2,PCM_16,1.6725,b03de8126bafd75969b4f86d095a4baf
Test Set/tamil_test/Test-set-tamil/t126.wav,t126.wav,Tamil,,test,16000,1,PCM_16,4.46875,24286863a15f66b4f05476115eadc701
Test Set/tamil_test/Test-set-tamil/t127.wav,t127.wav,Tamil,,test,48000,2,PCM_16,3.495,4c9d6979cfe9d7bc41a369d87d1364c8
Test Set/tamil_test/Test-set-tamil/t128.wav,t128.wav,Tamil,,test,16000,1,PCM_16,4.9375,db25a26f7e73e1b592894cb903b19755
Test Set/tamil_test/Test-set-tamil/t129.wav,t129.wav,Tamil,,test,48000,2,PCM_16,2.8250208333333333,e85f9871c9936dcdaf0c3d74248787ea
Test Set/tamil_test/Test-set-tamil/t13.wav,t13.wav,Tamil,,test,16000,1,PCM_16,10.09375,3e546d532d0568d43f101c291cfbe7de
Test Set/tamil_test/Test-set-tamil/t130.wav,t130.wav,Tamil,,test,16000,1,PCM_16,4.96875,972bf5f8738adaa129b753b54e697a30
Test Set/tamil_test/Test-set-tamil/t131.wav,t131.wav,Tamil,,test,48000,2,PCM_16,2.0325,40ea2c60e81f0f258666fe47f4cd47cf
Test Set/tamil_test/Test-set-tamil/t132.wav,t132.wav,Tamil,,test,16000,1,PCM_16,6.65625,88219a8c88de460b08f9cd22fcb19d95
Test Set/tamil_test/Test-set-tamil/t133.wav,t133.wav,Tamil,,test,48000,2,PCM_16,2.1999791666666666,baf43e881bdff748ff65244679ae4254
Test Set/tamil_test/Test-set-tamil/t134.wav,t134.wav,Tamil,,test,16000,1,PCM_16,5.1875,68f79638a78291ac4792a22f8648d836
Test Set/tamil_test/Test-set-tamil/t135.wav,t135.wav,Tamil,,test,48000,2,PCM_16,3.7225,928eee6455d488af017863a5b29e491f
Test Set/tamil_test/Test-set-tamil/t136.wav,t136.wav,Tamil,,test,48000,2,PCM_16,3.765,0ed1a0fde4e545ff6acdd9a3a1593227
Test Set/tamil_test/Test-set-tamil/t137.wav,t137.wav,Tamil,,test,48000,2,PCM_16,4.685,9a469b17557185ab44d09426769fee0b
Test Set/tamil_test/Test-set-tamil/t138.wav,t138.wav,Tamil,,test,48000,2,PCM_16,1.7025,a618f2c1a71783c348cb62c44f5722e1
Test Set/tamil_test/Test-set-tamil/t139.wav,t139.wav,Tamil,,test,48000,2,PCM_16,3.7575208333333334,d2875a525516f4208feb04e92d2faa5b
Test Set/tamil_test/Test-set-tamil/t14.wav,t14.wav,Tamil,,test,48000,2,PCM_16,4.0075,d3ae07a2fd61328b2aad43346b2ad9b4
Test Set/tamil_test/Test-set-tamil/t140.wav,t140.wav,Tamil,,test,48000,2,PCM_16,2.93,54c6c9720e7be540af981ff8e5d7aac7
Test Set/tamil_test/Test-set-tamil/t141.wav,t141.wav,Tamil,,test,48000,2,PCM_16,4.382479166666666,245b7ef3e5c1a82211076f4dcfe01197
Test Set/tamil_test/Test-set-tamil/t142.wav,t142.wav,Tamil,,test,48000,2,PCM_16,3.065,a3da9ba4db9a628b18a108025e13a47f
Test Set/tamil_test/Test-set-tamil/t143.wav,t143.wav,Tamil,,test,48000,2,PCM_16,1.9275208333333333,0cc4cdfaae91c0975d387074eb9aec17
Test Set/tamil_test/Test-set-tamil/t144.wav,t144.wav,Tamil,,test,48000,2,PCM_16,2.1174791666666666,1a03a0e97b1d76a8edc8fa2ee8973df4
Test Set/tamil_test/Test-set-tamil/t145.wav,t145.wav,Tamil,,test,48000,2,PCM_16,3.155,cd466b79b43cfced0cd40a8d1669db5c
Test Set/tamil_test/Test-set-tamil/t146.wav,t146.wav,Tamil,,test,48000,2,PCM_16,2.397479166666667,cd9555526f177dfdc935398ca45e9bcd
Test Set/tamil_test/Test-set-tamil/t147.wav,t147.wav,Tamil,,test,48000,2,PCM_16,3.3999791666666668,55bce93d3fc882967880ddf1642c21e7
Test Set/tamil_test/Test-set-tamil/t148.wav,t148.wav,Tamil,,test,48000,2,PCM_16,3.1075,047a3cddb9a8a220a5e563b5d76512e4
Test Set/tamil_test/Test-set-tamil/t149.wav,t149.wav,Tamil,,test,48000,2,PCM_16,2.4025,09878c52199ec7aa8bd6d2adca9e92d1
Test Set/tamil_test/Test-set-tamil/t15.wav,t15.wav,Tamil,,test,16000,1,PCM_16,5.375,13befa1ef37cf93f45bb460966487c59
Test Set/tamil_test/Test-set-tamil/t150.wav,t150.wav,Tamil,,test,48000,2,PCM_16,2.8925,8529449d7375e1d383c032690e88257e
Test Set/tamil_test/Test-set-tamil/t151.wav,t151.wav,Tamil,,test,48000,2,PCM_16,3.22,60a6705cc919e5a65bc77fec20a4ab9b
Test Set/tamil_test/Test-set-tamil/t152.wav,t152.wav,Tamil,,test,48000,2,PCM_16,1.485,644d8147349676f7674aa2388abfe070
Test Set/tamil_test/Test-set-tamil/t153.wav,t153.wav,Tamil,,test,48000,2,PCM_16,3.7725,87b30eee8b25f411a3a1caa9a9af7bc1
Test Set/tamil_test/Test-set-tamil/t154.wav,t154.wav,Tamil,,test,48000,2,PCM_16,2.945,b04559c9129d6d3c067daca417e66799
Test Set/tamil_test/Test-set-tamil/t155.wav,t155.wav,Tamil,,test,16000,1,PCM_16,5.375,e01d54c110c39c76cd426bda53f03e0b
Test Set/tamil_test/Test-set-tamil/t156.wav,t156.wav,Tamil,,test,48000,2,PCM_16,2.55,9f5d4858db7e63073a78e11b0a57d72b
Test Set/tamil_test/Test-set-tamil/t157.wav,t157.wav,Tamil,,test,16000,1,PCM_16,4.96875,4d97bdc5354c135a84f12ad34a9fe82b
Test Set/tamil_test/Test-set-tamil/t158.wav,t158.wav,Tamil,,test,48000,2,PCM_16,2.105,c42014c59e01f67cfce68661bc718709
Test Set/tamil_test/Test-set-tamil/t159.wav,t159.wav,Tamil,,test,16000,1,PCM_16,6.1875,0eaebb815eb07632988ccfd14c66c1cd
Test Set/tamil_test/Test-set-tamil/t16.wav,t16.wav,Tamil,,test,48000,2,PCM_16,2.6225,dc2edab793598910225b5bb8ae9a9ef1
Test Set/tamil_test/Test-set-tamil/t160.wav,t160.wav,Tamil,,test,48000,2,PCM_16,1.7975,c032a622054e1bcf09651495c8ad73fb
Test Set/tamil_test/Test-set-tamil/t161.wav,t161.wav,Tamil,,test,16000,1,PCM_16,6.1875,c2bdea6ae759e6c2f8e80082b176b5ff
Test Set/tamil_test/Test-set-tamil/t162.wav,t162.wav,Tamil,,test,48000,2,PCM_16,2.8875,b921b178a2002325256c050b9c8f445f
Test Set/tamil_test/Test-set-tamil/t163.wav,t163.wav,Tamil,,test,16000,1,PCM_16,5.90625,79c60cd095c2c57778857d79b385c246
Test Set/tamil_test/Test-set-tamil/t164.wav,t164.wav,Tamil,,test,48000,2,PCM_16,3.6649791666666665,4e2c392e9de7d1b2f280cb0aba368f63
Test Set/tamil_test/Test-set-tamil/t165.wav,t165.wav,Tamil,,test,16000,1,PCM_16,6.40625,11845055fda6048e5117da4be87d825d
Test Set/tamil_test/Test-set-tamil/t166.wav,t166.wav,Tamil,,test,48000,2,PCM_16,2.925,8464a0107e26658365be8011204b3135
Test Set/tamil_test/Test-set-tamil/t167.wav,t167.wav,Tamil,,test,48000,2,PCM_16,3.51,57433933a450c634355fef3d345553e9
Test Set/tamil_test/Test-set-tamil/t168.wav,t168.wav,Tamil,,test,48000,2,PCM_16,1.59,3a77364168f872e606ec5c99651e87b1
Test Set/tamil_test/Test-set-tamil/t169.wav,t169.wav,Tamil,,test,48000,2,PCM_16,2.5075,f0d4fc39e0566428ec73ce9751a8e0f6
Test Set/tamil_test/Test-set-tamil/t17.wav,t17.wav,Tamil,,test,16000,1,PCM_16,10.78125,4ea66985d1a918e63a6a0338ad0bc5a0
Test Set/tamil_test/Test-set-tamil/t170.wav,t170.wav,Tamil,,test,48000,2,PCM_16,2.7475,580f0a1ba5e5fbb7bd1f861ef929ff74
Test Set/tamil_test/Test-set-tamil/t18.wav,t18.wav,Tamil,,test,48000,2,PCM_16,4.495,b21751cdd655cb508f4c8cd0f354bd7f
Test Set/tamil_test/Test-set-tamil/t19.wav,t19.wav,Tamil,,test,16000,1,PCM_16,9.125,38d57a1345221528bc61f943a39e0d53
Test Set/tamil_test/Test-set-tamil/t2.wav,t2.wav,Tamil,,test,48000,2,PCM_16,2.125,dbaf1a96a4068525a8f19c0c35796f39
Test Set/tamil_test/Test-set-tamil/t20.wav,t20.wav,Tamil,,test,48000,2,PCM_16,1.305,5f91a8cced0d72288c17bf59681fe2a7
Test Set/tamil_test/Test-set-tamil/t21.wav,t21.wav,Tamil,,test,16000,1,PCM_16,11.59375,b6a476481e1ac3c17e41b140ca12e1d6
Test Set/tamil_test/Test-set-tamil/t22.wav,t22.wav,Tamil,,test,48000,2,PCM_16,1.855,b5f4e2b74c41961a144cdd2fc5671051
Test Set/tamil_test/Test-set-tamil/t23.wav,t23.wav,Tamil,,test,16000,1,PCM_16,7.625,a4162847411f1881157c2b321ff2a640
Test Set/tamil_test/Test-set-tamil/t24.wav,t24.wav,Tamil,,test,48000,2,PCM_16,2.71,34e0221c18af70b8ae45523b12313b8e
Test Set/tamil_test/Test-set-tamil/t25.wav,t25.wav,Tamil,,test,16000,1,PCM_16,9.65625,3e527a72427c017d5696fd4a6224c775
Test Set/tamil_test/Test-set-tamil/t26.wav,t26.wav,Tamil,,test,48000,2,PCM_16,3.1925,d7b74b607fd10f9b6d75900952e37bf0
Test Set/tamil_test/Test-set-tamil/t27.wav,t27.wav,Tamil,,test,16000,1,PCM_16,6.25,70f03a7248b9ec163852a94a787c1797
Test Set/tamil_test/Test-set-tamil/t28.wav,t28.wav,Tamil,,test,48000,2,PCM_16,2.3825,1b834c701a129927f97bd97a0d8b026a
Test Set/tamil_test/Test-set-tamil/t29.wav,t29.wav,Tamil,,test,16000,1,PCM_16,11.03125,39a06d1b2db8e817c89fef785f7b78c6
Test Set/tamil_test/Test-set-tamil/t3.wav,t3.wav,Tamil,,test,16000,1,PCM_16,5.125,3b776c6d67f59e29e140fda161fc5e8e
Test Set/tamil_test/Test-set-tamil/t30.wav,t30.wav,Tamil,,test,48000,2,PCM_16,3.38,d41ff06813e7c0b3500dd274dc1dcfd7
Test Set/tamil_test/Test-set-tamil/t31.wav,t31.wav,Tamil,,test,16000,1,PCM_16,7.375,4963d584f1f4eb9247721b514964c46a
Test Set/tamil_test/Test-set-tamil/t32.wav,t32.wav,Tamil,,test,48000,2,PCM_16,1.7525,eb032bcc94ee1b57dea4bd0797c6a2f5
Test Set/tamil_test/Test-set-tamil/t33.wav,t33.wav,Tamil,,test,16000,1,PCM_16,5.9375,1df0328ab790a5aa6216fccce33dab9b
Test Set/tamil_test/Test-set-tamil/t34.wav,t34.wav,Tamil,,test,48000,2,PCM_16,2.3375,336f571669e7cfa0e54cce7fefa133d3
Test Set/tamil_test/Test-set-tamil/t35.wav,t35.wav,Tamil,,test,16000,1,PCM_16,6.625,a845b35911beffda8339eb85e1570390
Test Set/tamil_test/Test-set-tamil/t36.wav,t36.wav,Tamil,,test,48000,2,PCM_16,2.0274791666666667,06559ece3ab60711b7d48dda32b13553
Test Set/tamil_test/Test-set-tamil/t37.wav,t37.wav,Tamil,,test,16000,1,PCM_16,6.53125,ef37ed45dcbc1f81608392bbbba15473
Test Set/tamil_test/Test-set-tamil/t38.wav,t38.wav,Tamil,,test,48000,2,PCM_16,2.8475,efefad3731875aebc34957b14b639763
Test Set/tamil_test/Test-set-tamil/t39.wav,t39.wav,Tamil,,test,16000,1,PCM_16,7.5,4410708419e6c4b2697a7860d4198e0e
Test Set/tamil_test/Test-set-tamil/t4.wav,t4.wav,Tamil,,test,48000,2,PCM_16,1.86,0dc5150ce46df2744e289df37b13b082
Test Set/tamil_test/Test-set-tamil/t40.wav,t40.wav,Tamil,,test,48000,2,PCM_16,3.2649791666666665,d9cd67627c0956198e832480eaa93cab
Test Set/tamil_test/Test-set-tamil/t41.wav,t41.wav,Tamil,,test,16000,1,PCM_16,7.125,447507876f3114d5eac07c70f122fb28
Test Set/tamil_test/Test-set-tamil/t42.wav,t42.wav,Tamil,,test,48000,2,PCM_16,4.0925,4349366a4e98f5048229114d30a19fe1
Test Set/tamil_test/Test-set-tamil/t43.wav,t43.wav,Tamil,,test,16000,1,PCM_16,6.5,7cd075c9089b20cd9136e737c82fcc93
Test Set/tamil_test/Test-set-tamil/t45.wav,t45.wav,Tamil,,test,16000,1,PCM_16,6.6875,8c006b5a3f415b40ce7a18d785936cf0
Test Set/tamil_test/Test-set-tamil/t46.wav,t46.wav,Tamil,,test,48000,2,PCM_16,3.2125,b84f21aa40225232057c6dc3eece3890
Test Set/tamil_test/Test-set-tamil/t47.wav,t47.wav,Tamil,,test,16000,1,PCM_16,6.25,d1ffe0876666d991c6c32d4fde55e27a
Test Set/tamil_test/Test-set-tamil/t49.wav,t49.wav,Tamil,,test,16000,1,PCM_16,10.625,de474f53d68f0152990b48f30b809508
Test Set/tamil_test/Test-set-tamil/t5.wav,t5.wav,Tamil,,test,16000,1,PCM_16,9.1875,a9bae3a3aacdaa4aa4f52901d214bccf
Test Set/tamil_test/Test-set-tamil/t50.wav,t50.wav,Tamil,,test,48000,2,PCM_16,1.715,f70123496d44ae2d1e1acb11431c20ae
Test Set/tamil_test/Test-set-tamil/t51.wav,t51.wav,Tamil,,test,16000,1,PCM_16,6.25,217c168f8c92d9307da0801cf69c0849
Test Set/tamil_test/Test-set-tamil/t53.wav,t53.wav,Tamil,,test,16000,1,PCM_16,9.53125,bfcd62892b64040ad356151a6413f656
Test Set/tamil_test/Test-set-tamil/t54.wav,t54.wav,Tamil,,test,48000,2,PCM_16,3.3675,769f1d48ef117d51217eb553bf6d426f
Test Set/tamil_test/Test-set-tamil/t55.wav,t55.wav,Tamil,,test,16000,1,PCM_16,5.1875,0f40ea0623abc566b0b57ffcd15ba9f3
Test Set/tamil_test/Test-set-tamil/t57.wav,t57.wav,Tamil,,test,16000,1,PCM_16,9.875,7b0d5e00b49a877387a1f006f8d7d433
Test Set/tamil_test/Test-set-tamil/t58.wav,t58.wav,Tamil,,test,48000,2,PCM_16,2.8975,bd6dfecbefdabf1ddb54336da5d88edb
Test Set/tamil_test/Test-set-tamil/t59.wav,t59.wav,Tamil,,test,16000,1,PCM_16,5.625,3f82ba24594f75307b4363b7aa117470
Test Set/tamil_test/Test-set-tamil/t6.wav,t6.wav,Tamil,,test,48000,2,PCM_16,3.5825,a7a089135a60686d9b6acee5cd4921c9
Test Set/tamil_test/Test-set-tamil/t61.wav,t61.wav,Tamil,,test,16000,1,PCM_16,10.0625,db14e40ea2cf40eec465976cceb103ad
Test Set/tamil_test/Test-set-tamil/t62.wav,t62.wav,Tamil,,test,48000,2,PCM_16,2.1575,e7d0df09fd416d309930fb6caf8799aa
Test Set/tamil_test/Test-set-tamil/t63.wav,t63.wav,Tamil,,test,16000,1,PCM_16,6.0625,778fbba1ba423a54540c9032f846a587
Test Set/tamil_test/Test-set-tamil/t65.wav,t65.wav,Tamil,,test,16000,1,PCM_16,8.15625,9e427dd313ec38d9927d8624c97a41e4
Test Set/tamil_test/Test-set-tamil/t66.wav,t66.wav,Tamil,,test,48000,2,PCM_16,1.8775,959d6230bdaf0db82d23216ffcb8662c
Test Set/tamil_test/Test-set-tamil/t67.wav,t67.wav,Tamil,,test,16000,1,PCM_16,6.0,935a542c9f7d338504930a2a0ae8c456
Test Set/tamil_test/Test-set-tamil/t69.wav,t69.wav,Tamil,,test,16000,1,PCM_16,9.0625,9a2c2ed17f1b203f0cb92d6a31121ac6
Test Set/tamil_test/Test-set-tamil/t7.wav,t7.wav,Tamil,,test,16000,1,PCM_16,6.25,74d648f23f3caedd008f5160f570dddb
Test Set/tamil_test/Test-set-tamil/t70.wav,t70.wav,Tamil,,test,48000,2,PCM_16,3.1700208333333335,0517336361b5de18844cd5b1a3e9b487
Test Set/tamil_test/Test-set-tamil/t71.wav,t71.wav,Tamil,,test,16000,1,PCM_16,6.1875,1b29c64e00a620becce6d73f2cf3d0b5
Test Set/tamil_test/Test-set-tamil/t73.wav,t73.wav,Tamil,,test,16000,1,PCM_16,9.53125,90878445f574abc8e1ef085bb51bd1d9
Test Set/tamil_test/Test-set-tamil/t74.wav,t74.wav,Tamil,,test,48000,2,PCM_16,4.1225,bc5fe5ebb4d2fe77f7b2620d5a043d60
Test Set/tamil_test/Test-set-tamil/t75.wav,t75.wav,Tamil,,test,16000,1,PCM_16,5.875,c48a2aa27fbe2d17a6386aa8a815dae6
Test Set/tamil_test/Test-set-tamil/t77.wav,t77.wav,Tamil,,test,16000,1,PCM_16,10.4375,816ac1d11243014ba15a575ca1430453
Test Set/tamil_test/Test-set-tamil/t78.wav,t78.wav,Tamil,,test,48000,2,PCM_16,3.3,c8edefeb95b00cf727f47f6d9fbe551b
Test Set/tamil_test/Test-set-tamil/t79.wav,t79.wav,Tamil,,test,16000,1,PCM_16,7.25,13dae00a2d971c1a36355ec615ea370d
Test Set/tamil_test/Test-set-tamil/t8.wav,t8.wav,Tamil,,test,48000,2,PCM_16,2.39,37c0c9eee2c874c9c5e827133b80509b
Test Set/tamil_test/Test-set-tamil/t80.wav,t80.wav,Tamil,,test,16000,1,PCM_16,6.520875,f7eba4b27603c740c69779f8938e19f2
Test Set/tamil_test/Test-set-tamil/t81.wav,t81.wav,Tamil,,test,16000,1,PCM_16,7.1304375,c224a9c6ae7e61473e26f4007f65f7c2
Test Set/tamil_test/Test-set-tamil/t82.wav,t82.wav,Tamil,,test,16000,1,PCM_16,6.4193125,9e460c723d34b48b146ec884de3e80ff
Test Set/tamil_test/Test-set-tamil/t83.wav,t83.wav,Tamil,,test,16000,1,PCM_16,6.5411875,a407c19e6cb9c716b1170ca212b6689f
Test Set/tamil_test/Test-set-tamil/t84.wav,t84.wav,Tamil,,test,16000,1,PCM_16,6.967875,5408ef2ed398f23332f46d6fdf9db539
Test Set/tamil_test/Test-set-tamil/t85.wav,t85.wav,Tamil,,test,16000,1,PCM_16,7.6586875,58c922a6306a369eb6b8d267a98d578c
Test Set/tamil_test/Test-set-tamil/t86.wav,t86.wav,Tamil,,test,16000,1,PCM_16,6.875,a18852ac5a8f3a4d5196a172145620cd
Test Set/tamil_test/Test-set-tamil/t87.wav,t87.wav,Tamil,,test,16000,1,PCM_16,7.577375,4d1d0c8866ad86374a16c3d4b28c24d8
Test Set/tamil_test/Test-set-tamil/t88.wav,t88.wav,Tamil,,test,16000,1,PCM_16,9.0605625,5ed1e904e6893f881e81158599bfac71
Test Set/tamil_test/Test-set-tamil/t89.wav,t89.wav,Tamil,,test,16000,1,PCM_16,9.609125,72d86da35ab92904a089318d15c31c10
Test Set/tamil_test/Test-set-tamil/t9.wav,t9.wav,Tamil,,test,16000,1,PCM_16,9.6875,fdfffc95ce4d322ad5f38d2788716f23
Test Set/tamil_test/Test-set-tamil/t90.wav,t90.wav,Tamil,,test,48000,2,PCM_16,3.6325,bd9a7dcedf6ad32786f1f7ab95b3d2f2
Test Set/tamil_test/Test-set-tamil/t91.wav,t91.wav,Tamil,,test,48000,2,PCM_16,1.645,2e4a61c9baccf3e8dacdefd50c92cd4f
Test Set/tamil_test/Test-set-tamil/t92.wav,t92.wav,Tamil,,test,48000,2,PCM_16,3.385,beaae336d152254e8a30af262e193868
Test Set/tamil_test/Test-set-tamil/t93.wav,t93.wav,Tamil,,test,48000,2,PCM_16,3.23,3025c2be2517b0b8535d3c968495345e
Test Set/tamil_test/Test-set-tamil/t94.wav,t94.wav,Tamil,,test,48000,2,PCM_16,2.345,afc262f68e9aa921a96403a47b679795
Test Set/tamil_test/Test-set-tamil/t96.wav,t96.wav,Tamil,,test,16000,1,PCM_16,8.999625,acad99b272a29fe5c9bdece5283e0b45
Test Set/tamil_test/Test-set-tamil/t97.wav,t97.wav,Tamil,,test,16000,1,PCM_16,9.0605625,978b422efd2fd0435a3bada27f9bcc35
Test Set/tamil_test/Test-set-tamil/t98.wav,t98.wav,Tamil,,test,16000,1,PCM_16,6.9475625,4bf92ba7a167fa6306a4cee457c52142
Test Set/tamil_test/Test-set-tamil/t99.wav,t99.wav,Tamil,,test,16000,1,PCM_16,6.9069375,bc5b5ca71f5386e7866411d85b53c0fe
Test Set/malayalam_test/Test_set_mal/m1.wav,m1.wav,Malayalam,,test,16000,1,PCM_16,5.1875,55996cf177d9121c47dba316f140705e
Test Set/malayalam_test/Test_set_mal/m10.wav,m10.wav,Malayalam,,test,48000,2,PCM_16,5.613604166666667,b38d84a9ad16861476e9fae8645da7a5
Test Set/malayalam_test/Test_set_mal/m100.wav,m100.wav,Malayalam,,test,48000,2,PCM_16,3.936,b670b48cabd298cf25ae8289d1e5b31a
Test Set/malayalam_test/Test_set_mal/m101.wav,m101.wav,Malayalam,,test,48000,2,PCM_16,3.294979166666667,4d245b0ae05ffcc02bdd57dc378b0dda
Test Set/malayalam_test/Test_set_mal/m102.wav,m102.wav,Malayalam,,test,48000,2,PCM_16,3.624,deb4d4591ac5607e92bcec7cdefb8d02
Test Set/malayalam_test/Test_set_mal/m103.wav,m103.wav,Malayalam,,test,48000,2,PCM_16,2.7325208333333335,24f1d8d5b93f124a663c3211cf6bde4a
Test Set/malayalam_test/Test_set_mal/m104.wav,m104.wav,Malayalam,,test,48000,2,PCM_16,4.248,7f126c4efb2ad1ed0433d141801c8a5b
Test Set/malayalam_test/Test_set_mal/m105.wav,m105.wav,Malayalam,,test,48000,2,PCM_16,3.945,9b627894fe6db8890806b372e640470f
Test Set/malayalam_test/Test_set_mal/m106.wav,m106.wav,Malayalam,,test,48000,2,PCM_16,4.056,bf088c7161dae9c06d3c845f9ef8fc85
Test Set/malayalam_test/Test_set_mal/m107.wav,m107.wav,Malayalam,,test,48000,2,PCM_16,3.4825,6723e41de1b40aecdbcce8231f71e7e9
Test Set/malayalam_test/Test_set_mal/m108.wav,m108.wav,Malayalam,,test,48000,2,PCM_16,3.456,a603abdc96951636c69dc2d54978b14a
Test Set/malayalam_test/Test_set_mal/m109.wav,m109.wav,Malayalam,,test,48000,2,PCM_16,5.18,88b5e84d55298b2adffd55752494b35e
Test Set/malayalam_test/Test_set_mal/m11.wav,m11.wav,Malayalam,,test,16000,1,PCM_16,6.0625,ca858716f7dde6afa83de5affd2ac5e0
Test Set/malayalam_test/Test_set_mal/m110.wav,m110.wav,Malayalam,,test,48000,2,PCM_16,4.752,5bf943e0e71d7a5f1310145245065d13
Test Set/malayalam_test/Test_set_mal/m111.wav,m111.wav,Malayalam,,test,48000,2,PCM_16,4.31,fdba24ffdf4b5b3821b33f81564758c3
Test Set/malayalam_test/Test_set_mal/m112.wav,m112.wav,Malayalam,,test,48000,2,PCM_16,3.864,d2dae2c83de123dc7fa4237055fcf2b3
Test Set/malayalam_test/Test_set_mal/m113.wav,m113.wav,Malayalam,,test,48000,2,PCM_16,7.0175,8e007027d306d8e1edb71c1b0cfed326
Test Set/malayalam_test/Test_set_mal/m114.wav,m114.wav,Malayalam,,test,48000,2,PCM_16,3.936,1048b2e51d80826a2955281750b4c017
Test Set/malayalam_test/Test_set_mal/m115.wav,m115.wav,Malayalam,,test,48000,2,PCM_16,2.77,36457ae595010a81314cfede32be7430
Test Set/malayalam_test/Test_set_mal/m116.wav,m116.wav,Malayalam,,test,48000,2,PCM_16,4.224,78a40f1dcf973afe7954fed9d2ae694c
Test Set/malayalam_test/Test_set_mal/m117.wav,m117.wav,Malayalam,,test,48000,2,PCM_16,6.5175,f5148ebe1b95b14597396240ead83d39
Test Set/malayalam_test/Test_set_mal/m118.wav,m118.wav,Malayalam,,test,48000,2,PCM_16,3.288,fcce5644494c5d8f420e429f4cb6927f
Test Set/malayalam_test/Test_set_mal/m119.wav,m119.wav,Malayalam,,test,48000,2,PCM_16,3.435,9a4e7045c917851c38cd3bd9c3a9173a
Test Set/malayalam_test/Test_set_mal/m12.wav,m12.wav,Malayalam,,test,48000,2,PCM_16,4.7476666666666665,edfa221c7a0ba5ebba8c3a738318226e
Test Set/malayalam_test/Test_set_mal/m120.wav,m120.wav,Malayalam,,test,48000,2,PCM_16,3.48,e62f35700f969f38719e31d48689cc5a
Test Set/malayalam_test/Test_set_mal/m13.wav,m13.wav,Malayalam,,test,16000,1,PCM_16,4.625,ca1e4877aaa6244503190e9429ad392d
Test Set/malayalam_test/Test_set_mal/m130.wav,m130.wav,Malayalam,,test,48000,2,PCM_16,3.864,c134612ce919362480e2b328d6592c12
Test Set/malayalam_test/Test_set_mal/m131.wav,m131.wav,Malayalam,,test,48000,2,PCM_16,1.755,d6e134b627f9b620664e240759d7c66e
Test Set/malayalam_test/Test_set_mal/m132.wav,m132.wav,Malayalam,,test,48000,2,PCM_16,2.98,6ebca0884d9a74f5d103e8d6e0e69129
Test Set/malayalam_test/Test_set_mal/m133.wav,m133.wav,Malayalam,,test,48000,2,PCM_16,5.1275,2795a89eae97e9556297cf90ba896431
Test Set/malayalam_test/Test_set_mal/m134.wav,m134.wav,Malayalam,,test,48000,2,PCM_16,3.2275,045bd2b08e87e7cbae1b64d82cab8f13
Test Set/malayalam_test/Test_set_mal/m135.wav,m135.wav,Malayalam,,test,48000,2,PCM_16,3.384,458c790704d363b6f03446a939b34f4d
Test Set/malayalam_test/Test_set_mal/m136.wav,m136.wav,Malayalam,,test,48000,2,PCM_16,4.115,0fac4cf0d1cf319d52304d7f8539ca72
Test Set/malayalam_test/Test_set_mal/m137.wav,m137.wav,Malayalam,,test,48000,2,PCM_16,6.244979166666667,40d191e17db412a39b7c3e4f6e9600eb
Test Set/malayalam_test/Test_set_mal/m138.wav,m138.wav,Malayalam,,test,48000,2,PCM_16,3.245,9be21745623b869be733ed7e68a38a0a
Test Set/malayalam_test/Test_set_mal/m139.wav,m139.wav,Malayalam,,test,48000,2,PCM_16,2.285,9aa147ab630c85e1dff26d5edaf38971
Test Set/malayalam_test/Test_set_mal/m14.wav,m14.wav,Malayalam,,test,48000,2,PCM_16,7.285729166666667,027e482a6843a5baf50688f00a90b9c2
Test Set/malayalam_test/Test_set_mal/m140.wav,m140.wav,Malayalam,,test,48000,2,PCM_16,5.424,78b8aaa0019674525a1536aeae98d4ef
Test Set/malayalam_test/Test_set_mal/m141.wav,m141.wav,Malayalam,,test,16000,1,PCM_16,7.4555,905c1626b109a9a4896387a9d308af67
Test Set/malayalam_test/Test_set_mal/m142.wav,m142.wav,Malayalam,,test,16000,1,PCM_16,7.6586875,b0fa9a2a13ba8814a914496ce8f63ee2
Test Set/malayalam_test/Test_set_mal/m143.wav,m143.wav,Malayalam,,test,16000,1,PCM_16,5.8098125,cb174f9762519ab921465d0470cbe397
Test Set/malayalam_test/Test_set_mal/m144.wav,m144.wav,Malayalam,,test,16000,1,PCM_16,5.159625,90327bb521f4fef83826a8fd392dd586
Test Set/malayalam_test/Test_set_mal/m145.wav,m145.wav,Malayalam,,test,48000,2,PCM_16,4.824,d6d5fa479d5fad2a13707326075752d3
Test Set/malayalam_test/Test_set_mal/m146.wav,m146.wav,Malayalam,,test,48000,2,PCM_16,1.7975,1deb7c5e1292ee4d4319db4e371bf9d2
Test Set/malayalam_test/Test_set_mal/m147.wav,m147.wav,Malayalam,,test,48000,2,PCM_16,5.03,e8a9c953d2e7996e9eebfa855caced8d
Test Set/malayalam_test/Test_set_mal/m148.wav,m148.wav,Malayalam,,test,48000,2,PCM_16,3.145,f120b28a9c74b471f6029e55b0556b05
Test Set/malayalam_test/Test_set_mal/m149.wav,m149.wav,Malayalam,,test,48000,2,PCM_16,2.595,1e52f49bb86234997e4dd5e2af5bf4de
Test Set/malayalam_test/Test_set_mal/m15.wav,m15.wav,Malayalam,,test,16000,1,PCM_16,5.0625,ab28e3c8dc5a80139232c277633abbb8
Test Set/malayalam_test/Test_set_mal/m150.wav,m150.wav,Malayalam,,test,48000,2,PCM_16,4.896,6304df769553a3e7cfb045415d875494
Test Set/malayalam_test/Test_set_mal/m151.wav,m151.wav,Malayalam,,test,48000,2,PCM_16,2.33,a65668551cacf898dab0076a6d61c1d4
Test Set/malayalam_test/Test_set_mal/m152.wav,m152.wav,Malayalam,,test,16000,1,PCM_16,5.6675625,2b0ced1e150a18a77cdb20d5b7c5603a
Test Set/malayalam_test/Test_set_mal/m155.wav,m155.wav,Malayalam,,test,48000,2,PCM_16,4.92,9d18042825fa31a098b3712a4502563d
Test Set/malayalam_test/Test_set_mal/m156.wav,m156.wav,Malayalam,,test,48000,2,PCM_16,1.6425,558d968a8b854504fbfbbd14604ba427
Test Set/malayalam_test/Test_set_mal/m157.wav,m157.wav,Malayalam,,test,16000,1,PCM_16,5.830125,43c73789b52a5a83479380706273b38c
Test Set/malayalam_test/Test_set_mal/m16.wav,m16.wav,Malayalam,,test,48000,2,PCM_16,2.92625,1720e3e11088b35cc54040894409ba28
Test Set/malayalam_test/Test_set_mal/m160.wav,m160.wav,Malayalam,,test,16000,1,PCM_16,5.7285,4b64d55f64374891a605f4b15321b765
Test Set/malayalam_test/Test_set_mal/m161.wav,m161.wav,Malayalam,,test,48000,2,PCM_16,5.1125,6041103dd56a0c00a4b0a0429c62a536
Test Set/malayalam_test/Test_set_mal/m162.wav,m162.wav,Malayalam,,test,16000,1,PCM_16,6.297375,849c0f02f71a1aa2b87ca25fab2d59ad
Test Set/malayalam_test/Test_set_mal/m165.wav,m165.wav,Malayalam,,test,16000,1,PCM_16,6.5615,1ac2e85845eac11937a78ed833821531
Test Set/malayalam_test/Test_set_mal/m166.wav,m166.wav,Malayalam,,test,48000,2,PCM_16,3.1395625,7e39e5632991124aaf42781636996ffc
Test Set/malayalam_test/Test_set_mal/m167.wav,m167.wav,Malayalam,,test,16000,1,PCM_16,5.5863125,43e9ac0b3d9f544a3749d03cce8a3b92
Test Set/malayalam_test/Test_set_mal/m17.wav,m17.wav,Malayalam,,test,16000,1,PCM_16,5.25,806e529ec1459ca041f715f39814e8bf
Test Set/malayalam_test/Test_set_mal/m170.wav,m170.wav,Malayalam,,test,16000,1,PCM_16,5.7285,b720cd1225ccf04973c19240ad082663
Test Set/malayalam_test/Test_set_mal/m171.wav,m171.wav,Malayalam,,test,48000,2,PCM_16,29.900645833333332,df67273508b26e2566848ac6636ffe5c
Test Set/malayalam_test/Test_set_mal/m172.wav,m172.wav,Malayalam,,test,16000,1,PCM_16,5.1799375,69043530da4dae414eadb794740bc047
Test Set/malayalam_test/Test_set_mal/m175.wav,m175.wav,Malayalam,,test,16000,1,PCM_16,5.078375,784fad1c1b54e9a381b84aad6a4751db
Test Set/malayalam_test/Test_set_mal/m176.wav,m176.wav,Malayalam,,test,48000,2,PCM_16,4.2310625,c9bad169301d07bea2c664671efa0fab
Test Set/malayalam_test/Test_set_mal/m177.wav,m177.wav,Malayalam,,test,16000,1,PCM_16,5.3425,59b886710691c809d06db0b6f80236c5
Test Set/malayalam_test/Test_set_mal/m18.wav,m18.wav,Malayalam,,test,48000,2,PCM_16,6.2108125,c71aae4c9b2925f9aea61fe592eb1119
Test Set/malayalam_test/Test_set_mal/m180.wav,m180.wav,Malayalam,,test,16000,1,PCM_16,6.875,4a5ad3565677208167631a0422994d66
Test Set/malayalam_test/Test_set_mal/m181.wav,m181.wav,Malayalam,,test,48000,2,PCM_16,4.380395833333333,60aa7ef3354727b48a47eeabba1d5f00
Test Set/malayalam_test/Test_set_mal/m182.wav,m182.wav,Malayalam,,test,16000,1,PCM_16,5.0,e47e0ba2fd83e34c28c341b41522b0f8
Test Set/malayalam_test/Test_set_mal/m185.wav,m185.wav,Malayalam,,test,16000,1,PCM_16,7.272625,69b516e0b55f52007f82a4d5c4a450e5
Test Set/malayalam_test/Test_set_mal/m186.wav,m186.wav,Malayalam,,test,48000,2,PCM_16,6.222145833333333,e3e177ad3920ee55281b189009870ee0
Test Set/malayalam_test/Test_set_mal/m187.wav,m187.wav,Malayalam,,test,16000,1,PCM_16,6.1145625,b70b9e36c7826e76f3f4c06c1d1b32a0
Test Set/malayalam_test/Test_set_mal/m19.wav,m19.wav,Malayalam,,test,16000,1,PCM_16,5.25,ecd7413787e9c16e0a9868859010f175
Test Set/malayalam_test/Test_set_mal/m190.wav,m190.wav,Malayalam,,test,16000,1,PCM_16,7.1304375,5056f226cec061af99a6c52c97250f38
Test Set/malayalam_test/Test_set_mal/m191.wav,m191.wav,Malayalam,,test,48000,2,PCM_16,5.027479166666667,947b27a2788a153533db82550889ecff
Test Set/malayalam_test/Test_set_mal/m192.wav,m192.wav,Malayalam,,test,16000,1,PCM_16,5.769125,52094adfacf91b1e2689b3e783c16fd3
Test Set/malayalam_test/Test_set_mal/m195.wav,m195.wav,Malayalam,,test,16000,1,PCM_16,7.496125,25bf8daec29e7e1c4cb368e6bfc9c659
Test Set/malayalam_test/Test_set_mal/m196.wav,m196.wav,Malayalam,,test,48000,2,PCM_16,7.715458333333333,182b48d2619f8d89417f6caa9c27b60b
Test Set/malayalam_test/Test_set_mal/m197.wav,m197.wav,Malayalam,,test,16000,1,PCM_16,6.358375,ae2ba88e03eaa91b1e24d53928f33cbb
Test Set/malayalam_test/Test_set_mal/m2.wav,m2.wav,Malayalam,,test,48000,2,PCM_16,3.4637083333333334,3ddec7ece3d703a329af4e6038581b05
Test Set/malayalam_test/Test_set_mal/m20.wav,m20.wav,Malayalam,,test,48000,2,PCM_16,3.822041666666667,0eceb111e2d6ee50851f027744220c51
Test Set/malayalam_test/Test_set_mal/m200.wav,m200.wav,Malayalam,,test,16000,1,PCM_16,5.4440625,40e833e2164ec1dfc34d88a25bb8482d
Test Set/malayalam_test/Test_set_mal/m201.wav,m201.wav,Malayalam,,test,48000,2,PCM_16,2.8373125,34644d3e1c726011af13f1f9f6129451
Test Set/malayalam_test/Test_set_mal/m202.wav,m202.wav,Malayalam,,test,48000,2,PCM_16,6.42125,6c5c89f652501ac5273f2caffb18c655
Test Set/malayalam_test/Test_set_mal/m203.wav,m203.wav,Malayalam,,test,48000,2,PCM_16,3.2852916666666667,33a61f9da2d44c48bfbc706e0653dae9
Test Set/malayalam_test/Test_set_mal/m204.wav,m204.wav,Malayalam,,test,48000,2,PCM_16,1.84175,89e01a46bfceacef6f8528b03ba4d5cb
Test Set/malayalam_test/Test_set_mal/m205.wav,m205.wav,Malayalam,,test,16000,1,PCM_16,5.505,ceead22878207ae51506dfdf8dea2bed
Test Set/malayalam_test/Test_set_mal/m206.wav,m206.wav,Malayalam,,test,48000,2,PCM_16,3.7332916666666667,118de760da04aeae4fe74290b4c30953
Test Set/malayalam_test/Test_set_mal/m207.wav,m207.wav,Malayalam,,test,48000,2,PCM_16,5.375916666666667,7ace516d76862ba1d654916ddb32e3c1
Test Set/malayalam_test/Test_set_mal/m208.wav,m208.wav,Malayalam,,test,48000,2,PCM_16,3.6337291666666665,80ffe76584cd362fa713e04aec909388
Test Set/malayalam_test/Test_set_mal/m209.wav,m209.wav,Malayalam,,test,48000,2,PCM_16,4.529708333333334,0b4fa754acf044e611dc416f891e12d0
Test Set/malayalam_test/Test_set_mal/m21.wav,m21.wav,Malayalam,,test,16000,1,PCM_16,5.3125,69587b2aaa90f3a954311ee47a52e9d8
Test Set/malayalam_test/Test_set_mal/m210.wav,m210.wav,Malayalam,,test,16000,1,PCM_16,6.2364375,c1f468e57297589d3bb123563df365fb
Test Set/malayalam_test/Test_set_mal/m211.wav,m211.wav,Malayalam,,test,48000,2,PCM_16,6.620354166666667,0f814b04c12869821980e012ad48923f
Test Set/malayalam_test/Test_set_mal/m212.wav,m212.wav,Malayalam,,test,48000,2,PCM_16,3.434625,2c932931a99d7caa77371d3dd74d4f0f
Test Set/malayalam_test/Test_set_mal/m213.wav,m213.wav,Malayalam,,test,48000,2,PCM_16,2.5883958333333332,1c8c665e5a8f9d1c6820d41600fc3823
Test Set/malayalam_test/Test_set_mal/m214.wav,m214.wav,Malayalam,,test,48000,2,PCM_16,2.0906458333333333,bee85220fc64e604092f27206bb11e51
Test Set/malayalam_test/Test_set_mal/m215.wav,m215.wav,Malayalam,,test,16000,1,PCM_16,5.505,57d3665f5ed2c12af48dd82e750e1b06
Test Set/malayalam_test/Test_set_mal/m216.wav,m216.wav,Malayalam,,test,48000,2,PCM_16,6.023020833333334,89a567287d68a59ab81422bd947282e0
Test Set/malayalam_test/Test_set_mal/m22.wav,m22.wav,Malayalam,,test,16000,1,PCM_16,5.25,7ba002611856898cd24e3ce1f700b4fa
Test Set/malayalam_test/Test_set_mal/m220.wav,m220.wav,Malayalam,,test,16000,1,PCM_16,8.20725,8bbca2e454de62d81bea22d0c687f7b8
Test Set/malayalam_test/Test_set_mal/m225.wav,m225.wav,Malayalam,,test,16000,1,PCM_16,7.4351875,c28e1f421a9cd37a8fe4624d73640a01
Test Set/malayalam_test/Test_set_mal/m226.wav,m226.wav,Malayalam,,test,48000,2,PCM_16,3.7225,45151054fe81fcf5d75f3e6920675556
Test Set/malayalam_test/Test_set_mal/m227.wav,m227.wav,Malayalam,,test,48000,2,PCM_16,3.4525,394e03fce1f17c003ceb93999a9fb927
Test Set/malayalam_test/Test_set_mal/m228.wav,m228.wav,Malayalam,,test,48000,2,PCM_16,5.145,0e53d9dc955463aa7fb01898894190df
Test Set/malayalam_test/Test_set_mal/m229.wav,m229.wav,Malayalam,,test,48000,2,PCM_16,4.8675,d60c68b669f74b5278bc3796b6098e42
Test Set/malayalam_test/Test_set_mal/m23.wav,m23.wav,Malayalam,,test,16000,1,PCM_16,5.4375,c5f40651d07e4c4ca4d13b8cde7efe06
Test Set/malayalam_test/Test_set_mal/m230.wav,m230.wav,Malayalam,,test,48000,2,PCM_16,6.595,3e6bf8f581a9f02b00a8d76d9818912c
Test Set/malayalam_test/Test_set_mal/m231.wav,m231.wav,Malayalam,,test,48000,2,PCM_16,7.420375,3343cbf5953f8bc1742d3146453a1828
Test Set/malayalam_test/Test_set_mal/m232.wav,m232.wav,Malayalam,,test,48000,2,PCM_16,5.5675,d19ae8162687df320a6c623fcefb72a9
Test Set/malayalam_test/Test_set_mal/m233.wav,m233.wav,Malayalam,,test,48000,2,PCM_16,3.0475,75fff485515d1f926da852bf51607261
Test Set/malayalam_test/Test_set_mal/m234.wav,m234.wav,Malayalam,,test,48000,2,PCM_16,1.8,6797d15c5d71f92a8f44df18d7d13194
Test Set/malayalam_test/Test_set_mal/m235.wav,m235.wav,Malayalam,,test,48000,2,PCM_16,4.0865833333333335,d3dc93d4e0711e6e2d9fbe1aa6663b45
Test Set/malayalam_test/Test_set_mal/m236.wav,m236.wav,Malayalam,,test,48000,2,PCM_16,4.82,39787c5d9cafc3fb8fd58e8974cce98d
Test Set/malayalam_test/Test_set_mal/m237.wav,m237.wav,Malayalam,,test,48000,2,PCM_16,3.185,afab23351dc83417f19754204da3141e
Test Set/malayalam_test/Test_set_mal/m238.wav,m238.wav,Malayalam,,test,48000,2,PCM_16,4.315,fa4cd78cfe36e876344920ae384610eb
Test Set/malayalam_test/Test_set_mal/m239.wav,m239.wav,Malayalam,,test,48000,2,PCM_16,5.8925,231b2460c70f0cf5802ceb013982b5ce
Test Set/malayalam_test/Test_set_mal/m24.wav,m24.wav,Malayalam,,test,16000,1,PCM_16,5.875,1f26e7a1bee2d2d6e2b9d55c8c2a094b
Test Set/malayalam_test/Test_set_mal/m240.wav,m240.wav,Malayalam,,test,48000,2,PCM_16,3.0575,c9176dc1470da90b7013a8593b04cd7b
Test Set/malayalam_test/Test_set_mal/m241.wav,m241.wav,Malayalam,,test,16000,1,PCM_16,6.6834375,4f55f1efc44ef28e7b39f0f5bcd44805
Test Set/malayalam_test/Test_set_mal/m242.wav,m242.wav,Malayalam,,test,16000,1,PCM_16,5.0,bb4d0e9fc0d33c5866ed0e793ecd2c08
Test Set/malayalam_test/Test_set_mal/m243.wav,m243.wav,Malayalam,,test,16000,1,PCM_16,5.5863125,4b1c2ec2895ccec28b57f23f82fcf6d6
Test Set/malayalam_test/Test_set_mal/m244.wav,m244.wav,Malayalam,,test,16000,1,PCM_16,5.992625,02dd8de82fcae6b4734b6ee17b270ae5
Test Set/malayalam_test/Test_set_mal/m245.wav,m245.wav,Malayalam,,test,48000,2,PCM_16,3.165020833333333,2add8e0e65e9429b5be799765dec7040
Test Set/malayalam_test/Test_set_mal/m246.wav,m246.wav,Malayalam,,test,48000,2,PCM_16,3.2625,3061d5a0ffef5be26cfef1b93b0fab8f
Test Set/malayalam_test/Test_set_mal/m25.wav,m25.wav,Malayalam,,test,16000,1,PCM_16,5.5,1405da9bd4941ac59bf940d48d7de3d2
Test Set/malayalam_test/Test_set_mal/m26.wav,m26.wav,Malayalam,,test,16000,1,PCM_16,6.5,eabc6109a03656968cb00827d18edba6
Test Set/malayalam_test/Test_set_mal/m27.wav,m27.wav,Malayalam,,test,16000,1,PCM_16,6.375,d7f7aaf0f708ccc5db5b94756edcd006
Test Set/malayalam_test/Test_set_mal/m28.wav,m28.wav,Malayalam,,test,16000,1,PCM_16,6.6875,280f5550c2022a4f416bc48a878ce462
Test Set/malayalam_test/Test_set_mal/m29.wav,m29.wav,Malayalam,,test,16000,1,PCM_16,5.125,b47a310ac1b42eb67e832d5f5e6caa23
Test Set/malayalam_test/Test_set_mal/m3.wav,m3.wav,Malayalam,,test,16000,1,PCM_16,5.3125,64d81a56be55e44914fe19f0bf27f379
Test Set/malayalam_test/Test_set_mal/m30.wav,m30.wav,Malayalam,,test,16000,1,PCM_16,5.125,3cac31b95ad969ada9f18e2498f73f78
Test Set/malayalam_test/Test_set_mal/m31.wav,m31.wav,Malayalam,,test,16000,1,PCM_16,5.375,3dc9b4c19aacfbf5b87f3ec5108ce6e4
Test Set/malayalam_test/Test_set_mal/m32.wav,m32.wav,Malayalam,,test,16000,1,PCM_16,5.0,4c0f67163dabe8443a71766de6b882d2
Test Set/malayalam_test/Test_set_mal/m33.wav,m33.wav,Malayalam,,test,48000,2,PCM_16,1.8512916666666666,bacdbbb2341e93a7853e1aa6c4026b4d
Test Set/malayalam_test/Test_set_mal/m34.wav,m34.wav,Malayalam,,test,16000,1,PCM_16,6.0625,434ff7cbdccdc98674b50acdff916d1b
Test Set/malayalam_test/Test_set_mal/m36.wav,m36.wav,Malayalam,,test,48000,2,PCM_16,3.1949791666666667,f15ca42742995def084f27a3adbd52dc
Test Set/malayalam_test/Test_set_mal/m37.wav,m37.wav,Malayalam,,test,16000,1,PCM_16,6.8125,c1e86b91ac64cab663bf199ec1794e3c
Test Set/malayalam_test/Test_set_mal/m39.wav,m39.wav,Malayalam,,test,48000,2,PCM_16,5.0006875,b16f6153fb0efd40c34317c7c616c3ff
Test Set/malayalam_test/Test_set_mal/m4.wav,m4.wav,Malayalam,,test,48000,2,PCM_16,3.1352708333333332,bfcfd6899c2fd4cb5cb34ad1330ad52c
Test Set/malayalam_test/Test_set_mal/m40.wav,m40.wav,Malayalam,,test,16000,1,PCM_16,6.8125,a9bffd94bce47eaffd271bf22edf4eaf
Test Set/malayalam_test/Test_set_mal/m42.wav,m42.wav,Malayalam,,test,48000,2,PCM_16,3.656416666666667,491ed586da631575eab951fd4fc46f62
Test Set/malayalam_test/Test_set_mal/m43.wav,m43.wav,Malayalam,,test,16000,1,PCM_16,6.875,c35a4af1122addbe1cc5081b51b4d424
Test Set/malayalam_test/Test_set_mal/m45.wav,m45.wav,Malayalam,,test,48000,2,PCM_16,4.51675,782b723a276d5c6fbbd23cb5046742a0
Test Set/malayalam_test/Test_set_mal/m46.wav,m46.wav,Malayalam,,test,16000,1,PCM_16,6.4375,1252625db1165d050a538efdef0bb453
Test Set/malayalam_test/Test_set_mal/m48.wav,m48.wav,Malayalam,,test,48000,2,PCM_16,6.6138125,a8c29db86e4246ceeabef09c9a5d4515
Test Set/malayalam_test/Test_set_mal/m49.wav,m49.wav,Malayalam,,test,16000,1,PCM_16,7.125,356701668d9a963547fcc9849cd36122
Test Set/malayalam_test/Test_set_mal/m5.wav,m5.wav,Malayalam,,test,16000,1,PCM_16,5.125,e2fee6db738f5d0f1769b5d0dd52def0
Test Set/malayalam_test/Test_set_mal/m51.wav,m51.wav,Malayalam,,test,48000,2,PCM_16,3.2800208333333334,b289365023be559361e175da241e2f18
Test Set/malayalam_test/Test_set_mal/m52.wav,m52.wav,Malayalam,,test,16000,1,PCM_16,6.875,b81a776115b43d9c00f73c2676d2d964
Test Set/malayalam_test/Test_set_mal/m54.wav,m54.wav,Malayalam,,test,48000,2,PCM_16,2.258375,27464f8863566fadd54342c2d128ee3a
Test Set/malayalam_test/Test_set_mal/m55.wav,m55.wav,Malayalam,,test,16000,1,PCM_16,7.5,35a04a909ae618273ebf861bcfa8eaf0
Test Set/malayalam_test/Test_set_mal/m57.wav,m57.wav,Malayalam,,test,48000,2,PCM_16,2.0970625,8fd01b899d58ba8aa8471c339d4a924c
Test Set/malayalam_test/Test_set_mal/m6.wav,m6.wav,Malayalam,,test,48000,2,PCM_16,3.702583333333333,e5d85d6bc5bbdbe65e932a6c8729a701
Test Set/malayalam_test/Test_set_mal/m60.wav,m60.wav,Malayalam,,test,48000,2,PCM_16,5.484625,ad62969c7d8268eaaac762b4a21e72c0
Test Set/malayalam_test/Test_set_mal/m61.wav,m61.wav,Malayalam,,test,48000,2,PCM_16,4.30725,953c139e1ee06dbe99e992baf2544175
Test Set/malayalam_test/Test_set_mal/m62.wav,m62.wav,Malayalam,,test,48000,2,PCM_16,5.76,e2f2363b550c1294777322334c0bb67f
Test Set/malayalam_test/Test_set_mal/m63.wav,m63.wav,Malayalam,,test,48000,2,PCM_16,3.4099166666666667,4123520405beca99d65b080223297bef
Test Set/malayalam_test/Test_set_mal/m64.wav,m64.wav,Malayalam,,test,48000,2,PCM_16,4.608,7d33345acf14c15bd12d905d3ea2f74e
Test Set/malayalam_test/Test_set_mal/m65.wav,m65.wav,Malayalam,,test,48000,2,PCM_16,4.666166666666666,47b9fc91fad66087c2ec9d0e2a9979df
Test Set/malayalam_test/Test_set_mal/m66.wav,m66.wav,Malayalam,,test,48000,2,PCM_16,5.256,a2102cc5f0603f77a8f91e558186c699
Test Set/malayalam_test/Test_set_mal/m67.wav,m67.wav,Malayalam,,test,48000,2,PCM_16,4.6661875,f8a3f4ae60e245779e4b00c9a0a99b3c
Test Set/malayalam_test/Test_set_mal/m68.wav,m68.wav,Malayalam,,test,48000,2,PCM_16,6.024,04d74d71d5d590be64f91f7bc2f376b2
Test Set/malayalam_test/Test_set_mal/m69.wav,m69.wav,Malayalam,,test,48000,2,PCM_16,6.191666666666666,49fd4b2846e2f8a90d5561fd699a665a
Test Set/malayalam_test/Test_set_mal/m7.wav,m7.wav,Malayalam,,test,16000,1,PCM_16,4.6875,7aa53f9d832de22116bcfb4380a0a48b
Test Set/malayalam_test/Test_set_mal/m70.wav,m70.wav,Malayalam,,test,48000,2,PCM_16,4.272,0805634750dcba24e43a09f9dab29f63
Test Set/malayalam_test/Test_set_mal/m71.wav,m71.wav,Malayalam,,test,48000,2,PCM_16,5.742979166666666,3789829938929c3343303f9961fdad2d
Test Set/malayalam_test/Test_set_mal/m72.wav,m72.wav,Malayalam,,test,48000,2,PCM_16,4.416,a30ae02ae5cae4efc3446a15308dc39c
Test Set/malayalam_test/Test_set_mal/m73.wav,m73.wav,Malayalam,,test,48000,2,PCM_16,9.691291666666666,08c17d134d23642d0f47c119939f564f
Test Set/malayalam_test/Test_set_mal/m74.wav,m74.wav,Malayalam,,test,48000,2,PCM_16,4.32,2488d0e7e1d935c8c6ea016bfb14b9c6
Test Set/malayalam_test/Test_set_mal/m75.wav,m75.wav,Malayalam,,test,48000,2,PCM_16,4.127791666666667,bbbea7996a9f742fab55a24956964304
Test Set/malayalam_test/Test_set_mal/m76.wav,m76.wav,Malayalam,,test,48000,2,PCM_16,4.44,ce71388b091376354ae766bceb53c323
Test Set/malayalam_test/Test_set_mal/m77.wav,m77.wav,Malayalam,,test,48000,2,PCM_16,7.129625,b6fd13b4be721b8a6956b5649863f030
Test Set/malayalam_test/Test_set_mal/m78.wav,m78.wav,Malayalam,,test,48000,2,PCM_16,4.2,4004aa178235ca539fde0610cf484375
Test Set/malayalam_test/Test_set_mal/m79.wav,m79.wav,Malayalam,,test,48000,2,PCM_16,3.8982083333333333,8722392a9cf1a61ffc2249ba149693ef
Test Set/malayalam_test/Test_set_mal/m8.wav,m8.wav,Malayalam,,test,48000,2,PCM_16,3.88175,20772c97d5bb5b5162e70eafc34bed7e
Test Set/malayalam_test/Test_set_mal/m80.wav,m80.wav,Malayalam,,test,48000,2,PCM_16,3.864,2403098e1c08d9cd8b2a964eb5242a10
Test Set/malayalam_test/Test_set_mal/m81.wav,m81.wav,Malayalam,,test,48000,2,PCM_16,2.564625,723bfa7444f6c89ca6279cdcbbe5f772
Test Set/malayalam_test/Test_set_mal/m82.wav,m82.wav,Malayalam,,test,48000,2,PCM_16,3.864,39fda3641ebfb00e2012a57160f90503
Test Set/malayalam_test/Test_set_mal/m83.wav,m83.wav,Malayalam,,test,48000,2,PCM_16,3.4365833333333335,4e75c28d15aa9e62fd65ea41e8eb624e
Test Set/malayalam_test/Test_set_mal/m84.wav,m84.wav,Malayalam,,test,48000,2,PCM_16,3.624,a4fff2f2b1815fc653d208e3af66fc07
Test Set/malayalam_test/Test_set_mal/m85.wav,m85.wav,Malayalam,,test,48000,2,PCM_16,5.796020833333333,71f844e4dc06bcce3878b63ae69e128b
Test Set/malayalam_test/Test_set_mal/m86.wav,m86.wav,Malayalam,,test,48000,2,PCM_16,3.696,8ad348311a31014d3ff183626e8d5d6f
Test Set/malayalam_test/Test_set_mal/m87.wav,m87.wav,Malayalam,,test,48000,2,PCM_16,4.1546666666666665,9baea8965795825f3f08e05451ff9efa
Test Set/malayalam_test/Test_set_mal/m88.wav,m88.wav,Malayalam,,test,48000,2,PCM_16,3.672,7edb27f665f2a7cc76605cb30a12edf4
Test Set/malayalam_test/Test_set_mal/m89.wav,m89.wav,Malayalam,,test,48000,2,PCM_16,5.436979166666666,f735a1cd4fe11e9f9ab48414a97d4a8d
Test Set/malayalam_test/Test_set_mal/m9.wav,m9.wav,Malayalam,,test,16000,1,PCM_16,5.3125,e2fc562cb278f537653c77a1d46c6a9f
Test Set/malayalam_test/Test_set_mal/m90.wav,m90.wav,Malayalam,,test,48000,2,PCM_16,3.912,e6d2607e5b0abff1d3cb0f4649d98ec6
Test Set/malayalam_test/Test_set_mal/m91.wav,m91.wav,Malayalam,,test,48000,2,PCM_16,7.847729166666666,067cfd1a557372105a60c30be045cfbd
Test Set/malayalam_test/Test_set_mal/m92.wav,m92.wav,Malayalam,,test,48000,2,PCM_16,4.104,d915004ac73143fa33402098cca4ba90
Test Set/malayalam_test/Test_set_mal/m93.wav,m93.wav,Malayalam,,test,48000,2,PCM_16,4.1546875,00ed1f65707c5832f7b0b52fb7aabdd3
Test Set/malayalam_test/Test_set_mal/m94.wav,m94.wav,Malayalam,,test,48000,2,PCM_16,4.32,6e220bd1cbec30a60d2b4b090adec412
Test Set/malayalam_test/Test_set_mal/m95.wav,m95.wav,Malayalam,,test,48000,2,PCM_16,3.385291666666667,49156a1496e2027e502769dd0453a55b
Test Set/malayalam_test/Test_set_mal/m96.wav,m96.wav,Malayalam,,test,48000,2,PCM_16,3.672,f95ddeffa21aa0035427db0121445a0c
Test Set/malayalam_test/Test_set_mal/m97.wav,m97.wav,Malayalam,,test,48000,2,PCM_16,2.256854166666667,6130235733e0cf39f77487a73c92c6ef
Test Set/malayalam_test/Test_set_mal/m98.wav,m98.wav,Malayalam,,test,48000,2,PCM_16,3.552,27786cf2b6cb9cc4aa5da02d920e244a
Test Set/malayalam_test/Test_set_mal/m99.wav,m99.wav,Malayalam,,test,48000,2,PCM_16,6.0012083333333335,e930394a3cdfb8797af320fb664fe34f
